,Phylum,abundance
Pseudomonas,Proteobacteria,12309.8
Acinetobacter,Proteobacteria,3411.4
Pseudonocardia,Actinobacteria,1759.6
Crossiella,Actinobacteria,1206.2
Nitrosococcus,Proteobacteria,970
Lysobacter,Proteobacteria,771.4
Halomonas,Proteobacteria,629.8
Nocardioides,Actinobacteria,666.4
Prauserella,Actinobacteria,393
Bacillus,Firmicutes,862
Yersinia,Proteobacteria,398.8
Hyphomicrobium,Proteobacteria,275.6
Arthrobacter,Actinobacteria,212
unidentified_SJA-28,Chlorobi,476.6
Sphingomonas,Proteobacteria,255.6
Aeromicrobium,Actinobacteria,229
Dechloromonas,Proteobacteria,213.4
Actinomycetospora,Actinobacteria,161.4
Planctomyces,Planctomycetes,96.4
Sporichthya,Actinobacteria,151.4
Polaromonas,Proteobacteria,128.4
Marmoricola,Actinobacteria,97.6
Thauera,Proteobacteria,259.4
Steroidobacter,Proteobacteria,119.2
Enterococcus,Firmicutes,140.4
Lentibacter,Proteobacteria,227.2
Thermomonas,Proteobacteria,123.8
Gaiella,Actinobacteria,159.4
Azohydromonas,Proteobacteria,215
Silanimonas,Proteobacteria,179
Streptomyces,Actinobacteria,90.8
Janthinobacterium,Proteobacteria,84
Arcobacter,Proteobacteria,155
Candidatus_Jettenia,Planctomycetes,145.8
Ferruginibacter,Bacteroidetes,72.8
Ignavibacterium,Chlorobi,167.2
Patulibacter,Actinobacteria,83.6
Promicromonospora,Actinobacteria,62
Euzebya,Actinobacteria,78.4
Glaciecola,Proteobacteria,130.4
Owenweeksia,Bacteroidetes,110.8
Parabacteroides,Bacteroidetes,107.4
Lactococcus,Firmicutes,129.4
Parasutterella,Proteobacteria,106.4
Pseudoalteromonas,Proteobacteria,95.8
unidentified_Nitrospiraceae,Nitrospirae,55
Denitratisoma,Proteobacteria,139.2
Nordella,Proteobacteria,68
Pseudospirillum,Proteobacteria,84.4
Akkermansia,Others,85.6
Bacteroides,Bacteroidetes,39.8
Actinokineospora,Actinobacteria,38
Candidatus_Aquiluna,Actinobacteria,95.4
Planktomarina,Proteobacteria,94.8
Vibrio,Proteobacteria,66.4
Woodsholea,Proteobacteria,88.8
Solibacillus,Firmicutes,64.6
Iamia,Actinobacteria,70.2
unidentified_Chloroplast,Others,82.6
unidentified_Ruminococcaceae,Firmicutes,86.8
Haliangium,Proteobacteria,71.8
NS5_marine_group,Bacteroidetes,69.2
Blastocatella,Acidobacteria,83.8
Salinisphaera,Proteobacteria,37
Cloacibacterium,Bacteroidetes,30.8
Robinsoniella,Firmicutes,42.6
Candidatus_Puniceispirillum,Proteobacteria,58.8
Zoogloea,Proteobacteria,39.6
Azoarcus,Proteobacteria,82.2
Rhodanobacter,Proteobacteria,35.4
Candidatus_Pelagibacter,Proteobacteria,37.2
Helicobacter,Proteobacteria,21.2
Candidatus_Kuenenia,Planctomycetes,61.8
Marinobacterium,Proteobacteria,46.4
Solirubrobacter,Actinobacteria,43.6
Plasticicumulans,Proteobacteria,28.8
Pedomicrobium,Proteobacteria,53.2
Paenibacillus,Firmicutes,51.8
NS3a_marine_group,Bacteroidetes,26
Nakamurella,Actinobacteria,30.2
Marinomonas,Proteobacteria,42.4
Candidatus_Captivus,Proteobacteria,18
Sphingopyxis,Proteobacteria,28.6
Aeromonas,Proteobacteria,53.8
Loktanella,Proteobacteria,56
Pirellula,Planctomycetes,23.6
Thermus,Others,50.2
Aneurinibacillus,Firmicutes,59.4
Marinicella,Proteobacteria,35.2
Litoricola,Proteobacteria,36.4
Polycyclovorans,Proteobacteria,40
Amaricoccus,Proteobacteria,21.6
Microlunatus,Actinobacteria,22.2
Candidatus_Entotheonella,Proteobacteria,32
Colwellia,Proteobacteria,30.6
Kribbella,Actinobacteria,33.4
Arenimonas,Proteobacteria,53.8
Sorangium,Proteobacteria,25.4
Candidatus_Actinomarina,Actinobacteria,39.6
Rubellimicrobium,Proteobacteria,22.8
Trichococcus,Firmicutes,15.6
unidentified_OM1_clade,Actinobacteria,51.6
Dokdonella,Proteobacteria,41.6
Nitrosomonas,Proteobacteria,27.6
Clostridium_sensu_stricto_13,Firmicutes,26.6
Peredibacter,Proteobacteria,20.8
unidentified_0319-6A21,Nitrospirae,24.4
Erysipelatoclostridium,Firmicutes,29.8
Glycomyces,Actinobacteria,21.2
Escherichia-Shigella,Proteobacteria,22.8
unidentified_Thaumarchaeota,Others,16.4
Legionella,Proteobacteria,19.6
Comamonas,Proteobacteria,39.6
Cupriavidus,Proteobacteria,20.4
AEGEAN-169_marine_group,Proteobacteria,23.6
Bordetella,Proteobacteria,33.6
Ferribacterium,Proteobacteria,11.6
Reyranella,Proteobacteria,31.6
Lactobacillus,Firmicutes,25.8
unidentified_GR-WP33-30,Proteobacteria,18.6
ML602J-51,Actinobacteria,27.4
Gemmata,Planctomycetes,28
unidentified_OPB56,Chlorobi,36.4
Thalassotalea,Proteobacteria,17.2
Brevundimonas,Proteobacteria,29.2
Panacagrimonas,Proteobacteria,26.2
Pir4_lineage,Planctomycetes,21.2
Acidibacter,Proteobacteria,19.2
Geobacter,Proteobacteria,8.2
Actinophytocola,Actinobacteria,18.2
Aminobacter,Proteobacteria,13.6
Devosia,Proteobacteria,15.6
unidentified_SAR116_clade,Proteobacteria,20.4
Mycobacterium,Actinobacteria,21
Terrimonas,Bacteroidetes,27.2
Amycolatopsis,Actinobacteria,14
Desulfobulbus,Proteobacteria,24
Ruegeria,Proteobacteria,32
unidentified_Nitrosomonadaceae,Proteobacteria,17.6
Thalassospira,Proteobacteria,13.4
unidentified_Rhodospirillaceae,Proteobacteria,18
Truepera,Others,26.6
Beggiatoa,Proteobacteria,21.6
unidentified_Acidobacteria,Acidobacteria,23.8
Flavobacterium,Bacteroidetes,17.8
Variibacter,Proteobacteria,21.6
Azonexus,Proteobacteria,14.6
Polaribacter,Bacteroidetes,19
Chryseobacterium,Bacteroidetes,10
unidentified_Gaiellales,Actinobacteria,24
Stenotrophomonas,Proteobacteria,19
unidentified_Subgroup_7,Acidobacteria,23.2
unidentified_Anaerolineaceae,Chloroflexi,18.4
Bosea,Proteobacteria,10.8
Runella,Bacteroidetes,5.4
Porticoccus,Proteobacteria,14.8
Candidatus_Nitrosoarchaeum,Others,9
Opitutus,Others,17.8
Psychrobium,Proteobacteria,11.4
Bdellovibrio,Proteobacteria,8.8
Christensenellaceae_R-7_group,Firmicutes,9.8
Fusibacter,Firmicutes,10.6
SM1A02,Planctomycetes,16.8
Aquicella,Proteobacteria,17
Aquamicrobium,Proteobacteria,19.4
unidentified_Sandaracinaceae,Proteobacteria,9.4
Romboutsia,Firmicutes,9
Rhodococcus,Actinobacteria,9.6
Singulisphaera,Planctomycetes,7.6
Bauldia,Proteobacteria,12.8
Bryobacter,Acidobacteria,12.6
Chryseolinea,Bacteroidetes,7
Thalassobacter,Proteobacteria,14.4
Marivita,Proteobacteria,10
Candidatus_Nitrotoga,Proteobacteria,7.4
Exiguobacterium,Firmicutes,7.8
Coxiella,Proteobacteria,9.6
Agromyces,Actinobacteria,9.8
Oleispira,Proteobacteria,10.8
Lutimonas,Bacteroidetes,7.4
Marinospirillum,Proteobacteria,6.6
Clostridium_sensu_stricto_7,Firmicutes,5
Sva0081_sediment_group,Proteobacteria,9
Filimonas,Bacteroidetes,5.2
Psychrosphaera,Proteobacteria,7.8
Sulfitobacter,Proteobacteria,8.8
Clostridium_sensu_stricto_12,Firmicutes,7.2
Prosthecobacter,Others,4.4
Alcaligenes,Proteobacteria,7.4
unidentified_SAR11_clade,Proteobacteria,6.4
Sulfurospirillum,Proteobacteria,5.8
Novosphingobium,Proteobacteria,7.6
Microbacterium,Actinobacteria,5.4
Chlorobium,Chlorobi,6.6
Rhodomicrobium,Proteobacteria,5.8
Caldithrix,Others,8.2
Proteiniclasticum,Firmicutes,5.4
Pseudochrobactrum,Proteobacteria,8.2
OM60.NOR5._clade,Proteobacteria,12.8
Azospirillum,Proteobacteria,8.4
Sulfurovum,Proteobacteria,7.6
AKYG587,Planctomycetes,5.4
Crenothrix,Proteobacteria,9.4
Methylophaga,Proteobacteria,7
Ruminiclostridium_5,Firmicutes,2.8
Lentzea,Actinobacteria,5.6
Tolumonas,Proteobacteria,3.8
Shewanella,Proteobacteria,6.8
Luminiphilus,Proteobacteria,7.2
Parvularcula,Proteobacteria,6.2
Photobacterium,Proteobacteria,8.2
Atopostipes,Firmicutes,2.6
unidentified_Planctomycetaceae,Planctomycetes,2.6
Sphingobacterium,Bacteroidetes,4.6
Sulfuritalea,Proteobacteria,9.8
Oleiphilus,Proteobacteria,5.8
Hirschia,Proteobacteria,8.6
Roseomonas,Proteobacteria,6.2
Erythrobacter,Proteobacteria,8
Simiduia,Proteobacteria,7.8
Thiomicrospira,Proteobacteria,3.6
Bilophila,Proteobacteria,6.2
Candidatus_Alysiosphaera,Proteobacteria,7.8
Defluviitaleaceae_UCG-011,Firmicutes,5.4
Oceanospirillum,Proteobacteria,4.4
Tenacibaculum,Bacteroidetes,4.4
unidentified_Gracilibacteria,Others,5
Actinomadura,Actinobacteria,3.2
GAL15,Others,4.4
unidentified_Alteromonadaceae,Proteobacteria,4
Phaselicystis,Proteobacteria,6.2
Flindersiella,Actinobacteria,3.4
Luedemannella,Actinobacteria,4.6
Methylophilus,Proteobacteria,5.2
Sandaracinus,Proteobacteria,7.6
Micropruina,Actinobacteria,2.8
Thalassomonas,Proteobacteria,6.2
Byssovorax,Proteobacteria,5.4
Pseudophaeobacter,Proteobacteria,5.2
unidentified_Oceanospirillales,Proteobacteria,3.8
Halobacteriovorax,Proteobacteria,3.4
BAL58_marine_group,Proteobacteria,4.8
Nocardia,Actinobacteria,4.8
Stackebrandtia,Actinobacteria,5
Rubrobacter,Actinobacteria,4.4
Rhizobium,Proteobacteria,5.8
Defluviicoccus,Proteobacteria,4
Mesorhizobium,Proteobacteria,4.2
Fluviicola,Bacteroidetes,1.8
Psychromonas,Proteobacteria,3.8
Zymomonas,Proteobacteria,3.8
Geothrix,Acidobacteria,4.2
Balneola,Bacteroidetes,3.8
unidentified_Syntrophaceae,Proteobacteria,5
Solitalea,Bacteroidetes,4.4
Pedobacter,Bacteroidetes,6.2
Anaerovorax,Firmicutes,4
Illumatobacter,Actinobacteria,4
Nannocystis,Proteobacteria,3.6
Anaeromyxobacter,Proteobacteria,3.2
Propioniferax,Actinobacteria,2
Rhodobacter,Proteobacteria,4
unidentified_Cyanobacteria,Others,1.6
Staphylococcus,Firmicutes,4.4
unidentified_JTB255_marine_benthic_group,Proteobacteria,3.6
unidentified_Mitochondria,Proteobacteria,1.4
unidentified_DB1-14,Proteobacteria,3.8
Candidatus_Thiobios,Proteobacteria,2.8
Gemmatimonas,Gemmatimonadetes,2.2
Psychrobacter,Proteobacteria,4.6
Ruminiclostridium_1,Firmicutes,4.8
unidentified_Gemmatimonadetes1,Gemmatimonadetes,3.8
Leucothrix,Proteobacteria,2.2
Chthoniobacter,Others,2.6
Ruminiclostridium,Firmicutes,2.6
Thiovirga,Proteobacteria,1.2
Thiobacillus,Proteobacteria,1.6
Ohtaekwangia,Bacteroidetes,3.2
Kineosphaera,Actinobacteria,1.6
Rhizocola,Actinobacteria,1.8
Perlucidibaca,Proteobacteria,2.8
Dictyoglomus,Others,3.8
Desulfatiglans,Proteobacteria,2.6
Clostridium_sensu_stricto_1,Firmicutes,2.4
Altererythrobacter,Proteobacteria,4.8
SEEP-SRB1,Proteobacteria,2
Flavihumibacter,Bacteroidetes,2.2
Morganella,Proteobacteria,2.4
Sanguibacter,Actinobacteria,2.6
Eubacterium_brachy_group,Firmicutes,3
Pseudoxanthomonas,Proteobacteria,4.4
Hoeflea,Proteobacteria,1.4
Clostridium_sensu_stricto_10,Firmicutes,3.2
unidentified_Sva0485,Proteobacteria,1.6
Ornithinicoccus,Actinobacteria,1.4
Sphingosinicella,Proteobacteria,2
Reichenbachiella,Bacteroidetes,3
Parasphingopyxis,Proteobacteria,2.6
Psychrilyobacter,Others,3
Lysinimonas,Actinobacteria,3.6
Acanthopleuribacter,Acidobacteria,1.8
Roseovarius,Proteobacteria,2
Candidatus_Xiphinematobacter,Others,2
Litorilinea,Chloroflexi,1.2
Roseiflexus,Chloroflexi,1.6
Lewinella,Bacteroidetes,1.8
Leptolinea,Chloroflexi,2.4
Arenicella,Proteobacteria,2.2
Sulfurimonas,Proteobacteria,2
Candidatus_Rhabdochlamydia,Others,2.4
Moritella,Proteobacteria,1.6
Turicibacter,Firmicutes,2.2
unidentified_Rhodobacteraceae,Proteobacteria,1.2
Proteocatella,Firmicutes,2
Bythopirellula,Planctomycetes,2.4
Cellvibrio,Proteobacteria,1.8
Roseibacillus,Others,2.8
unidentified_WCHB1-69,Bacteroidetes,3
Thiothrix,Proteobacteria,1.6
Turneriella,Others,3.2
Temperatibacter,Proteobacteria,1.4
Sedimentibacter,Firmicutes,1.8
Fabibacter,Bacteroidetes,1.8
Stella,Proteobacteria,1.6
Syntrophorhabdus,Proteobacteria,2
Isoptericola,Actinobacteria,2
Candidatus_Solibacter,Acidobacteria,3.2
Limnobacter,Proteobacteria,1.4
Terrisporobacter,Firmicutes,1.2
Sporocytophaga,Bacteroidetes,1.4
unidentified_Actinobacteria,Actinobacteria,1.6
Fulvivirga,Bacteroidetes,1.6
Candidatus_Anammoximicrobium,Planctomycetes,2.2
Streptococcus,Firmicutes,1.4
Proteus,Proteobacteria,1.2
unidentified_Cytophagaceae,Bacteroidetes,2
Pelagibacterium,Proteobacteria,1.2
Smithella,Proteobacteria,1.8
CL500-29_marine_group,Actinobacteria,2
Thiobaca,Proteobacteria,1.4
Labrys,Proteobacteria,1.2
I-8,Planctomycetes,2.2
Nitrococcus,Proteobacteria,1.4
unidentified_SAR324_clade.Marine_group_B.,Proteobacteria,1.8
unidentified_Marinimicrobia_.SAR406_clade.,Others,2.2
unidentified_Oligoflexaceae,Proteobacteria,1
Smaragdicoccus,Actinobacteria,1.4
Actinotalea,Actinobacteria,2.2
unidentified_OPB35_soil_group,Others,0.8
Phenylobacterium,Proteobacteria,1.2
Gynuella,Proteobacteria,1
Oceanisphaera,Proteobacteria,1
Rheinheimera,Proteobacteria,1.2
Sporacetigenium,Firmicutes,0.6
Cohnella,Firmicutes,1.2
Pelosinus,Firmicutes,0.6
Fastidiosipila,Firmicutes,1
Jeotgalicoccus,Firmicutes,0.6
Pseudofulvimonas,Proteobacteria,1.4
Chthonomonas,Others,0.6
Litoribacillus,Proteobacteria,1.2
C1-B045,Proteobacteria,0.8
Synechococcus,Others,1.2
Magnetospira,Proteobacteria,1.2
Flavitalea,Bacteroidetes,0.8
Reinekea,Proteobacteria,1.8
Burkholderia,Proteobacteria,1.2
Ahrensia,Proteobacteria,1.4
Sedimenticola,Proteobacteria,2
Adhaeribacter,Bacteroidetes,1.4
Methylobacterium,Proteobacteria,1.4
Wenyingzhuangia,Bacteroidetes,1.2
Rhodobium,Proteobacteria,1.4
Agarivorans,Proteobacteria,1.4
Maricaulis,Proteobacteria,0.8
Clostridium_sensu_stricto_2,Firmicutes,0.8
Gracilibacter,Firmicutes,0.8
Fodinicola,Actinobacteria,1
Zavarzinia,Proteobacteria,2
Croceibacter,Bacteroidetes,1.2
Nitriliruptor,Actinobacteria,1.6
Zavarzinella,Planctomycetes,0.6
Desulfomicrobium,Proteobacteria,2.2
Dysgonomonas,Bacteroidetes,1.2
Lutibacter,Bacteroidetes,1.4
Pseudahrensia,Proteobacteria,2
Neptunomonas,Proteobacteria,1.2
Lacibacter,Bacteroidetes,0.6
Thermincola,Firmicutes,1.2
Vulgatibacter,Proteobacteria,0.8
Persicirhabdus,Others,0.4
Candidatus_Competibacter,Proteobacteria,1
Maribacter,Bacteroidetes,0.6
Intestinibacter,Firmicutes,1
Vogesella,Proteobacteria,0.4
Desulfovibrio,Proteobacteria,1.6
unidentified_OM190,Planctomycetes,0.6
Eubacterium_coprostanoligenes_group,Firmicutes,0.4
Amphritea,Proteobacteria,1.4
Microcoleus,Others,0.6
Elioraea,Proteobacteria,0.8
Peptoclostridium,Firmicutes,1.2
Microbulbifer,Proteobacteria,1.2
Sandaracinobacter,Proteobacteria,0.4
Acetoanaerobium,Firmicutes,0.6
Sphaerochaeta,Others,1
Kistimonas,Proteobacteria,0.4
Phreatobacter,Proteobacteria,1
Olivibacter,Bacteroidetes,1.2
Tomitella,Actinobacteria,0.4
Leptonema,Others,0.8
Hahella,Proteobacteria,0.6
Verrucomicrobium,Others,0.4
Rhodovastum,Proteobacteria,0.4
Oceanibaculum,Proteobacteria,0.8
Micromonospora,Actinobacteria,0.4
Kaistia,Proteobacteria,0.4
Alishewanella,Proteobacteria,0.4
Desulfocella,Proteobacteria,1.2
Gracilimonas,Bacteroidetes,0.4
Streptoalloteichus,Actinobacteria,0.4
Marinifilum,Bacteroidetes,1.2
Niastella,Bacteroidetes,0.4
Buchnera,Proteobacteria,0.4
Isosphaera,Planctomycetes,0.6
Gilvimarinus,Proteobacteria,0.4
Constrictibacter,Proteobacteria,0.6
unidentified_CCM11a,Planctomycetes,0.8
unidentified_OCS116_clade,Proteobacteria,0.6
unidentified_Gemmatimonadetes,Gemmatimonadetes,0.8
possible_genus_04,Others,0.6
unidentified_Xanthomonadaceae,Proteobacteria,1
Algimonas,Proteobacteria,0.6
Phaeodactylibacter,Bacteroidetes,1
Propionibacterium,Actinobacteria,1
Alcanivorax,Proteobacteria,1.2
Sarcina,Firmicutes,0.6
Pseudomaricurvus,Proteobacteria,0.8
Granulosicoccus,Proteobacteria,0.4
Sporolactobacillus,Firmicutes,0.4
Nitrospina,Proteobacteria,0.4
Cetobacterium,Others,0.6
Neisseria,Proteobacteria,0.4
Blastopirellula,Planctomycetes,0.4
Pusillimonas,Proteobacteria,0.6
Pelagicoccus,Others,0.4
Gelria,Firmicutes,0.6
Salinarimonas,Proteobacteria,1
Luteolibacter,Others,0.4
Longispora,Actinobacteria,0.4
Dongia,Proteobacteria,0.8
Eudoraea,Bacteroidetes,0.4
Rhizomicrobium,Proteobacteria,0.4
Brochothrix,Firmicutes,0.6
Shimazuella,Firmicutes,0.4
Kiloniella,Proteobacteria,0.4
Thalassobaculum,Proteobacteria,0.6
Niabella,Bacteroidetes,0.4
Rickettsiella,Proteobacteria,0.6
Deferrisoma,Proteobacteria,0.4
Oscillochloris,Chloroflexi,0.4
Denitrovibrio,Others,0.6
Blvii28_wastewater-sludge_group,Bacteroidetes,0.4
Anaerolinea,Chloroflexi,0.4
vadinBC27_wastewater-sludge_group,Bacteroidetes,0.8
Brachybacterium,Actinobacteria,0.4
Inquilinus,Proteobacteria,0.6
Others,Others,14476.6
