Taxonomy,Ar,Yr,Jr,Wr,Tr,Tax_detail
Pseudomonas,13665,3566,6364,20484,17470,k__Bacteria;p__Proteobacteria;c__Gammaproteobacteria;o__Pseudomonadales;f__Pseudomonadaceae;g__Pseudomonas;
Acinetobacter,4112,887,2492,5139,4427,k__Bacteria;p__Proteobacteria;c__Gammaproteobacteria;o__Pseudomonadales;f__Moraxellaceae;g__Acinetobacter;
Pseudonocardia,242,5048,1780,1474,254,k__Bacteria;p__Actinobacteria;c__unidentified_Actinobacteria;o__Pseudonocardiales;f__Pseudonocardiaceae;g__Pseudonocardia;
Crossiella,159,556,4964,184,168,k__Bacteria;p__Actinobacteria;c__unidentified_Actinobacteria;o__Pseudonocardiales;f__Pseudonocardiaceae;g__Crossiella;
Nitrosococcus,289,397,3575,270,319,k__Bacteria;p__Proteobacteria;c__Gammaproteobacteria;o__Chromatiales;f__Chromatiaceae;g__Nitrosococcus;
Lysobacter,198,2967,348,138,206,k__Bacteria;p__Proteobacteria;c__Gammaproteobacteria;o__Xanthomonadales;f__Xanthomonadaceae;g__Lysobacter;
Halomonas,220,2217,300,169,243,k__Bacteria;p__Proteobacteria;c__Gammaproteobacteria;o__Oceanospirillales;f__Halomonadaceae;g__Halomonas;
Nocardioides,124,1908,244,902,154,k__Bacteria;p__Actinobacteria;c__unidentified_Actinobacteria;o__Propionibacteriales;f__Nocardioidaceae;g__Nocardioides;
Prauserella,48,1710,100,55,52,k__Bacteria;p__Actinobacteria;c__unidentified_Actinobacteria;o__Pseudonocardiales;f__Pseudonocardiaceae;g__Prauserella;
Bacillus,1501,269,532,1274,734,k__Bacteria;p__Firmicutes;c__Bacilli;o__Bacillales;f__Bacillaceae;g__Bacillus;
Yersinia,900,152,192,304,446,k__Bacteria;p__Proteobacteria;c__Gammaproteobacteria;o__Enterobacteriales;f__Enterobacteriaceae;g__Yersinia;
Hyphomicrobium,113,136,146,772,211,k__Bacteria;p__Proteobacteria;c__Alphaproteobacteria;o__Rhizobiales;f__Hyphomicrobiaceae;g__Hyphomicrobium;
Arthrobacter,87,97,73,45,758,k__Bacteria;p__Actinobacteria;c__unidentified_Actinobacteria;o__Micrococcales;f__Micrococcaceae;g__Arthrobacter;
unidentified_SJA-28,551,510,528,335,459,k__Bacteria;p__Chlorobi;c__Chlorobia;o__Chlorobiales;f__SJA-28;g__unidentified_SJA-28;
Sphingomonas,125,142,302,547,162,k__Bacteria;p__Proteobacteria;c__Alphaproteobacteria;o__Sphingomonadales;f__Sphingomonadaceae;g__Sphingomonas;
Aeromicrobium,44,445,74,537,45,k__Bacteria;p__Actinobacteria;c__unidentified_Actinobacteria;o__Propionibacteriales;f__Nocardioidaceae;g__Aeromicrobium;
Dechloromonas,520,294,100,54,99,k__Bacteria;p__Proteobacteria;c__Betaproteobacteria;o__Rhodocyclales;f__Rhodocyclaceae;g__Dechloromonas;
Actinomycetospora,20,112,231,418,26,k__Bacteria;p__Actinobacteria;c__unidentified_Actinobacteria;o__Pseudonocardiales;f__Pseudonocardiaceae;g__Actinomycetospora;
Planctomyces,5,405,17,33,22,k__Bacteria;p__Planctomycetes;c__Planctomycetacia;o__Planctomycetales;f__Planctomycetaceae;g__Planctomyces;
Sporichthya,28,79,228,382,40,k__Bacteria;p__Actinobacteria;c__unidentified_Actinobacteria;o__Frankiales;f__Sporichthyaceae;g__Sporichthya;
Polaromonas,106,44,64,52,376,k__Bacteria;p__Proteobacteria;c__Betaproteobacteria;o__Burkholderiales;f__Comamonadaceae;g__Polaromonas;
Marmoricola,16,52,50,342,28,k__Bacteria;p__Actinobacteria;c__unidentified_Actinobacteria;o__Propionibacteriales;f__Nocardioidaceae;g__Marmoricola;
Thauera,319,208,338,153,279,k__Bacteria;p__Proteobacteria;c__Betaproteobacteria;o__Rhodocyclales;f__Rhodocyclaceae;g__Thauera;
Steroidobacter,62,65,337,49,83,k__Bacteria;p__Proteobacteria;c__Gammaproteobacteria;o__Xanthomonadales;f__unidentified_Xanthomonadales;g__Steroidobacter;
Enterococcus,337,26,191,87,61,k__Bacteria;p__Firmicutes;c__Bacilli;o__Lactobacillales;f__Enterococcaceae;g__Enterococcus;
Lentibacter,291,332,203,180,130,k__Bacteria;p__Proteobacteria;c__Alphaproteobacteria;o__Rhodobacterales;f__Rhodobacteraceae;g__Lentibacter;
Thermomonas,225,325,37,9,23,k__Bacteria;p__Proteobacteria;c__Gammaproteobacteria;o__Xanthomonadales;f__Xanthomonadaceae;g__Thermomonas;
Gaiella,112,66,184,310,125,k__Bacteria;p__Actinobacteria;c__Thermoleophilia;o__Gaiellales;f__Gaiellaceae;g__Gaiella;
Azohydromonas,304,126,265,183,197,k__Bacteria;p__Proteobacteria;c__Betaproteobacteria;o__Burkholderiales;f__Comamonadaceae;g__Azohydromonas;
Silanimonas,172,142,109,207,265,k__Bacteria;p__Proteobacteria;c__Gammaproteobacteria;o__Xanthomonadales;f__Xanthomonadaceae;g__Silanimonas;
Streptomyces,21,262,64,84,23,k__Bacteria;p__Actinobacteria;c__unidentified_Actinobacteria;o__Streptomycetales;f__Streptomycetaceae;g__Streptomyces;
Janthinobacterium,244,60,26,32,58,k__Bacteria;p__Proteobacteria;c__Betaproteobacteria;o__Burkholderiales;f__Oxalobacteraceae;g__Janthinobacterium;
Arcobacter,50,55,239,220,211,k__Bacteria;p__Proteobacteria;c__Epsilonproteobacteria;o__Campylobacterales;f__Campylobacteraceae;g__Arcobacter;
Candidatus_Jettenia,113,114,237,117,148,k__Bacteria;p__Planctomycetes;c__Planctomycetacia;o__Brocadiales;f__Brocadiaceae;g__Candidatus_Jettenia;
Ferruginibacter,132,223,3,2,4,k__Bacteria;p__Bacteroidetes;c__Sphingobacteriia;o__Sphingobacteriales;f__Chitinophagaceae;g__Ferruginibacter;
Ignavibacterium,151,180,219,114,172,k__Bacteria;p__Chlorobi;c__Ignavibacteria;o__Ignavibacteriales;f__Ignavibacteriaceae;g__Ignavibacterium;
Patulibacter,34,37,98,216,33,k__Bacteria;p__Actinobacteria;c__Thermoleophilia;o__Solirubrobacterales;f__Patulibacteraceae;g__Patulibacter;
Promicromonospora,14,211,32,21,32,k__Bacteria;p__Actinobacteria;c__unidentified_Actinobacteria;o__Micrococcales;f__Promicromonosporaceae;g__Promicromonospora;
Euzebya,39,91,203,23,36,k__Bacteria;p__Actinobacteria;c__Nitriliruptoria;o__Euzebyales;f__Euzebyaceae;g__Euzebya;
Glaciecola,200,198,126,85,43,k__Bacteria;p__Proteobacteria;c__Gammaproteobacteria;o__Alteromonadales;f__Alteromonadaceae;g__Glaciecola;
Owenweeksia,167,197,84,66,40,k__Bacteria;p__Bacteroidetes;c__Flavobacteriia;o__Flavobacteriales;f__Cryomorphaceae;g__Owenweeksia;
Parabacteroides,195,27,151,55,109,k__Bacteria;p__Bacteroidetes;c__Bacteroidia;o__Bacteroidales;f__Porphyromonadaceae;g__Parabacteroides;
Lactococcus,194,39,149,193,72,k__Bacteria;p__Firmicutes;c__Bacilli;o__Lactobacillales;f__Streptococcaceae;g__Lactococcus;
Parasutterella,189,19,150,100,74,k__Bacteria;p__Proteobacteria;c__Betaproteobacteria;o__Burkholderiales;f__Alcaligenaceae;g__Parasutterella;
Pseudoalteromonas,44,61,183,121,70,k__Bacteria;p__Proteobacteria;c__Gammaproteobacteria;o__Alteromonadales;f__Pseudoalteromonadaceae;g__Pseudoalteromonas;
unidentified_Nitrospiraceae,36,14,19,179,27,k__Bacteria;p__Nitrospirae;c__Nitrospira;o__Nitrospirales;f__Nitrospiraceae;g__unidentified_Nitrospiraceae;
Denitratisoma,169,125,175,86,141,k__Bacteria;p__Proteobacteria;c__Betaproteobacteria;o__Rhodocyclales;f__Rhodocyclaceae;g__Denitratisoma;
Nordella,36,41,165,39,59,k__Bacteria;p__Proteobacteria;c__Alphaproteobacteria;o__Rhizobiales;f__unidentified_Rhizobiales;g__Nordella;
Pseudospirillum,159,153,58,32,20,k__Bacteria;p__Proteobacteria;c__Gammaproteobacteria;o__Oceanospirillales;f__Oceanospirillaceae;g__Pseudospirillum;
Akkermansia,74,115,67,148,24,k__Bacteria;p__Verrucomicrobia;c__Verrucomicrobiae;o__Verrucomicrobiales;f__Verrucomicrobiaceae;g__Akkermansia;
Bacteroides,5,4,1,148,41,k__Bacteria;p__Bacteroidetes;c__Bacteroidia;o__Bacteroidales;f__Bacteroidaceae;g__Bacteroides;
Actinokineospora,6,147,20,10,7,k__Bacteria;p__Actinobacteria;c__unidentified_Actinobacteria;o__Pseudonocardiales;f__Pseudonocardiaceae;g__Actinokineospora;
Candidatus_Aquiluna,124,139,101,74,39,k__Bacteria;p__Actinobacteria;c__unidentified_Actinobacteria;o__Micrococcales;f__Microbacteriaceae;g__Candidatus_Aquiluna;
Planktomarina,133,139,79,50,73,k__Bacteria;p__Proteobacteria;c__Alphaproteobacteria;o__Rhodobacterales;f__Rhodobacteraceae;g__Planktomarina;
Vibrio,35,39,139,80,39,k__Bacteria;p__Proteobacteria;c__Gammaproteobacteria;o__Vibrionales;f__Vibrionaceae;g__Vibrio;
Woodsholea,110,58,138,56,82,k__Bacteria;p__Proteobacteria;c__Alphaproteobacteria;o__Caulobacterales;f__Hyphomonadaceae;g__Woodsholea;
Solibacillus,82,34,36,33,138,k__Bacteria;p__Firmicutes;c__Bacilli;o__Bacillales;f__Planococcaceae;g__Solibacillus;
Iamia,56,54,56,138,47,k__Bacteria;p__Actinobacteria;c__Acidimicrobiia;o__Acidimicrobiales;f__Iamiaceae;g__Iamia;
unidentified_Chloroplast,99,135,99,54,26,k__Bacteria;p__Cyanobacteria;c__Chloroplast;o__unidentified_Chloroplast;f__unidentified_Chloroplast;g__unidentified_Chloroplast;
unidentified_Ruminococcaceae,115,28,132,47,112,k__Bacteria;p__Firmicutes;c__Clostridia;o__Clostridiales;f__Ruminococcaceae;g__unidentified_Ruminococcaceae;
Haliangium,51,48,71,58,131,k__Bacteria;p__Proteobacteria;c__Deltaproteobacteria;o__Myxococcales;f__Haliangiaceae;g__Haliangium;
NS5_marine_group,130,127,46,31,12,k__Bacteria;p__Bacteroidetes;c__Flavobacteriia;o__Flavobacteriales;f__Flavobacteriaceae;g__NS5_marine_group;
Blastocatella,29,128,104,102,56,k__Bacteria;p__Acidobacteria;c__unidentified_Acidobacteria;o__Subgroup_4;f__unidentified_Acidobacteria;g__Blastocatella;
Salinisphaera,17,125,20,10,13,k__Bacteria;p__Proteobacteria;c__Gammaproteobacteria;o__Salinisphaerales;f__Salinisphaeraceae;g__Salinisphaera;
Cloacibacterium,0,0,123,16,15,k__Bacteria;p__Bacteroidetes;c__Flavobacteriia;o__Flavobacteriales;f__Flavobacteriaceae;g__Cloacibacterium;
Robinsoniella,59,5,116,13,20,k__Bacteria;p__Firmicutes;c__Clostridia;o__Clostridiales;f__Lachnospiraceae;g__Robinsoniella;
Candidatus_Puniceispirillum,107,115,44,22,6,k__Bacteria;p__Proteobacteria;c__Alphaproteobacteria;o__Rickettsiales;f__SAR116_clade;g__Candidatus_Puniceispirillum;
Zoogloea,109,5,31,25,28,k__Bacteria;p__Proteobacteria;c__Betaproteobacteria;o__Rhodocyclales;f__Rhodocyclaceae;g__Zoogloea;
Azoarcus,107,66,89,58,91,k__Bacteria;p__Proteobacteria;c__Betaproteobacteria;o__Rhodocyclales;f__Rhodocyclaceae;g__Azoarcus;
Rhodanobacter,105,62,6,1,3,k__Bacteria;p__Proteobacteria;c__Gammaproteobacteria;o__Xanthomonadales;f__Xanthomonadaceae;g__Rhodanobacter;
Candidatus_Pelagibacter,57,105,11,12,1,k__Bacteria;p__Proteobacteria;c__Alphaproteobacteria;o__SAR11_clade;f__Surface_1;g__Candidatus_Pelagibacter;
Helicobacter,1,4,100,0,1,k__Bacteria;p__Proteobacteria;c__Epsilonproteobacteria;o__Campylobacterales;f__Helicobacteraceae;g__Helicobacter;
Candidatus_Kuenenia,40,59,99,49,62,k__Bacteria;p__Planctomycetes;c__Planctomycetacia;o__Brocadiales;f__Brocadiaceae;g__Candidatus_Kuenenia;
Marinobacterium,93,77,36,17,9,k__Bacteria;p__Proteobacteria;c__Gammaproteobacteria;o__Oceanospirillales;f__Oceanospirillaceae;g__Marinobacterium;
Solirubrobacter,11,27,68,92,20,k__Bacteria;p__Actinobacteria;c__Thermoleophilia;o__Solirubrobacterales;f__Solirubrobacteraceae;g__Solirubrobacter;
Plasticicumulans,14,13,18,10,89,k__Bacteria;p__Proteobacteria;c__Gammaproteobacteria;o__Xanthomonadales;f__unidentified_Xanthomonadales;g__Plasticicumulans;
Pedomicrobium,55,36,45,41,89,k__Bacteria;p__Proteobacteria;c__Alphaproteobacteria;o__Rhizobiales;f__Hyphomicrobiaceae;g__Pedomicrobium;
Paenibacillus,50,35,46,88,40,k__Bacteria;p__Firmicutes;c__Bacilli;o__Bacillales;f__Paenibacillaceae;g__Paenibacillus;
NS3a_marine_group,87,13,13,10,7,k__Bacteria;p__Bacteroidetes;c__Flavobacteriia;o__Flavobacteriales;f__Flavobacteriaceae;g__NS3a_marine_group;
Nakamurella,39,84,6,6,16,k__Bacteria;p__Actinobacteria;c__unidentified_Actinobacteria;o__Frankiales;f__Nakamurellaceae;g__Nakamurella;
Marinomonas,12,9,82,69,40,k__Bacteria;p__Proteobacteria;c__Gammaproteobacteria;o__Oceanospirillales;f__Oceanospirillaceae;g__Marinomonas;
Candidatus_Captivus,1,82,1,2,4,k__Bacteria;p__Proteobacteria;c__Alphaproteobacteria;o__Rickettsiales;f__unidentified_Rickettsiales;g__Candidatus_Captivus;
Sphingopyxis,17,82,26,13,5,k__Bacteria;p__Proteobacteria;c__Alphaproteobacteria;o__Sphingomonadales;f__Sphingomonadaceae;g__Sphingopyxis;
Aeromonas,71,48,31,79,40,k__Bacteria;p__Proteobacteria;c__Gammaproteobacteria;o__Aeromonadales;f__Aeromonadaceae;g__Aeromonas;
Loktanella,76,74,67,33,30,k__Bacteria;p__Proteobacteria;c__Alphaproteobacteria;o__Rhodobacterales;f__Rhodobacteraceae;g__Loktanella;
Pirellula,13,19,73,7,6,k__Bacteria;p__Planctomycetes;c__Planctomycetacia;o__Planctomycetales;f__Planctomycetaceae;g__Pirellula;
Thermus,56,23,30,72,70,k__Bacteria;p__Deinococcus-Thermus;c__Deinococci;o__Thermales;f__Thermaceae;g__Thermus;
Aneurinibacillus,53,56,69,48,71,k__Bacteria;p__Firmicutes;c__Bacilli;o__Bacillales;f__Paenibacillaceae;g__Aneurinibacillus;
Marinicella,10,9,57,30,70,k__Bacteria;p__Proteobacteria;c__Gammaproteobacteria;o__unidentified_Gammaproteobacteria;f__unidentified_Gammaproteobacteria;g__Marinicella;
Litoricola,69,70,20,15,8,k__Bacteria;p__Proteobacteria;c__Gammaproteobacteria;o__Oceanospirillales;f__Litoricolaceae;g__Litoricola;
Polycyclovorans,41,24,46,20,69,k__Bacteria;p__Proteobacteria;c__Gammaproteobacteria;o__Xanthomonadales;f__Solimonadaceae;g__Polycyclovorans;
Amaricoccus,8,10,10,11,69,k__Bacteria;p__Proteobacteria;c__Alphaproteobacteria;o__Rhodobacterales;f__Rhodobacteraceae;g__Amaricoccus;
Microlunatus,5,69,19,8,10,k__Bacteria;p__Actinobacteria;c__unidentified_Actinobacteria;o__Propionibacteriales;f__Propionibacteriaceae;g__Microlunatus;
Candidatus_Entotheonella,43,15,28,7,67,k__Bacteria;p__Proteobacteria;c__Deltaproteobacteria;o__Desulfobacterales;f__Nitrospinaceae;g__Candidatus_Entotheonella;
Colwellia,10,11,66,46,20,k__Bacteria;p__Proteobacteria;c__Gammaproteobacteria;o__Alteromonadales;f__Colwelliaceae;g__Colwellia;
Kribbella,16,37,65,39,10,k__Bacteria;p__Actinobacteria;c__unidentified_Actinobacteria;o__Propionibacteriales;f__Nocardioidaceae;g__Kribbella;
Arenimonas,46,65,64,37,57,k__Bacteria;p__Proteobacteria;c__Gammaproteobacteria;o__Xanthomonadales;f__Xanthomonadaceae;g__Arenimonas;
Sorangium,38,64,6,7,12,k__Bacteria;p__Proteobacteria;c__Deltaproteobacteria;o__Myxococcales;f__Polyangiaceae;g__Sorangium;
Candidatus_Actinomarina,63,51,45,26,13,k__Bacteria;p__Actinobacteria;c__Acidimicrobiia;o__Acidimicrobiales;f__OM1_clade;g__Candidatus_Actinomarina;
Rubellimicrobium,19,16,11,6,62,k__Bacteria;p__Proteobacteria;c__Alphaproteobacteria;o__Rhodobacterales;f__Rhodobacteraceae;g__Rubellimicrobium;
Trichococcus,9,62,1,4,2,k__Bacteria;p__Firmicutes;c__Bacilli;o__Lactobacillales;f__Carnobacteriaceae;g__Trichococcus;
unidentified_OM1_clade,48,57,61,40,52,k__Bacteria;p__Actinobacteria;c__Acidimicrobiia;o__Acidimicrobiales;f__OM1_clade;g__unidentified_OM1_clade;
Dokdonella,40,37,60,34,37,k__Bacteria;p__Proteobacteria;c__Gammaproteobacteria;o__Xanthomonadales;f__Xanthomonadaceae;g__Dokdonella;
Nitrosomonas,58,11,15,13,41,k__Bacteria;p__Proteobacteria;c__Betaproteobacteria;o__Nitrosomonadales;f__Nitrosomonadaceae;g__Nitrosomonas;
Clostridium_sensu_stricto_13,2,1,41,58,31,k__Bacteria;p__Firmicutes;c__Clostridia;o__Clostridiales;f__Clostridiaceae_1;g__Clostridium_sensu_stricto_13;
Peredibacter,7,5,56,14,22,k__Bacteria;p__Proteobacteria;c__Deltaproteobacteria;o__Bdellovibrionales;f__Bacteriovoracaceae;g__Peredibacter;
unidentified_0319-6A21,18,14,56,6,28,k__Bacteria;p__Nitrospirae;c__Nitrospira;o__Nitrospirales;f__0319-6A21;g__unidentified_0319-6A21;
Erysipelatoclostridium,40,1,55,25,28,k__Bacteria;p__Firmicutes;c__Erysipelotrichia;o__Erysipelotrichales;f__Erysipelotrichaceae;g__Erysipelatoclostridium;
Glycomyces,8,55,17,13,13,k__Bacteria;p__Actinobacteria;c__unidentified_Actinobacteria;o__Glycomycetales;f__Glycomycetaceae;g__Glycomyces;
Escherichia-Shigella,55,8,13,25,13,k__Bacteria;p__Proteobacteria;c__Gammaproteobacteria;o__Enterobacteriales;f__Enterobacteriaceae;g__Escherichia-Shigella;
unidentified_Thaumarchaeota,55,0,0,0,27,k__Archaea;p__Thaumarchaeota;c__unidentified_Thaumarchaeota;o__unidentified_Thaumarchaeota;f__unidentified_Thaumarchaeota;g__unidentified_Thaumarchaeota;
Legionella,5,20,7,53,13,k__Bacteria;p__Proteobacteria;c__Gammaproteobacteria;o__Legionellales;f__Legionellaceae;g__Legionella;
Comamonas,52,29,49,20,48,k__Bacteria;p__Proteobacteria;c__Betaproteobacteria;o__Burkholderiales;f__Comamonadaceae;g__Comamonas;
Cupriavidus,24,6,13,7,52,k__Bacteria;p__Proteobacteria;c__Betaproteobacteria;o__Burkholderiales;f__Burkholderiaceae;g__Cupriavidus;
AEGEAN-169_marine_group,31,52,20,13,2,k__Bacteria;p__Proteobacteria;c__Alphaproteobacteria;o__Rhodospirillales;f__Rhodospirillaceae;g__AEGEAN-169_marine_group;
Bordetella,27,16,26,49,50,k__Bacteria;p__Proteobacteria;c__Betaproteobacteria;o__Burkholderiales;f__Alcaligenaceae;g__Bordetella;
Ferribacterium,50,1,1,1,5,k__Bacteria;p__Proteobacteria;c__Betaproteobacteria;o__Rhodocyclales;f__Rhodocyclaceae;g__Ferribacterium;
Reyranella,19,20,48,47,24,k__Bacteria;p__Proteobacteria;c__Alphaproteobacteria;o__Rhodospirillales;f__unidentified_Rhodospirillales;g__Reyranella;
Lactobacillus,46,13,21,18,31,k__Bacteria;p__Firmicutes;c__Bacilli;o__Lactobacillales;f__Lactobacillaceae;g__Lactobacillus;
unidentified_GR-WP33-30,12,13,46,4,18,k__Bacteria;p__Proteobacteria;c__Deltaproteobacteria;o__GR-WP33-30;f__unidentified_GR-WP33-30;g__unidentified_GR-WP33-30;
ML602J-51,45,27,33,16,16,k__Bacteria;p__Actinobacteria;c__unidentified_Actinobacteria;o__Micrococcales;f__Microbacteriaceae;g__ML602J-51;
Gemmata,14,35,27,44,20,k__Bacteria;p__Planctomycetes;c__Planctomycetacia;o__Planctomycetales;f__Planctomycetaceae;g__Gemmata;
unidentified_OPB56,42,35,35,29,41,k__Bacteria;p__Chlorobi;c__Chlorobia;o__Chlorobiales;f__OPB56;g__unidentified_OPB56;
Thalassotalea,8,4,42,23,9,k__Bacteria;p__Proteobacteria;c__Gammaproteobacteria;o__Alteromonadales;f__Colwelliaceae;g__Thalassotalea;
Brevundimonas,22,18,30,34,42,k__Bacteria;p__Proteobacteria;c__Alphaproteobacteria;o__Caulobacterales;f__Caulobacteraceae;g__Brevundimonas;
Panacagrimonas,28,15,29,41,18,k__Bacteria;p__Proteobacteria;c__Gammaproteobacteria;o__Xanthomonadales;f__Xanthomonadaceae;g__Panacagrimonas;
Pir4_lineage,12,33,40,12,9,k__Bacteria;p__Planctomycetes;c__Planctomycetacia;o__Planctomycetales;f__Planctomycetaceae;g__Pir4_lineage;
Acidibacter,14,9,40,9,24,k__Bacteria;p__Proteobacteria;c__Gammaproteobacteria;o__Xanthomonadales;f__unidentified_Xanthomonadales;g__Acidibacter;
Geobacter,39,0,0,0,2,k__Bacteria;p__Proteobacteria;c__Deltaproteobacteria;o__Desulfuromonadales;f__Geobacteraceae;g__Geobacter;
Actinophytocola,7,39,32,10,3,k__Bacteria;p__Actinobacteria;c__unidentified_Actinobacteria;o__Pseudonocardiales;f__Pseudonocardiaceae;g__Actinophytocola;
Aminobacter,4,5,14,38,7,k__Bacteria;p__Proteobacteria;c__Alphaproteobacteria;o__Rhizobiales;f__Phyllobacteriaceae;g__Aminobacter;
Devosia,4,38,10,6,20,k__Bacteria;p__Proteobacteria;c__Alphaproteobacteria;o__Rhizobiales;f__Hyphomicrobiaceae;g__Devosia;
unidentified_SAR116_clade,38,35,16,11,2,k__Bacteria;p__Proteobacteria;c__Alphaproteobacteria;o__Rickettsiales;f__SAR116_clade;g__unidentified_SAR116_clade;
Mycobacterium,6,37,33,9,20,k__Bacteria;p__Actinobacteria;c__unidentified_Actinobacteria;o__Corynebacteriales;f__Mycobacteriaceae;g__Mycobacterium;
Terrimonas,21,37,32,17,29,k__Bacteria;p__Bacteroidetes;c__Sphingobacteriia;o__Sphingobacteriales;f__Chitinophagaceae;g__Terrimonas;
Amycolatopsis,4,23,5,36,2,k__Bacteria;p__Actinobacteria;c__unidentified_Actinobacteria;o__Pseudonocardiales;f__Pseudonocardiaceae;g__Amycolatopsis;
Desulfobulbus,9,13,36,27,35,k__Bacteria;p__Proteobacteria;c__Deltaproteobacteria;o__Desulfobacterales;f__Desulfobulbaceae;g__Desulfobulbus;
Ruegeria,36,29,35,29,31,k__Bacteria;p__Proteobacteria;c__Alphaproteobacteria;o__Rhodobacterales;f__Rhodobacteraceae;g__Ruegeria;
unidentified_Nitrosomonadaceae,36,15,17,6,14,k__Bacteria;p__Proteobacteria;c__Betaproteobacteria;o__Nitrosomonadales;f__Nitrosomonadaceae;g__unidentified_Nitrosomonadaceae;
Thalassospira,2,1,36,22,6,k__Bacteria;p__Proteobacteria;c__Alphaproteobacteria;o__Rhodospirillales;f__Rhodospirillaceae;g__Thalassospira;
unidentified_Rhodospirillaceae,15,11,9,35,20,k__Bacteria;p__Proteobacteria;c__Alphaproteobacteria;o__Rhodospirillales;f__Rhodospirillaceae;g__unidentified_Rhodospirillaceae;
Truepera,25,26,35,17,30,k__Bacteria;p__Deinococcus-Thermus;c__Deinococci;o__Deinococcales;f__Trueperaceae;g__Truepera;
Beggiatoa,22,10,13,29,34,k__Bacteria;p__Proteobacteria;c__Gammaproteobacteria;o__Thiotrichales;f__Thiotrichaceae;g__Beggiatoa;
unidentified_Acidobacteria,20,12,33,23,31,k__Bacteria;p__Acidobacteria;c__unidentified_Acidobacteria;o__Subgroup_6;f__unidentified_Acidobacteria;g__unidentified_Acidobacteria;
Flavobacterium,33,3,30,7,16,k__Bacteria;p__Bacteroidetes;c__Flavobacteriia;o__Flavobacteriales;f__Flavobacteriaceae;g__Flavobacterium;
Variibacter,23,10,22,21,32,k__Bacteria;p__Proteobacteria;c__Alphaproteobacteria;o__Rhizobiales;f__Xanthobacteraceae;g__Variibacter;
Azonexus,9,3,8,21,32,k__Bacteria;p__Proteobacteria;c__Betaproteobacteria;o__Rhodocyclales;f__Rhodocyclaceae;g__Azonexus;
Polaribacter,32,18,20,13,12,k__Bacteria;p__Bacteroidetes;c__Flavobacteriia;o__Flavobacteriales;f__Flavobacteriaceae;g__Polaribacter;
Chryseobacterium,7,1,31,8,3,k__Bacteria;p__Bacteroidetes;c__Flavobacteriia;o__Flavobacteriales;f__Flavobacteriaceae;g__Chryseobacterium;
unidentified_Gaiellales,29,10,30,31,20,k__Bacteria;p__Actinobacteria;c__Thermoleophilia;o__Gaiellales;f__unidentified_Gaiellales;g__unidentified_Gaiellales;
Stenotrophomonas,31,11,11,14,28,k__Bacteria;p__Proteobacteria;c__Gammaproteobacteria;o__Xanthomonadales;f__Xanthomonadaceae;g__Stenotrophomonas;
unidentified_Subgroup_7,18,24,31,14,29,k__Bacteria;p__Acidobacteria;c__Holophagae;o__Subgroup_7;f__unidentified_Subgroup_7;g__unidentified_Subgroup_7;
unidentified_Anaerolineaceae,15,9,29,20,19,k__Bacteria;p__Chloroflexi;c__Anaerolineae;o__Anaerolineales;f__Anaerolineaceae;g__unidentified_Anaerolineaceae;
Bosea,13,3,5,6,27,k__Bacteria;p__Proteobacteria;c__Alphaproteobacteria;o__Rhizobiales;f__Bradyrhizobiaceae;g__Bosea;
Runella,27,0,0,0,0,k__Bacteria;p__Bacteroidetes;c__Cytophagia;o__Cytophagales;f__Cytophagaceae;g__Runella;
Porticoccus,25,27,14,4,4,k__Bacteria;p__Proteobacteria;c__Gammaproteobacteria;o__Cellvibrionales;f__Porticoccaceae;g__Porticoccus;
Candidatus_Nitrosoarchaeum,26,0,3,1,15,k__Archaea;p__Thaumarchaeota;c__unidentified_Thaumarchaeota;o__unidentified_Thaumarchaeota;f__unidentified_Thaumarchaeota;g__Candidatus_Nitrosoarchaeum;
Opitutus,12,25,20,11,21,k__Bacteria;p__Verrucomicrobia;c__Opitutae;o__Opitutales;f__Opitutaceae;g__Opitutus;
Psychrobium,5,14,25,6,7,k__Bacteria;p__Proteobacteria;c__Gammaproteobacteria;o__Alteromonadales;f__Shewanellaceae;g__Psychrobium;
Bdellovibrio,4,12,3,24,1,k__Bacteria;p__Proteobacteria;c__Deltaproteobacteria;o__Bdellovibrionales;f__Bdellovibrionaceae;g__Bdellovibrio;
Christensenellaceae_R-7_group,1,1,12,11,24,k__Bacteria;p__Firmicutes;c__Clostridia;o__Clostridiales;f__Christensenellaceae;g__Christensenellaceae_R-7_group;
Fusibacter,1,4,16,8,24,k__Bacteria;p__Firmicutes;c__Clostridia;o__Clostridiales;f__Family_XII;g__Fusibacter;
SM1A02,23,12,24,20,5,k__Bacteria;p__Planctomycetes;c__Phycisphaerae;o__Phycisphaerales;f__Phycisphaeraceae;g__SM1A02;
Aquicella,14,19,7,22,23,k__Bacteria;p__Proteobacteria;c__Gammaproteobacteria;o__Legionellales;f__Coxiellaceae;g__Aquicella;
Aquamicrobium,13,23,22,17,22,k__Bacteria;p__Proteobacteria;c__Alphaproteobacteria;o__Rhizobiales;f__Phyllobacteriaceae;g__Aquamicrobium;
unidentified_Sandaracinaceae,5,2,22,4,14,k__Bacteria;p__Proteobacteria;c__Deltaproteobacteria;o__Myxococcales;f__Sandaracinaceae;g__unidentified_Sandaracinaceae;
Romboutsia,0,1,5,22,17,k__Bacteria;p__Firmicutes;c__Clostridia;o__Clostridiales;f__Peptostreptococcaceae;g__Romboutsia;
Rhodococcus,9,7,22,6,4,k__Bacteria;p__Actinobacteria;c__unidentified_Actinobacteria;o__Corynebacteriales;f__Nocardiaceae;g__Rhodococcus;
Singulisphaera,1,22,2,8,5,k__Bacteria;p__Planctomycetes;c__Planctomycetacia;o__Planctomycetales;f__Planctomycetaceae;g__Singulisphaera;
Bauldia,4,10,21,7,22,k__Bacteria;p__Proteobacteria;c__Alphaproteobacteria;o__Rhizobiales;f__unidentified_Rhizobiales;g__Bauldia;
Bryobacter,19,7,22,9,6,k__Bacteria;p__Acidobacteria;c__unidentified_Acidobacteria;o__Subgroup_3;f__unidentified_Acidobacteria;g__Bryobacter;
Chryseolinea,5,7,21,0,2,k__Bacteria;p__Bacteroidetes;c__Cytophagia;o__Cytophagales;f__Cytophagaceae;g__Chryseolinea;
Thalassobacter,20,13,14,13,12,k__Bacteria;p__Proteobacteria;c__Alphaproteobacteria;o__Rhodobacterales;f__Rhodobacteraceae;g__Thalassobacter;
Marivita,8,10,20,5,7,k__Bacteria;p__Proteobacteria;c__Alphaproteobacteria;o__Rhodobacterales;f__Rhodobacteraceae;g__Marivita;
Candidatus_Nitrotoga,5,9,2,1,20,k__Bacteria;p__Proteobacteria;c__Betaproteobacteria;o__Nitrosomonadales;f__Gallionellaceae;g__Candidatus_Nitrotoga;
Exiguobacterium,6,0,19,8,6,k__Bacteria;p__Firmicutes;c__Bacilli;o__Bacillales;f__Family_XII;g__Exiguobacterium;
Coxiella,5,7,4,13,19,k__Bacteria;p__Proteobacteria;c__Gammaproteobacteria;o__Legionellales;f__Coxiellaceae;g__Coxiella;
Agromyces,6,7,7,19,10,k__Bacteria;p__Actinobacteria;c__unidentified_Actinobacteria;o__Micrococcales;f__Microbacteriaceae;g__Agromyces;
Oleispira,8,9,18,11,8,k__Bacteria;p__Proteobacteria;c__Gammaproteobacteria;o__Oceanospirillales;f__Oceanospirillaceae;g__Oleispira;
Lutimonas,0,0,10,9,18,k__Bacteria;p__Bacteroidetes;c__Flavobacteriia;o__Flavobacteriales;f__Flavobacteriaceae;g__Lutimonas;
Marinospirillum,0,0,18,10,5,k__Bacteria;p__Proteobacteria;c__Gammaproteobacteria;o__Oceanospirillales;f__Oceanospirillaceae;g__Marinospirillum;
Clostridium_sensu_stricto_7,0,0,2,18,5,k__Bacteria;p__Firmicutes;c__Clostridia;o__Clostridiales;f__Clostridiaceae_1;g__Clostridium_sensu_stricto_7;
Sva0081_sediment_group,3,5,5,18,14,k__Bacteria;p__Proteobacteria;c__Deltaproteobacteria;o__Desulfobacterales;f__Desulfobacteraceae;g__Sva0081_sediment_group;
Filimonas,4,18,2,1,1,k__Bacteria;p__Bacteroidetes;c__Sphingobacteriia;o__Sphingobacteriales;f__Chitinophagaceae;g__Filimonas;
Psychrosphaera,10,3,18,2,6,k__Bacteria;p__Proteobacteria;c__Gammaproteobacteria;o__Alteromonadales;f__Pseudoalteromonadaceae;g__Psychrosphaera;
Sulfitobacter,2,3,15,7,17,k__Bacteria;p__Proteobacteria;c__Alphaproteobacteria;o__Rhodobacterales;f__Rhodobacteraceae;g__Sulfitobacter;
Clostridium_sensu_stricto_12,0,0,3,17,16,k__Bacteria;p__Firmicutes;c__Clostridia;o__Clostridiales;f__Clostridiaceae_1;g__Clostridium_sensu_stricto_12;
Prosthecobacter,17,3,1,0,1,k__Bacteria;p__Verrucomicrobia;c__Verrucomicrobiae;o__Verrucomicrobiales;f__Verrucomicrobiaceae;g__Prosthecobacter;
Alcaligenes,5,2,3,17,10,k__Bacteria;p__Proteobacteria;c__Betaproteobacteria;o__Burkholderiales;f__Alcaligenaceae;g__Alcaligenes;
unidentified_SAR11_clade,8,17,2,4,1,k__Bacteria;p__Proteobacteria;c__Alphaproteobacteria;o__SAR11_clade;f__unidentified_SAR11_clade;g__unidentified_SAR11_clade;
Sulfurospirillum,0,1,4,7,17,k__Bacteria;p__Proteobacteria;c__Epsilonproteobacteria;o__Campylobacterales;f__Campylobacteraceae;g__Sulfurospirillum;
Novosphingobium,4,4,13,1,16,k__Bacteria;p__Proteobacteria;c__Alphaproteobacteria;o__Sphingomonadales;f__Sphingomonadaceae;g__Novosphingobium;
Microbacterium,2,16,2,2,5,k__Bacteria;p__Actinobacteria;c__unidentified_Actinobacteria;o__Micrococcales;f__Microbacteriaceae;g__Microbacterium;
Chlorobium,0,0,12,5,16,k__Bacteria;p__Chlorobi;c__Chlorobia;o__Chlorobiales;f__Chlorobiaceae;g__Chlorobium;
Rhodomicrobium,5,5,16,1,2,k__Bacteria;p__Proteobacteria;c__Alphaproteobacteria;o__Rhizobiales;f__Hyphomicrobiaceae;g__Rhodomicrobium;
Caldithrix,9,4,8,5,15,k__Bacteria;p__Deferribacteres;c__unidentified_Deferribacteres;o__unidentified_Deferribacteres;f__unidentified_Deferribacteres;g__Caldithrix;
Proteiniclasticum,0,0,7,5,15,k__Bacteria;p__Firmicutes;c__Clostridia;o__Clostridiales;f__Clostridiaceae_1;g__Proteiniclasticum;
Pseudochrobactrum,7,9,5,15,5,k__Bacteria;p__Proteobacteria;c__Alphaproteobacteria;o__Rhizobiales;f__Brucellaceae;g__Pseudochrobactrum;
OM60.NOR5._clade,13,15,11,11,14,k__Bacteria;p__Proteobacteria;c__Gammaproteobacteria;o__Cellvibrionales;f__Halieaceae;g__OM60.NOR5._clade;
Azospirillum,4,1,15,10,12,k__Bacteria;p__Proteobacteria;c__Alphaproteobacteria;o__Rhodospirillales;f__Rhodospirillaceae;g__Azospirillum;
Sulfurovum,5,5,12,15,1,k__Bacteria;p__Proteobacteria;c__Epsilonproteobacteria;o__Campylobacterales;f__Helicobacteraceae;g__Sulfurovum;
AKYG587,2,3,14,3,5,k__Bacteria;p__Planctomycetes;c__Phycisphaerae;o__Phycisphaerales;f__Phycisphaeraceae;g__AKYG587;
Crenothrix,3,4,12,14,14,k__Bacteria;p__Proteobacteria;c__Gammaproteobacteria;o__Methylococcales;f__Crenotrichaceae;g__Crenothrix;
Methylophaga,0,0,13,10,12,k__Bacteria;p__Proteobacteria;c__Gammaproteobacteria;o__Thiotrichales;f__Piscirickettsiaceae;g__Methylophaga;
Ruminiclostridium_5,1,0,13,0,0,k__Bacteria;p__Firmicutes;c__Clostridia;o__Clostridiales;f__Ruminococcaceae;g__Ruminiclostridium_5;
Lentzea,13,9,5,1,0,k__Bacteria;p__Actinobacteria;c__unidentified_Actinobacteria;o__Pseudonocardiales;f__Pseudonocardiaceae;g__Lentzea;
Tolumonas,13,2,1,2,1,k__Bacteria;p__Proteobacteria;c__Gammaproteobacteria;o__Aeromonadales;f__Aeromonadaceae;g__Tolumonas;
Shewanella,6,4,13,7,4,k__Bacteria;p__Proteobacteria;c__Gammaproteobacteria;o__Alteromonadales;f__Shewanellaceae;g__Shewanella;
Luminiphilus,10,13,6,2,5,k__Bacteria;p__Proteobacteria;c__Gammaproteobacteria;o__Cellvibrionales;f__Halieaceae;g__Luminiphilus;
Parvularcula,4,6,13,4,4,k__Bacteria;p__Proteobacteria;c__Alphaproteobacteria;o__Parvularculales;f__Parvularculaceae;g__Parvularcula;
Photobacterium,9,3,13,11,5,k__Bacteria;p__Proteobacteria;c__Gammaproteobacteria;o__Vibrionales;f__Vibrionaceae;g__Photobacterium;
Atopostipes,0,0,0,0,13,k__Bacteria;p__Firmicutes;c__Bacilli;o__Lactobacillales;f__Carnobacteriaceae;g__Atopostipes;
unidentified_Planctomycetaceae,0,0,0,13,0,k__Bacteria;p__Planctomycetes;c__Planctomycetacia;o__Planctomycetales;f__Planctomycetaceae;g__unidentified_Planctomycetaceae;
Sphingobacterium,3,1,1,13,5,k__Bacteria;p__Bacteroidetes;c__Sphingobacteriia;o__Sphingobacteriales;f__Sphingobacteriaceae;g__Sphingobacterium;
Sulfuritalea,11,12,11,5,10,k__Bacteria;p__Proteobacteria;c__Betaproteobacteria;o__Rhodocyclales;f__Rhodocyclaceae;g__Sulfuritalea;
Oleiphilus,0,1,12,12,4,k__Bacteria;p__Proteobacteria;c__Gammaproteobacteria;o__Oceanospirillales;f__Oleiphilaceae;g__Oleiphilus;
Hirschia,9,12,12,4,6,k__Bacteria;p__Proteobacteria;c__Alphaproteobacteria;o__Caulobacterales;f__Hyphomonadaceae;g__Hirschia;
Roseomonas,12,3,1,7,8,k__Bacteria;p__Proteobacteria;c__Alphaproteobacteria;o__Rhodospirillales;f__Acetobacteraceae;g__Roseomonas;
Erythrobacter,4,10,4,12,10,k__Bacteria;p__Proteobacteria;c__Alphaproteobacteria;o__Sphingomonadales;f__Erythrobacteraceae;g__Erythrobacter;
Simiduia,9,12,6,5,7,k__Bacteria;p__Proteobacteria;c__Gammaproteobacteria;o__Cellvibrionales;f__Cellvibrionaceae;g__Simiduia;
Thiomicrospira,11,6,0,1,0,k__Bacteria;p__Proteobacteria;c__Gammaproteobacteria;o__Thiotrichales;f__Piscirickettsiaceae;g__Thiomicrospira;
Bilophila,8,2,9,11,1,k__Bacteria;p__Proteobacteria;c__Deltaproteobacteria;o__Desulfovibrionales;f__Desulfovibrionaceae;g__Bilophila;
Candidatus_Alysiosphaera,6,11,8,3,11,k__Bacteria;p__Proteobacteria;c__Alphaproteobacteria;o__Rhodospirillales;f__unidentified_Rhodospirillales;g__Candidatus_Alysiosphaera;
Defluviitaleaceae_UCG-011,0,0,11,10,6,k__Bacteria;p__Firmicutes;c__Clostridia;o__Clostridiales;f__Defluviitaleaceae;g__Defluviitaleaceae_UCG-011;
Oceanospirillum,2,2,11,5,2,k__Bacteria;p__Proteobacteria;c__Gammaproteobacteria;o__Oceanospirillales;f__Oceanospirillaceae;g__Oceanospirillum;
Tenacibaculum,1,1,10,3,7,k__Bacteria;p__Bacteroidetes;c__Flavobacteriia;o__Flavobacteriales;f__Flavobacteriaceae;g__Tenacibaculum;
unidentified_Gracilibacteria,4,4,10,7,0,k__Bacteria;p__Gracilibacteria;c__unidentified_Gracilibacteria;o__unidentified_Gracilibacteria;f__unidentified_Gracilibacteria;g__unidentified_Gracilibacteria;
Actinomadura,3,1,1,10,1,k__Bacteria;p__Actinobacteria;c__unidentified_Actinobacteria;o__Streptosporangiales;f__Thermomonosporaceae;g__Actinomadura;
GAL15,5,2,3,2,10,k__Bacteria;p__Thermotogae;c__unidentified_Thermotogae;o__Thermotogales;f__Thermotogaceae;g__GAL15;
unidentified_Alteromonadaceae,3,1,10,3,3,k__Bacteria;p__Proteobacteria;c__Gammaproteobacteria;o__Alteromonadales;f__Alteromonadaceae;g__unidentified_Alteromonadaceae;
Phaselicystis,2,2,7,10,10,k__Bacteria;p__Proteobacteria;c__Deltaproteobacteria;o__Myxococcales;f__Phaselicystidaceae;g__Phaselicystis;
Flindersiella,1,0,10,5,1,k__Bacteria;p__Actinobacteria;c__unidentified_Actinobacteria;o__Propionibacteriales;f__Nocardioidaceae;g__Flindersiella;
Luedemannella,3,1,10,0,9,k__Bacteria;p__Actinobacteria;c__unidentified_Actinobacteria;o__Micromonosporales;f__Micromonosporaceae;g__Luedemannella;
Methylophilus,5,1,6,4,10,k__Bacteria;p__Proteobacteria;c__Betaproteobacteria;o__Methylophilales;f__Methylophilaceae;g__Methylophilus;
Sandaracinus,5,10,7,8,8,k__Bacteria;p__Proteobacteria;c__Deltaproteobacteria;o__Myxococcales;f__Sandaracinaceae;g__Sandaracinus;
Micropruina,10,3,1,0,0,k__Bacteria;p__Actinobacteria;c__unidentified_Actinobacteria;o__Propionibacteriales;f__Propionibacteriaceae;g__Micropruina;
Thalassomonas,4,2,9,6,10,k__Bacteria;p__Proteobacteria;c__Gammaproteobacteria;o__Alteromonadales;f__Colwelliaceae;g__Thalassomonas;
Byssovorax,7,6,1,3,10,k__Bacteria;p__Proteobacteria;c__Deltaproteobacteria;o__Myxococcales;f__Polyangiaceae;g__Byssovorax;
Pseudophaeobacter,0,2,7,7,10,k__Bacteria;p__Proteobacteria;c__Alphaproteobacteria;o__Rhodobacterales;f__Rhodobacteraceae;g__Pseudophaeobacter;
unidentified_Oceanospirillales,9,6,1,1,2,k__Bacteria;p__Proteobacteria;c__Gammaproteobacteria;o__Oceanospirillales;f__unidentified_Oceanospirillales;g__unidentified_Oceanospirillales;
Halobacteriovorax,5,0,9,2,1,k__Bacteria;p__Proteobacteria;c__Deltaproteobacteria;o__Bdellovibrionales;f__Bacteriovoracaceae;g__Halobacteriovorax;
BAL58_marine_group,8,9,5,1,1,k__Bacteria;p__Proteobacteria;c__Betaproteobacteria;o__Burkholderiales;f__Comamonadaceae;g__BAL58_marine_group;
Nocardia,6,3,2,9,4,k__Bacteria;p__Actinobacteria;c__unidentified_Actinobacteria;o__Corynebacteriales;f__Nocardiaceae;g__Nocardia;
Stackebrandtia,2,9,3,3,8,k__Bacteria;p__Actinobacteria;c__unidentified_Actinobacteria;o__Micromonosporales;f__Micromonosporaceae;g__Stackebrandtia;
Rubrobacter,2,3,7,9,1,k__Bacteria;p__Actinobacteria;c__Rubrobacteria;o__Rubrobacterales;f__Rubrobacteriaceae;g__Rubrobacter;
Rhizobium,5,4,6,9,5,k__Bacteria;p__Proteobacteria;c__Alphaproteobacteria;o__Rhizobiales;f__Rhizobiaceae;g__Rhizobium;
Defluviicoccus,8,4,2,2,4,k__Bacteria;p__Proteobacteria;c__Alphaproteobacteria;o__Rhodospirillales;f__Rhodospirillaceae;g__Defluviicoccus;
Mesorhizobium,2,7,0,8,4,k__Bacteria;p__Proteobacteria;c__Alphaproteobacteria;o__Rhizobiales;f__Phyllobacteriaceae;g__Mesorhizobium;
Fluviicola,0,0,8,1,0,k__Bacteria;p__Bacteroidetes;c__Flavobacteriia;o__Flavobacteriales;f__Cryomorphaceae;g__Fluviicola;
Psychromonas,2,0,8,5,4,k__Bacteria;p__Proteobacteria;c__Gammaproteobacteria;o__Alteromonadales;f__Psychromonadaceae;g__Psychromonas;
Zymomonas,8,1,1,2,7,k__Bacteria;p__Proteobacteria;c__Alphaproteobacteria;o__Sphingomonadales;f__Sphingomonadaceae;g__Zymomonas;
Geothrix,8,3,3,0,7,k__Bacteria;p__Acidobacteria;c__Holophagae;o__Holophagales;f__Holophagaceae;g__Geothrix;
Balneola,8,5,4,0,2,k__Bacteria;p__Bacteroidetes;c__Cytophagia;o__Order_III;f__unidentified_Order_III;g__Balneola;
unidentified_Syntrophaceae,8,5,7,1,4,k__Bacteria;p__Proteobacteria;c__Deltaproteobacteria;o__Syntrophobacterales;f__Syntrophaceae;g__unidentified_Syntrophaceae;
Solitalea,4,3,8,0,7,k__Bacteria;p__Bacteroidetes;c__Sphingobacteriia;o__Sphingobacteriales;f__Sphingobacteriaceae;g__Solitalea;
Pedobacter,6,8,7,5,5,k__Bacteria;p__Bacteroidetes;c__Sphingobacteriia;o__Sphingobacteriales;f__Sphingobacteriaceae;g__Pedobacter;
Anaerovorax,0,0,5,8,7,k__Bacteria;p__Firmicutes;c__Clostridia;o__Clostridiales;f__Family_XIII;g__Anaerovorax;
Illumatobacter,0,8,4,3,5,k__Bacteria;p__Actinobacteria;c__Acidimicrobiia;o__Acidimicrobiales;f__Acidimicrobiaceae;g__Illumatobacter;
Nannocystis,3,1,8,2,4,k__Bacteria;p__Proteobacteria;c__Deltaproteobacteria;o__Myxococcales;f__Nannocystaceae;g__Nannocystis;
Anaeromyxobacter,3,2,1,3,7,k__Bacteria;p__Proteobacteria;c__Deltaproteobacteria;o__Myxococcales;f__Cystobacteraceae;g__Anaeromyxobacter;
Propioniferax,1,7,0,1,1,k__Bacteria;p__Actinobacteria;c__unidentified_Actinobacteria;o__Propionibacteriales;f__Propionibacteriaceae;g__Propioniferax;
Rhodobacter,6,7,4,0,3,k__Bacteria;p__Proteobacteria;c__Alphaproteobacteria;o__Rhodobacterales;f__Rhodobacteraceae;g__Rhodobacter;
unidentified_Cyanobacteria,0,7,0,0,1,k__Bacteria;p__Cyanobacteria;c__unidentified_Cyanobacteria;o__SubsectionIII;f__FamilyI;g__unidentified_Cyanobacteria;
Staphylococcus,5,2,3,7,5,k__Bacteria;p__Firmicutes;c__Bacilli;o__Bacillales;f__Staphylococcaceae;g__Staphylococcus;
unidentified_JTB255_marine_benthic_group,0,0,7,4,7,k__Bacteria;p__Proteobacteria;c__Gammaproteobacteria;o__Xanthomonadales;f__JTB255_marine_benthic_group;g__unidentified_JTB255_marine_benthic_group;
unidentified_Mitochondria,0,7,0,0,0,k__Bacteria;p__Proteobacteria;c__Alphaproteobacteria;o__Rickettsiales;f__Mitochondria;g__unidentified_Mitochondria;
unidentified_DB1-14,1,3,2,7,6,k__Bacteria;p__Proteobacteria;c__Alphaproteobacteria;o__DB1-14;f__unidentified_DB1-14;g__unidentified_DB1-14;
Candidatus_Thiobios,2,7,5,0,0,k__Bacteria;p__Proteobacteria;c__unidentified_Proteobacteria;o__unidentified_Proteobacteria;f__unidentified_Proteobacteria;g__Candidatus_Thiobios;
Gemmatimonas,0,1,7,2,1,k__Bacteria;p__Gemmatimonadetes;c__unidentified_Gemmatimonadetes;o__Gemmatimonadales;f__Gemmatimonadaceae;g__Gemmatimonas;
Psychrobacter,3,1,7,6,6,k__Bacteria;p__Proteobacteria;c__Gammaproteobacteria;o__Pseudomonadales;f__Moraxellaceae;g__Psychrobacter;
Ruminiclostridium_1,5,4,6,2,7,k__Bacteria;p__Firmicutes;c__Clostridia;o__Clostridiales;f__Ruminococcaceae;g__Ruminiclostridium_1;
unidentified_Gemmatimonadetes1,3,0,5,7,4,k__Bacteria;p__Gemmatimonadetes;c__unidentified_Gemmatimonadetes;o__Gemmatimonadales;f__Gemmatimonadaceae;g__unidentified_Gemmatimonadetes;
Leucothrix,1,0,6,2,2,k__Bacteria;p__Proteobacteria;c__Gammaproteobacteria;o__Thiotrichales;f__Thiotrichaceae;g__Leucothrix;
Chthoniobacter,0,2,6,3,2,k__Bacteria;p__Verrucomicrobia;c__Spartobacteria;o__Chthoniobacterales;f__Chthoniobacteraceae;g__Chthoniobacter;
Ruminiclostridium,2,0,5,6,0,k__Bacteria;p__Firmicutes;c__Clostridia;o__Clostridiales;f__Ruminococcaceae;g__Ruminiclostridium;
Thiovirga,0,0,6,0,0,k__Bacteria;p__Proteobacteria;c__Gammaproteobacteria;o__Chromatiales;f__Halothiobacillaceae;g__Thiovirga;
Thiobacillus,1,0,1,0,6,k__Bacteria;p__Proteobacteria;c__Betaproteobacteria;o__Hydrogenophilales;f__Hydrogenophilaceae;g__Thiobacillus;
Ohtaekwangia,6,2,4,2,2,k__Bacteria;p__Bacteroidetes;c__Cytophagia;o__Cytophagales;f__Cytophagaceae;g__Ohtaekwangia;
Kineosphaera,1,6,1,0,0,k__Bacteria;p__Actinobacteria;c__unidentified_Actinobacteria;o__Micrococcales;f__Dermatophilaceae;g__Kineosphaera;
Rhizocola,1,1,6,0,1,k__Bacteria;p__Actinobacteria;c__unidentified_Actinobacteria;o__Micromonosporales;f__Micromonosporaceae;g__Rhizocola;
Perlucidibaca,2,2,4,0,6,k__Bacteria;p__Proteobacteria;c__Gammaproteobacteria;o__Pseudomonadales;f__Moraxellaceae;g__Perlucidibaca;
Dictyoglomus,4,3,4,2,6,k__Bacteria;p__Dictyoglomi;c__Dictyoglomia;o__Dictyoglomales;f__Dictyoglomaceae;g__Dictyoglomus;
Desulfatiglans,0,0,6,5,2,k__Bacteria;p__Proteobacteria;c__Deltaproteobacteria;o__Desulfarculales;f__Desulfarculaceae;g__Desulfatiglans;
Clostridium_sensu_stricto_1,0,2,2,2,6,k__Bacteria;p__Firmicutes;c__Clostridia;o__Clostridiales;f__Clostridiaceae_1;g__Clostridium_sensu_stricto_1;
Altererythrobacter,4,5,6,5,4,k__Bacteria;p__Proteobacteria;c__Alphaproteobacteria;o__Sphingomonadales;f__Erythrobacteraceae;g__Altererythrobacter;
SEEP-SRB1,1,0,6,3,0,k__Bacteria;p__Proteobacteria;c__Deltaproteobacteria;o__Desulfobacterales;f__Desulfobacteraceae;g__SEEP-SRB1;
Flavihumibacter,1,1,2,1,6,k__Bacteria;p__Bacteroidetes;c__Sphingobacteriia;o__Sphingobacteriales;f__Chitinophagaceae;g__Flavihumibacter;
Morganella,6,0,2,0,4,k__Bacteria;p__Proteobacteria;c__Gammaproteobacteria;o__Enterobacteriales;f__Enterobacteriaceae;g__Morganella;
Sanguibacter,2,2,2,1,6,k__Bacteria;p__Actinobacteria;c__unidentified_Actinobacteria;o__Micrococcales;f__Sanguibacteraceae;g__Sanguibacter;
Eubacterium_brachy_group,0,0,4,6,5,k__Bacteria;p__Firmicutes;c__Clostridia;o__Clostridiales;f__Family_XIII;g__Eubacterium_brachy_group;
Pseudoxanthomonas,3,6,6,2,5,k__Bacteria;p__Proteobacteria;c__Gammaproteobacteria;o__Xanthomonadales;f__Xanthomonadaceae;g__Pseudoxanthomonas;
Hoeflea,0,0,6,1,0,k__Bacteria;p__Proteobacteria;c__Alphaproteobacteria;o__Rhizobiales;f__Phyllobacteriaceae;g__Hoeflea;
Clostridium_sensu_stricto_10,1,5,4,2,4,k__Bacteria;p__Firmicutes;c__Clostridia;o__Clostridiales;f__Clostridiaceae_1;g__Clostridium_sensu_stricto_10;
unidentified_Sva0485,0,2,1,5,0,k__Bacteria;p__Proteobacteria;c__Deltaproteobacteria;o__Sva0485;f__unidentified_Sva0485;g__unidentified_Sva0485;
Ornithinicoccus,0,5,1,0,1,k__Bacteria;p__Actinobacteria;c__unidentified_Actinobacteria;o__Micrococcales;f__Intrasporangiaceae;g__Ornithinicoccus;
Sphingosinicella,2,2,5,0,1,k__Bacteria;p__Proteobacteria;c__Alphaproteobacteria;o__Sphingomonadales;f__Sphingomonadaceae;g__Sphingosinicella;
Reichenbachiella,0,1,5,5,4,k__Bacteria;p__Bacteroidetes;c__Cytophagia;o__Cytophagales;f__Flammeovirgaceae;g__Reichenbachiella;
Parasphingopyxis,2,5,4,1,1,k__Bacteria;p__Proteobacteria;c__Alphaproteobacteria;o__Sphingomonadales;f__Sphingomonadaceae;g__Parasphingopyxis;
Psychrilyobacter,1,3,5,4,2,k__Bacteria;p__Fusobacteria;c__Fusobacteriia;o__Fusobacteriales;f__Fusobacteriaceae;g__Psychrilyobacter;
Lysinimonas,4,5,3,1,5,k__Bacteria;p__Actinobacteria;c__unidentified_Actinobacteria;o__Micrococcales;f__Microbacteriaceae;g__Lysinimonas;
Acanthopleuribacter,0,0,5,0,4,k__Bacteria;p__Acidobacteria;c__Holophagae;o__Acanthopleuribacterales;f__Acanthopleuribacteraceae;g__Acanthopleuribacter;
Roseovarius,0,0,2,3,5,k__Bacteria;p__Proteobacteria;c__Alphaproteobacteria;o__Rhodobacterales;f__Rhodobacteraceae;g__Roseovarius;
Candidatus_Xiphinematobacter,0,5,0,0,5,k__Bacteria;p__Verrucomicrobia;c__Spartobacteria;o__Chthoniobacterales;f__Xiphinematobacteraceae;g__Candidatus_Xiphinematobacter;
Litorilinea,1,0,5,0,0,k__Bacteria;p__Chloroflexi;c__Caldilineae;o__Caldilineales;f__Caldilineaceae;g__Litorilinea;
Roseiflexus,1,1,1,0,5,k__Bacteria;p__Chloroflexi;c__Chloroflexia;o__Chloroflexales;f__Roseiflexaceae;g__Roseiflexus;
Lewinella,0,0,2,5,2,k__Bacteria;p__Bacteroidetes;c__Sphingobacteriia;o__Sphingobacteriales;f__Saprospiraceae;g__Lewinella;
Leptolinea,1,2,5,1,3,k__Bacteria;p__Chloroflexi;c__Anaerolineae;o__Anaerolineales;f__Anaerolineaceae;g__Leptolinea;
Arenicella,0,2,2,5,2,k__Bacteria;p__Proteobacteria;c__Gammaproteobacteria;o__Arenicellales;f__Arenicellaceae;g__Arenicella;
Sulfurimonas,2,5,2,0,1,k__Bacteria;p__Proteobacteria;c__Epsilonproteobacteria;o__Campylobacterales;f__Helicobacteraceae;g__Sulfurimonas;
Candidatus_Rhabdochlamydia,2,5,1,1,3,k__Bacteria;p__Chlamydiae;c__unidentified_Chlamydiae;o__Chlamydiales;f__Simkaniaceae;g__Candidatus_Rhabdochlamydia;
Moritella,0,0,5,2,1,k__Bacteria;p__Proteobacteria;c__Gammaproteobacteria;o__Alteromonadales;f__Moritellaceae;g__Moritella;
Turicibacter,4,0,1,1,5,k__Bacteria;p__Firmicutes;c__Erysipelotrichia;o__Erysipelotrichales;f__Erysipelotrichaceae;g__Turicibacter;
unidentified_Rhodobacteraceae,0,0,0,1,5,k__Bacteria;p__Proteobacteria;c__Alphaproteobacteria;o__Rhodobacterales;f__Rhodobacteraceae;g__unidentified_Rhodobacteraceae;
Proteocatella,0,1,2,5,2,k__Bacteria;p__Firmicutes;c__Clostridia;o__Clostridiales;f__Peptostreptococcaceae;g__Proteocatella;
Bythopirellula,0,3,0,4,5,k__Bacteria;p__Planctomycetes;c__Planctomycetacia;o__Planctomycetales;f__Planctomycetaceae;g__Bythopirellula;
Cellvibrio,2,1,1,5,0,k__Bacteria;p__Proteobacteria;c__Gammaproteobacteria;o__Cellvibrionales;f__Cellvibrionaceae;g__Cellvibrio;
Roseibacillus,1,4,5,4,0,k__Bacteria;p__Verrucomicrobia;c__Verrucomicrobiae;o__Verrucomicrobiales;f__Verrucomicrobiaceae;g__Roseibacillus;
unidentified_WCHB1-69,4,3,3,2,3,k__Bacteria;p__Bacteroidetes;c__Sphingobacteriia;o__Sphingobacteriales;f__WCHB1-69;g__unidentified_WCHB1-69;
Thiothrix,0,0,4,1,3,k__Bacteria;p__Proteobacteria;c__Gammaproteobacteria;o__Thiotrichales;f__Thiotrichaceae;g__Thiothrix;
Turneriella,3,3,4,4,2,k__Bacteria;p__Spirochaetes;c__unidentified_Spirochaetes;o__Spirochaetales;f__Leptospiraceae;g__Turneriella;
Temperatibacter,1,0,4,2,0,k__Bacteria;p__Proteobacteria;c__Alphaproteobacteria;o__Kordiimonadales;f__Temperatibacteraceae;g__Temperatibacter;
Sedimentibacter,1,0,4,3,1,k__Bacteria;p__Firmicutes;c__Clostridia;o__Clostridiales;f__Family_XI;g__Sedimentibacter;
Fabibacter,1,4,2,1,1,k__Bacteria;p__Bacteroidetes;c__Cytophagia;o__Cytophagales;f__Flammeovirgaceae;g__Fabibacter;
Stella,4,3,0,0,1,k__Bacteria;p__Proteobacteria;c__Alphaproteobacteria;o__Rhodospirillales;f__Acetobacteraceae;g__Stella;
Syntrophorhabdus,2,2,4,0,2,k__Bacteria;p__Proteobacteria;c__Deltaproteobacteria;o__unidentified_Deltaproteobacteria;f__Syntrophorhabdaceae;g__Syntrophorhabdus;
Isoptericola,1,2,1,4,2,k__Bacteria;p__Actinobacteria;c__unidentified_Actinobacteria;o__Micrococcales;f__Promicromonosporaceae;g__Isoptericola;
Candidatus_Solibacter,4,4,3,1,4,k__Bacteria;p__Acidobacteria;c__unidentified_Acidobacteria;o__Subgroup_3;f__unidentified_Acidobacteria;g__Candidatus_Solibacter;
Limnobacter,4,1,0,1,1,k__Bacteria;p__Proteobacteria;c__Betaproteobacteria;o__Burkholderiales;f__Burkholderiaceae;g__Limnobacter;
Terrisporobacter,0,0,4,0,2,k__Bacteria;p__Firmicutes;c__Clostridia;o__Clostridiales;f__Peptostreptococcaceae;g__Terrisporobacter;
Sporocytophaga,0,2,1,4,0,k__Bacteria;p__Bacteroidetes;c__Cytophagia;o__Cytophagales;f__Cytophagaceae;g__Sporocytophaga;
unidentified_Actinobacteria,1,1,4,0,2,k__Bacteria;p__Actinobacteria;c__unidentified_Actinobacteria;o__Propionibacteriales;f__Propionibacteriaceae;g__unidentified_Actinobacteria;
Fulvivirga,0,0,4,4,0,k__Bacteria;p__Bacteroidetes;c__Cytophagia;o__Cytophagales;f__Flammeovirgaceae;g__Fulvivirga;
Candidatus_Anammoximicrobium,4,2,1,1,3,k__Bacteria;p__Planctomycetes;c__Planctomycetacia;o__Planctomycetales;f__Planctomycetaceae;g__Candidatus_Anammoximicrobium;
Streptococcus,3,0,0,4,0,k__Bacteria;p__Firmicutes;c__Bacilli;o__Lactobacillales;f__Streptococcaceae;g__Streptococcus;
Proteus,0,0,2,0,4,k__Bacteria;p__Proteobacteria;c__Gammaproteobacteria;o__Enterobacteriales;f__Enterobacteriaceae;g__Proteus;
unidentified_Cytophagaceae,4,2,0,0,4,k__Bacteria;p__Bacteroidetes;c__Cytophagia;o__Cytophagales;f__Cytophagaceae;g__unidentified_Cytophagaceae;
Pelagibacterium,1,4,0,0,1,k__Bacteria;p__Proteobacteria;c__Alphaproteobacteria;o__Rhizobiales;f__Hyphomicrobiaceae;g__Pelagibacterium;
Smithella,2,0,2,1,4,k__Bacteria;p__Proteobacteria;c__Deltaproteobacteria;o__Syntrophobacterales;f__Syntrophaceae;g__Smithella;
CL500-29_marine_group,4,0,2,1,3,k__Bacteria;p__Actinobacteria;c__Acidimicrobiia;o__Acidimicrobiales;f__Acidimicrobiaceae;g__CL500-29_marine_group;
Thiobaca,0,0,2,1,4,k__Bacteria;p__Proteobacteria;c__Gammaproteobacteria;o__Chromatiales;f__Chromatiaceae;g__Thiobaca;
Labrys,0,0,2,0,4,k__Bacteria;p__Proteobacteria;c__Alphaproteobacteria;o__Rhizobiales;f__Xanthobacteraceae;g__Labrys;
I-8,2,3,0,4,2,k__Bacteria;p__Planctomycetes;c__Phycisphaerae;o__Phycisphaerales;f__Phycisphaeraceae;g__I-8;
Nitrococcus,0,1,1,4,1,k__Bacteria;p__Proteobacteria;c__Gammaproteobacteria;o__Chromatiales;f__Ectothiorhodospiraceae;g__Nitrococcus;
unidentified_SAR324_clade.Marine_group_B.,3,4,1,1,0,k__Bacteria;p__Proteobacteria;c__Deltaproteobacteria;o__SAR324_clade.Marine_group_B.;f__unidentified_SAR324_clade.Marine_group_B.;g__unidentified_SAR324_clade.Marine_group_B.;
unidentified_Marinimicrobia_.SAR406_clade.,4,3,1,2,1,k__Bacteria;p__Marinimicrobia_.SAR406_clade.;c__unidentified_Marinimicrobia_.SAR406_clade.;o__unidentified_Marinimicrobia_.SAR406_clade.;f__unidentified_Marinimicrobia_.SAR406_clade.;g__unidentified_Marinimicrobia_.SAR406_clade.;
unidentified_Oligoflexaceae,3,0,0,0,2,k__Bacteria;p__Proteobacteria;c__Deltaproteobacteria;o__Oligoflexales;f__Oligoflexaceae;g__unidentified_Oligoflexaceae;
Smaragdicoccus,0,0,3,3,1,k__Bacteria;p__Actinobacteria;c__unidentified_Actinobacteria;o__Corynebacteriales;f__Nocardiaceae;g__Smaragdicoccus;
Actinotalea,3,2,3,2,1,k__Bacteria;p__Actinobacteria;c__unidentified_Actinobacteria;o__Micrococcales;f__Cellulomonadaceae;g__Actinotalea;
unidentified_OPB35_soil_group,0,0,1,3,0,k__Bacteria;p__Verrucomicrobia;c__OPB35_soil_group;o__unidentified_OPB35_soil_group;f__unidentified_OPB35_soil_group;g__unidentified_OPB35_soil_group;
Phenylobacterium,1,0,1,3,1,k__Bacteria;p__Proteobacteria;c__Alphaproteobacteria;o__Caulobacterales;f__Caulobacteraceae;g__Phenylobacterium;
Gynuella,0,0,3,1,1,k__Bacteria;p__Proteobacteria;c__Gammaproteobacteria;o__Oceanospirillales;f__unidentified_Oceanospirillales;g__Gynuella;
Oceanisphaera,3,1,1,0,0,k__Bacteria;p__Proteobacteria;c__Gammaproteobacteria;o__Aeromonadales;f__Aeromonadaceae;g__Oceanisphaera;
Rheinheimera,1,1,1,0,3,k__Bacteria;p__Proteobacteria;c__Gammaproteobacteria;o__Chromatiales;f__Chromatiaceae;g__Rheinheimera;
Sporacetigenium,0,3,0,0,0,k__Bacteria;p__Firmicutes;c__Clostridia;o__Clostridiales;f__Peptostreptococcaceae;g__Sporacetigenium;
Cohnella,2,0,1,0,3,k__Bacteria;p__Firmicutes;c__Bacilli;o__Bacillales;f__Paenibacillaceae;g__Cohnella;
Pelosinus,3,0,0,0,0,k__Bacteria;p__Firmicutes;c__Negativicutes;o__Selenomonadales;f__Veillonellaceae;g__Pelosinus;
Fastidiosipila,0,0,2,0,3,k__Bacteria;p__Firmicutes;c__Clostridia;o__Clostridiales;f__Ruminococcaceae;g__Fastidiosipila;
Jeotgalicoccus,0,0,0,0,3,k__Bacteria;p__Firmicutes;c__Bacilli;o__Bacillales;f__Staphylococcaceae;g__Jeotgalicoccus;
Pseudofulvimonas,0,2,1,3,1,k__Bacteria;p__Proteobacteria;c__Gammaproteobacteria;o__Xanthomonadales;f__Xanthomonadaceae;g__Pseudofulvimonas;
Chthonomonas,0,0,0,3,0,k__Bacteria;p__Armatimonadetes;c__Chthonomonadetes;o__Chthonomonadales;f__Chthonomonadaceae;g__Chthonomonas;
Litoribacillus,0,1,3,1,1,k__Bacteria;p__Proteobacteria;c__Gammaproteobacteria;o__Oceanospirillales;f__Oceanospirillaceae;g__Litoribacillus;
C1-B045,0,0,1,3,0,k__Bacteria;p__Proteobacteria;c__Gammaproteobacteria;o__Cellvibrionales;f__Porticoccaceae;g__C1-B045;
Synechococcus,1,1,3,1,0,k__Bacteria;p__Cyanobacteria;c__unidentified_Cyanobacteria;o__SubsectionI;f__FamilyI;g__Synechococcus;
Magnetospira,0,0,2,3,1,k__Bacteria;p__Proteobacteria;c__Alphaproteobacteria;o__Rhodospirillales;f__Rhodospirillaceae;g__Magnetospira;
Flavitalea,0,1,0,0,3,k__Bacteria;p__Bacteroidetes;c__Sphingobacteriia;o__Sphingobacteriales;f__Chitinophagaceae;g__Flavitalea;
Reinekea,0,0,3,3,3,k__Bacteria;p__Proteobacteria;c__Gammaproteobacteria;o__Oceanospirillales;f__Oceanospirillaceae;g__Reinekea;
Burkholderia,3,1,0,0,2,k__Bacteria;p__Proteobacteria;c__Betaproteobacteria;o__Burkholderiales;f__Burkholderiaceae;g__Burkholderia;
Ahrensia,0,0,1,3,3,k__Bacteria;p__Proteobacteria;c__Alphaproteobacteria;o__Rhizobiales;f__Phyllobacteriaceae;g__Ahrensia;
Sedimenticola,2,3,1,1,3,k__Bacteria;p__Proteobacteria;c__Gammaproteobacteria;o__unidentified_Gammaproteobacteria;f__unidentified_Gammaproteobacteria;g__Sedimenticola;
Adhaeribacter,1,1,1,1,3,k__Bacteria;p__Bacteroidetes;c__Cytophagia;o__Cytophagales;f__Cytophagaceae;g__Adhaeribacter;
Methylobacterium,3,1,3,0,0,k__Bacteria;p__Proteobacteria;c__Alphaproteobacteria;o__Rhizobiales;f__Methylobacteriaceae;g__Methylobacterium;
Wenyingzhuangia,0,0,2,3,1,k__Bacteria;p__Bacteroidetes;c__Flavobacteriia;o__Flavobacteriales;f__Flavobacteriaceae;g__Wenyingzhuangia;
Rhodobium,1,3,1,0,2,k__Bacteria;p__Proteobacteria;c__Alphaproteobacteria;o__Rhizobiales;f__Rhodobiaceae;g__Rhodobium;
Agarivorans,1,1,3,2,0,k__Bacteria;p__Proteobacteria;c__Gammaproteobacteria;o__Alteromonadales;f__Alteromonadaceae;g__Agarivorans;
Maricaulis,1,0,3,0,0,k__Bacteria;p__Proteobacteria;c__Alphaproteobacteria;o__Caulobacterales;f__Hyphomonadaceae;g__Maricaulis;
Clostridium_sensu_stricto_2,0,0,0,3,1,k__Bacteria;p__Firmicutes;c__Clostridia;o__Clostridiales;f__Clostridiaceae_1;g__Clostridium_sensu_stricto_2;
Gracilibacter,1,0,0,0,3,k__Bacteria;p__Firmicutes;c__Clostridia;o__Clostridiales;f__Gracilibacteraceae;g__Gracilibacter;
Fodinicola,0,1,1,0,3,k__Bacteria;p__Actinobacteria;c__unidentified_Actinobacteria;o__Frankiales;f__Cryptosporangiaceae;g__Fodinicola;
Zavarzinia,3,3,2,1,1,k__Bacteria;p__Proteobacteria;c__Alphaproteobacteria;o__Rhodospirillales;f__Acetobacteraceae;g__Zavarzinia;
Croceibacter,0,3,3,0,0,k__Bacteria;p__Bacteroidetes;c__Flavobacteriia;o__Flavobacteriales;f__Flavobacteriaceae;g__Croceibacter;
Nitriliruptor,1,2,3,1,1,k__Bacteria;p__Actinobacteria;c__Nitriliruptoria;o__Nitriliruptorales;f__Nitriliruptoraceae;g__Nitriliruptor;
Zavarzinella,0,0,0,3,0,k__Bacteria;p__Planctomycetes;c__Planctomycetacia;o__Planctomycetales;f__Planctomycetaceae;g__Zavarzinella;
Desulfomicrobium,2,2,3,3,1,k__Bacteria;p__Proteobacteria;c__Deltaproteobacteria;o__Desulfovibrionales;f__Desulfomicrobiaceae;g__Desulfomicrobium;
Dysgonomonas,1,3,0,2,0,k__Bacteria;p__Bacteroidetes;c__Bacteroidia;o__Bacteroidales;f__Porphyromonadaceae;g__Dysgonomonas;
Lutibacter,0,0,2,3,2,k__Bacteria;p__Bacteroidetes;c__Flavobacteriia;o__Flavobacteriales;f__Flavobacteriaceae;g__Lutibacter;
Pseudahrensia,1,1,3,3,2,k__Bacteria;p__Proteobacteria;c__Alphaproteobacteria;o__Rhizobiales;f__Phyllobacteriaceae;g__Pseudahrensia;
Neptunomonas,0,0,2,2,2,k__Bacteria;p__Proteobacteria;c__Gammaproteobacteria;o__Oceanospirillales;f__Oceanospirillaceae;g__Neptunomonas;
Lacibacter,0,2,1,0,0,k__Bacteria;p__Bacteroidetes;c__Sphingobacteriia;o__Sphingobacteriales;f__Chitinophagaceae;g__Lacibacter;
Thermincola,1,2,1,1,1,k__Bacteria;p__Firmicutes;c__Clostridia;o__Clostridiales;f__Peptococcaceae;g__Thermincola;
Vulgatibacter,0,0,1,2,1,k__Bacteria;p__Proteobacteria;c__Deltaproteobacteria;o__Myxococcales;f__Vulgatibacteraceae;g__Vulgatibacter;
Persicirhabdus,0,0,2,0,0,k__Bacteria;p__Verrucomicrobia;c__Verrucomicrobiae;o__Verrucomicrobiales;f__Verrucomicrobiaceae;g__Persicirhabdus;
Candidatus_Competibacter,2,0,1,0,2,k__Bacteria;p__Proteobacteria;c__Gammaproteobacteria;o__Xanthomonadales;f__unidentified_Xanthomonadales;g__Candidatus_Competibacter;
Maribacter,0,0,0,2,1,k__Bacteria;p__Bacteroidetes;c__Flavobacteriia;o__Flavobacteriales;f__Flavobacteriaceae;g__Maribacter;
Intestinibacter,0,1,2,0,2,k__Bacteria;p__Firmicutes;c__Clostridia;o__Clostridiales;f__Peptostreptococcaceae;g__Intestinibacter;
Vogesella,2,0,0,0,0,k__Bacteria;p__Proteobacteria;c__Betaproteobacteria;o__Neisseriales;f__Neisseriaceae;g__Vogesella;
Desulfovibrio,2,1,2,2,1,k__Bacteria;p__Proteobacteria;c__Deltaproteobacteria;o__Desulfovibrionales;f__Desulfovibrionaceae;g__Desulfovibrio;
unidentified_OM190,0,0,0,1,2,k__Bacteria;p__Planctomycetes;c__OM190;o__unidentified_OM190;f__unidentified_OM190;g__unidentified_OM190;
Eubacterium_coprostanoligenes_group,0,0,0,0,2,k__Bacteria;p__Firmicutes;c__Clostridia;o__Clostridiales;f__Ruminococcaceae;g__Eubacterium_coprostanoligenes_group;
Amphritea,1,2,2,2,0,k__Bacteria;p__Proteobacteria;c__Gammaproteobacteria;o__Oceanospirillales;f__Oceanospirillaceae;g__Amphritea;
Microcoleus,0,2,0,0,1,k__Bacteria;p__Cyanobacteria;c__unidentified_Cyanobacteria;o__SubsectionIII;f__FamilyI;g__Microcoleus;
Elioraea,2,0,1,0,1,k__Bacteria;p__Proteobacteria;c__Alphaproteobacteria;o__Rhodospirillales;f__unidentified_Rhodospirillales;g__Elioraea;
Peptoclostridium,2,0,1,1,2,k__Bacteria;p__Firmicutes;c__Clostridia;o__Clostridiales;f__Peptostreptococcaceae;g__Peptoclostridium;
Microbulbifer,1,2,1,2,0,k__Bacteria;p__Proteobacteria;c__Gammaproteobacteria;o__Cellvibrionales;f__Microbulbiferaceae;g__Microbulbifer;
Sandaracinobacter,2,0,0,0,0,k__Bacteria;p__Proteobacteria;c__Alphaproteobacteria;o__Sphingomonadales;f__Sphingomonadaceae;g__Sandaracinobacter;
Acetoanaerobium,0,0,1,2,0,k__Bacteria;p__Firmicutes;c__Clostridia;o__Clostridiales;f__Peptostreptococcaceae;g__Acetoanaerobium;
Sphaerochaeta,1,0,2,1,1,k__Bacteria;p__Spirochaetes;c__unidentified_Spirochaetes;o__Spirochaetales;f__Spirochaetaceae;g__Sphaerochaeta;
Kistimonas,2,0,0,0,0,k__Bacteria;p__Proteobacteria;c__Gammaproteobacteria;o__Oceanospirillales;f__Hahellaceae;g__Kistimonas;
Phreatobacter,1,0,2,1,1,k__Bacteria;p__Proteobacteria;c__Alphaproteobacteria;o__Rhizobiales;f__unidentified_Rhizobiales;g__Phreatobacter;
Olivibacter,1,0,2,1,2,k__Bacteria;p__Bacteroidetes;c__Sphingobacteriia;o__Sphingobacteriales;f__Sphingobacteriaceae;g__Olivibacter;
Tomitella,0,0,0,0,2,k__Bacteria;p__Actinobacteria;c__unidentified_Actinobacteria;o__Corynebacteriales;f__unidentified_Actinobacteria;g__Tomitella;
Leptonema,2,0,1,0,1,k__Bacteria;p__Spirochaetes;c__unidentified_Spirochaetes;o__Spirochaetales;f__Leptospiraceae;g__Leptonema;
Hahella,2,1,0,0,0,k__Bacteria;p__Proteobacteria;c__Gammaproteobacteria;o__Oceanospirillales;f__Hahellaceae;g__Hahella;
Verrucomicrobium,0,0,2,0,0,k__Bacteria;p__Verrucomicrobia;c__Verrucomicrobiae;o__Verrucomicrobiales;f__Verrucomicrobiaceae;g__Verrucomicrobium;
Rhodovastum,2,0,0,0,0,k__Bacteria;p__Proteobacteria;c__Alphaproteobacteria;o__Rhodospirillales;f__Acetobacteraceae;g__Rhodovastum;
Oceanibaculum,0,1,1,2,0,k__Bacteria;p__Proteobacteria;c__Alphaproteobacteria;o__Rhodospirillales;f__Rhodospirillaceae;g__Oceanibaculum;
Micromonospora,0,0,0,0,2,k__Bacteria;p__Actinobacteria;c__unidentified_Actinobacteria;o__Micromonosporales;f__Micromonosporaceae;g__Micromonospora;
Kaistia,0,0,2,0,0,k__Bacteria;p__Proteobacteria;c__Alphaproteobacteria;o__Rhizobiales;f__Rhizobiaceae;g__Kaistia;
Alishewanella,0,0,0,0,2,k__Bacteria;p__Proteobacteria;c__Gammaproteobacteria;o__Alteromonadales;f__Alteromonadaceae;g__Alishewanella;
Desulfocella,0,2,2,1,1,k__Bacteria;p__Proteobacteria;c__Deltaproteobacteria;o__Desulfobacterales;f__Desulfobacteraceae;g__Desulfocella;
Gracilimonas,0,2,0,0,0,k__Bacteria;p__Bacteroidetes;c__Cytophagia;o__Order_III;f__unidentified_Order_III;g__Gracilimonas;
Streptoalloteichus,0,0,0,0,2,k__Bacteria;p__Actinobacteria;c__unidentified_Actinobacteria;o__Pseudonocardiales;f__Pseudonocardiaceae;g__Streptoalloteichus;
Marinifilum,0,0,2,2,2,k__Bacteria;p__Bacteroidetes;c__Bacteroidia;o__Bacteroidales;f__Marinilabiaceae;g__Marinifilum;
Niastella,0,0,2,0,0,k__Bacteria;p__Bacteroidetes;c__Sphingobacteriia;o__Sphingobacteriales;f__Chitinophagaceae;g__Niastella;
Buchnera,2,0,0,0,0,k__Bacteria;p__Proteobacteria;c__Gammaproteobacteria;o__Enterobacteriales;f__Enterobacteriaceae;g__Buchnera;
Isosphaera,1,2,0,0,0,k__Bacteria;p__Planctomycetes;c__Planctomycetacia;o__Planctomycetales;f__Planctomycetaceae;g__Isosphaera;
Gilvimarinus,0,0,2,0,0,k__Bacteria;p__Proteobacteria;c__Gammaproteobacteria;o__Cellvibrionales;f__Cellvibrionaceae;g__Gilvimarinus;
Constrictibacter,0,0,2,1,0,k__Bacteria;p__Proteobacteria;c__Alphaproteobacteria;o__Rickettsiales;f__unidentified_Rickettsiales;g__Constrictibacter;
unidentified_CCM11a,1,0,2,1,0,k__Bacteria;p__Planctomycetes;c__Phycisphaerae;o__CCM11a;f__unidentified_CCM11a;g__unidentified_CCM11a;
unidentified_OCS116_clade,0,2,1,0,0,k__Bacteria;p__Proteobacteria;c__Alphaproteobacteria;o__OCS116_clade;f__unidentified_OCS116_clade;g__unidentified_OCS116_clade;
unidentified_Gemmatimonadetes,0,0,2,0,2,k__Bacteria;p__Gemmatimonadetes;c__unidentified_Gemmatimonadetes;o__unidentified_Gemmatimonadetes;f__PAUC43f_marine_benthic_group;g__unidentified_Gemmatimonadetes;
possible_genus_04,0,0,0,2,1,k__Bacteria;p__Fibrobacteres;c__Fibrobacteria;o__Fibrobacterales;f__Fibrobacteraceae;g__possible_genus_04;
unidentified_Xanthomonadaceae,0,2,1,2,0,k__Bacteria;p__Proteobacteria;c__Gammaproteobacteria;o__Xanthomonadales;f__Xanthomonadaceae;g__unidentified_Xanthomonadaceae;
Algimonas,0,0,1,2,0,k__Bacteria;p__Proteobacteria;c__Alphaproteobacteria;o__Caulobacterales;f__Hyphomonadaceae;g__Algimonas;
Phaeodactylibacter,2,2,1,0,0,k__Bacteria;p__Bacteroidetes;c__Sphingobacteriia;o__Sphingobacteriales;f__Saprospiraceae;g__Phaeodactylibacter;
Propionibacterium,1,0,1,1,2,k__Bacteria;p__Actinobacteria;c__unidentified_Actinobacteria;o__Propionibacteriales;f__Propionibacteriaceae;g__Propionibacterium;
Alcanivorax,1,2,1,0,2,k__Bacteria;p__Proteobacteria;c__Gammaproteobacteria;o__Oceanospirillales;f__Alcanivoracaceae;g__Alcanivorax;
Sarcina,2,1,0,0,0,k__Bacteria;p__Firmicutes;c__Clostridia;o__Clostridiales;f__Clostridiaceae_1;g__Sarcina;
Pseudomaricurvus,1,0,1,2,0,k__Bacteria;p__Proteobacteria;c__Gammaproteobacteria;o__Cellvibrionales;f__Cellvibrionaceae;g__Pseudomaricurvus;
Granulosicoccus,1,0,1,0,0,k__Bacteria;p__Proteobacteria;c__Gammaproteobacteria;o__Chromatiales;f__Granulosicoccaceae;g__Granulosicoccus;
Sporolactobacillus,1,0,1,0,0,k__Bacteria;p__Firmicutes;c__Bacilli;o__Bacillales;f__Sporolactobacillaceae;g__Sporolactobacillus;
Nitrospina,0,0,1,0,1,k__Bacteria;p__Proteobacteria;c__Deltaproteobacteria;o__Desulfobacterales;f__Nitrospinaceae;g__Nitrospina;
Cetobacterium,0,1,1,0,1,k__Bacteria;p__Fusobacteria;c__Fusobacteriia;o__Fusobacteriales;f__Fusobacteriaceae;g__Cetobacterium;
Neisseria,0,0,0,1,1,k__Bacteria;p__Proteobacteria;c__Betaproteobacteria;o__Neisseriales;f__Neisseriaceae;g__Neisseria;
Blastopirellula,0,0,1,0,1,k__Bacteria;p__Planctomycetes;c__Planctomycetacia;o__Planctomycetales;f__Planctomycetaceae;g__Blastopirellula;
Pusillimonas,1,0,1,1,0,k__Bacteria;p__Proteobacteria;c__Betaproteobacteria;o__Burkholderiales;f__Alcaligenaceae;g__Pusillimonas;
Pelagicoccus,0,0,1,0,1,k__Bacteria;p__Verrucomicrobia;c__Opitutae;o__Puniceicoccales;f__Puniceicoccaceae;g__Pelagicoccus;
Gelria,0,0,1,1,1,k__Bacteria;p__Firmicutes;c__Clostridia;o__Thermoanaerobacterales;f__Thermoanaerobacteraceae;g__Gelria;
Salinarimonas,1,1,1,1,1,k__Bacteria;p__Proteobacteria;c__Alphaproteobacteria;o__Rhizobiales;f__Bradyrhizobiaceae;g__Salinarimonas;
Luteolibacter,0,0,1,0,1,k__Bacteria;p__Verrucomicrobia;c__Verrucomicrobiae;o__Verrucomicrobiales;f__Verrucomicrobiaceae;g__Luteolibacter;
Longispora,0,1,0,1,0,k__Bacteria;p__Actinobacteria;c__unidentified_Actinobacteria;o__Micromonosporales;f__Micromonosporaceae;g__Longispora;
Dongia,1,1,0,1,1,k__Bacteria;p__Proteobacteria;c__Alphaproteobacteria;o__Rhodospirillales;f__Rhodospirillaceae;g__Dongia;
Eudoraea,0,0,1,0,1,k__Bacteria;p__Bacteroidetes;c__Flavobacteriia;o__Flavobacteriales;f__Flavobacteriaceae;g__Eudoraea;
Rhizomicrobium,0,1,0,1,0,k__Bacteria;p__Proteobacteria;c__Alphaproteobacteria;o__Rhizobiales;f__unidentified_Rhizobiales;g__Rhizomicrobium;
Brochothrix,1,0,1,0,1,k__Bacteria;p__Firmicutes;c__Bacilli;o__Bacillales;f__Listeriaceae;g__Brochothrix;
Shimazuella,0,1,0,1,0,k__Bacteria;p__Firmicutes;c__Bacilli;o__Bacillales;f__Thermoactinomycetaceae;g__Shimazuella;
Kiloniella,0,0,0,1,1,k__Bacteria;p__Proteobacteria;c__Alphaproteobacteria;o__Sphingomonadales;f__unidentified_Sphingomonadales;g__Kiloniella;
Thalassobaculum,0,0,1,1,1,k__Bacteria;p__Proteobacteria;c__Alphaproteobacteria;o__Rhodospirillales;f__Rhodospirillaceae;g__Thalassobaculum;
Niabella,0,1,1,0,0,k__Bacteria;p__Bacteroidetes;c__Sphingobacteriia;o__Sphingobacteriales;f__Chitinophagaceae;g__Niabella;
Rickettsiella,1,0,1,0,1,k__Bacteria;p__Proteobacteria;c__Gammaproteobacteria;o__Legionellales;f__Coxiellaceae;g__Rickettsiella;
Deferrisoma,0,0,0,1,1,k__Bacteria;p__Proteobacteria;c__Deltaproteobacteria;o__Bdellovibrionales;f__Bacteriovoracaceae;g__Deferrisoma;
Oscillochloris,0,0,1,0,1,k__Bacteria;p__Chloroflexi;c__Chloroflexia;o__Chloroflexales;f__Oscillochloridaceae;g__Oscillochloris;
Denitrovibrio,1,0,0,1,1,k__Bacteria;p__Deferribacteres;c__unidentified_Deferribacteres;o__Deferribacterales;f__Deferribacteraceae;g__Denitrovibrio;
Blvii28_wastewater-sludge_group,0,0,1,0,1,k__Bacteria;p__Bacteroidetes;c__Bacteroidia;o__Bacteroidales;f__Rikenellaceae;g__Blvii28_wastewater-sludge_group;
Anaerolinea,0,1,0,1,0,k__Bacteria;p__Chloroflexi;c__Anaerolineae;o__Anaerolineales;f__Anaerolineaceae;g__Anaerolinea;
vadinBC27_wastewater-sludge_group,1,1,1,1,0,k__Bacteria;p__Bacteroidetes;c__Bacteroidia;o__Bacteroidales;f__Rikenellaceae;g__vadinBC27_wastewater-sludge_group;
Brachybacterium,0,1,0,1,0,k__Bacteria;p__Actinobacteria;c__unidentified_Actinobacteria;o__Micrococcales;f__Dermabacteraceae;g__Brachybacterium;
Inquilinus,1,1,1,0,0,k__Bacteria;p__Proteobacteria;c__Alphaproteobacteria;o__Rhodospirillales;f__Rhodospirillaceae;g__Inquilinus;
Others,10689,19499,15949,12316,13930,Others
