Taxonomy,Ar,Yr,Jr,Wr,Tr,Tax_detail
Pseudomonas_stutzeri,12529,2744,5474,19777,16560,k__Bacteria;p__Proteobacteria;c__Gammaproteobacteria;o__Pseudomonadales;f__Pseudomonadaceae;g__Pseudomonas;s__Pseudomonas_stutzeri;
Pseudomonas_aeruginosa,4022,637,1199,3649,2835,k__Bacteria;p__Proteobacteria;c__Gammaproteobacteria;o__Pseudomonadales;f__Moraxellaceae;g__Acinetobacter;s__Pseudomonas_aeruginosa;
Pseudomonas_fragi,407,203,813,642,679,k__Bacteria;p__Proteobacteria;c__Gammaproteobacteria;o__Pseudomonadales;f__Pseudomonadaceae;g__Pseudomonas;s__Pseudomonas_fragi;
Bacillus_aryabhattai,466,121,256,779,311,k__Bacteria;p__Firmicutes;c__Bacilli;o__Bacillales;f__Bacillaceae;g__Bacillus;s__Bacillus_aryabhattai;
Arthrobacter_oxydans,87,97,73,45,758,k__Bacteria;p__Actinobacteria;c__unidentified_Actinobacteria;o__Micrococcales;f__Micrococcaceae;g__Arthrobacter;s__Arthrobacter_oxydans;
Pseudomonas_veronii,728,617,77,63,230,k__Bacteria;p__Proteobacteria;c__Gammaproteobacteria;o__Pseudomonadales;f__Pseudomonadaceae;g__Pseudomonas;s__Pseudomonas_veronii;
Acinetobacter_bohemicus,63,206,530,260,640,k__Bacteria;p__Proteobacteria;c__Gammaproteobacteria;o__Pseudomonadales;f__Moraxellaceae;g__Acinetobacter;s__Acinetobacter_bohemicus;
bacterium_enrichment_culture_clone_SRAO_63,551,510,526,333,458,k__Bacteria;p__Chlorobi;c__Chlorobia;o__Chlorobiales;f__SJA-28;g__unidentified_SJA-28;s__bacterium_enrichment_culture_clone_SRAO_63;
Thauera_aromatica,319,208,338,153,279,k__Bacteria;p__Proteobacteria;c__Betaproteobacteria;o__Rhodocyclales;f__Rhodocyclaceae;g__Thauera;s__Thauera_aromatica;
Janthinobacterium_lividum,244,60,26,32,58,k__Bacteria;p__Proteobacteria;c__Betaproteobacteria;o__Burkholderiales;f__Oxalobacteraceae;g__Janthinobacterium;s__Janthinobacterium_lividum;
Sphingomonas_jaspsi,70,63,209,207,95,k__Bacteria;p__Proteobacteria;c__Alphaproteobacteria;o__Sphingomonadales;f__Sphingomonadaceae;g__Sphingomonas;s__Sphingomonas_jaspsi;
Parabacteroides_goldsteinii,195,27,151,55,98,k__Bacteria;p__Bacteroidetes;c__Bacteroidia;o__Bacteroidales;f__Porphyromonadaceae;g__Parabacteroides;s__Parabacteroides_goldsteinii;
Lactococcus_lactis,194,39,149,193,72,k__Bacteria;p__Firmicutes;c__Bacilli;o__Lactobacillales;f__Streptococcaceae;g__Lactococcus;s__Lactococcus_lactis;
Nitrospira_sp.,33,13,16,172,20,k__Bacteria;p__Nitrospirae;c__Nitrospira;o__Nitrospirales;f__Nitrospiraceae;g__unidentified_Nitrospiraceae;s__Nitrospira_sp.;
Clostridiales_bacterium_canine_oral_taxon_085,115,28,132,47,112,k__Bacteria;p__Firmicutes;c__Clostridia;o__Clostridiales;f__Ruminococcaceae;g__unidentified_Ruminococcaceae;s__Clostridiales_bacterium_canine_oral_taxon_085;
Robinsoniella_sp._KNHs210,59,5,116,13,20,k__Bacteria;p__Firmicutes;c__Clostridia;o__Clostridiales;f__Lachnospiraceae;g__Robinsoniella;s__Robinsoniella_sp._KNHs210;
Helicobacter_hepaticus,1,4,100,0,1,k__Bacteria;p__Proteobacteria;c__Epsilonproteobacteria;o__Campylobacterales;f__Helicobacteraceae;g__Helicobacter;s__Helicobacter_hepaticus;
Bacillus_oleronius,60,21,43,97,37,k__Bacteria;p__Firmicutes;c__Bacilli;o__Bacillales;f__Bacillaceae;g__Bacillus;s__Bacillus_oleronius;
bacterium_WHC3-3,91,76,35,17,9,k__Bacteria;p__Proteobacteria;c__Gammaproteobacteria;o__Oceanospirillales;f__Oceanospirillaceae;g__Marinobacterium;s__bacterium_WHC3-3;
Paenibacillus_favisporus,43,21,33,82,25,k__Bacteria;p__Firmicutes;c__Bacilli;o__Bacillales;f__Paenibacillaceae;g__Paenibacillus;s__Paenibacillus_favisporus;
Sphingopyxis_macrogoltabida,17,82,26,13,5,k__Bacteria;p__Proteobacteria;c__Alphaproteobacteria;o__Sphingomonadales;f__Sphingomonadaceae;g__Sphingopyxis;s__Sphingopyxis_macrogoltabida;
Aeromonas_hydrophila,71,48,31,79,40,k__Bacteria;p__Proteobacteria;c__Gammaproteobacteria;o__Aeromonadales;f__Aeromonadaceae;g__Aeromonas;s__Aeromonas_hydrophila;
Trichococcus_collinsii,9,62,1,4,2,k__Bacteria;p__Firmicutes;c__Bacilli;o__Lactobacillales;f__Carnobacteriaceae;g__Trichococcus;s__Trichococcus_collinsii;
bacterium_enrichment_culture_clone_Anammox_20,48,57,61,40,52,k__Bacteria;p__Actinobacteria;c__Acidimicrobiia;o__Acidimicrobiales;f__OM1_clade;g__unidentified_OM1_clade;s__bacterium_enrichment_culture_clone_Anammox_20;
Vibrio_gigantis,20,20,57,43,17,k__Bacteria;p__Proteobacteria;c__Gammaproteobacteria;o__Vibrionales;f__Vibrionaceae;g__Vibrio;s__Vibrio_gigantis;
bacterium_WX65,18,14,56,6,28,k__Bacteria;p__Nitrospirae;c__Nitrospira;o__Nitrospirales;f__0319-6A21;g__unidentified_0319-6A21;s__bacterium_WX65;
Escherichia_coli,55,8,13,25,13,k__Bacteria;p__Proteobacteria;c__Gammaproteobacteria;o__Enterobacteriales;f__Enterobacteriaceae;g__Escherichia-Shigella;s__Escherichia_coli;
Glycomyces_harbinensis,8,55,17,13,13,k__Bacteria;p__Actinobacteria;c__unidentified_Actinobacteria;o__Glycomycetales;f__Glycomycetaceae;g__Glycomyces;s__Glycomyces_harbinensis;
Erysipelatoclostridium_ramosum,40,1,55,25,28,k__Bacteria;p__Firmicutes;c__Erysipelotrichia;o__Erysipelotrichales;f__Erysipelotrichaceae;g__Erysipelatoclostridium;s__Erysipelatoclostridium_ramosum;
Cupriavidus_basilensis,24,6,13,7,52,k__Bacteria;p__Proteobacteria;c__Betaproteobacteria;o__Burkholderiales;f__Burkholderiaceae;g__Cupriavidus;s__Cupriavidus_basilensis;
Achromobacter_xylosoxidans,27,16,26,49,50,k__Bacteria;p__Proteobacteria;c__Betaproteobacteria;o__Burkholderiales;f__Alcaligenaceae;g__Bordetella;s__Achromobacter_xylosoxidans;
Arcobacter_cryaerophilus,5,3,48,20,46,k__Bacteria;p__Proteobacteria;c__Epsilonproteobacteria;o__Campylobacterales;f__Campylobacteraceae;g__Arcobacter;s__Arcobacter_cryaerophilus;
thaumarchaeote_enrichment_culture,43,0,0,0,16,k__Archaea;p__Thaumarchaeota;c__unidentified_Thaumarchaeota;o__unidentified_Thaumarchaeota;f__unidentified_Thaumarchaeota;g__unidentified_Thaumarchaeota;s__thaumarchaeote_enrichment_culture;
bacterium_enrichment_culture_clone_Anammox_37,42,35,35,29,41,k__Bacteria;p__Chlorobi;c__Chlorobia;o__Chlorobiales;f__OPB56;g__unidentified_OPB56;s__bacterium_enrichment_culture_clone_Anammox_37;
Dinophysis_acuminata,22,42,8,5,1,k__Bacteria;p__Cyanobacteria;c__Chloroplast;o__unidentified_Chloroplast;f__unidentified_Chloroplast;g__unidentified_Chloroplast;s__Dinophysis_acuminata;
alpha_proteobacterium_HIMB59,26,42,18,11,2,k__Bacteria;p__Proteobacteria;c__Alphaproteobacteria;o__Rhodospirillales;f__Rhodospirillaceae;g__AEGEAN-169_marine_group;s__alpha_proteobacterium_HIMB59;
Geobacter_sp._M18,39,0,0,0,2,k__Bacteria;p__Proteobacteria;c__Deltaproteobacteria;o__Desulfuromonadales;f__Geobacteraceae;g__Geobacter;s__Geobacter_sp._M18;
alpha_proteobacterium_SCGC_AAA536-K22,38,35,16,11,2,k__Bacteria;p__Proteobacteria;c__Alphaproteobacteria;o__Rickettsiales;f__SAR116_clade;g__unidentified_SAR116_clade;s__alpha_proteobacterium_SCGC_AAA536-K22;
Nitrosomonas_oligotropha,37,0,0,0,0,k__Bacteria;p__Proteobacteria;c__Betaproteobacteria;o__Nitrosomonadales;f__Nitrosomonadaceae;g__Nitrosomonas;s__Nitrosomonas_oligotropha;
delta_proteobacterium_WX81,4,7,36,2,10,k__Bacteria;p__Proteobacteria;c__Deltaproteobacteria;o__GR-WP33-30;f__unidentified_GR-WP33-30;g__unidentified_GR-WP33-30;s__delta_proteobacterium_WX81;
Rhodospirillales_bacterium_WX36,15,11,5,35,18,k__Bacteria;p__Proteobacteria;c__Alphaproteobacteria;o__Rhodospirillales;f__Rhodospirillaceae;g__unidentified_Rhodospirillaceae;s__Rhodospirillales_bacterium_WX36;
Thalassospira_lucentensis,1,0,31,19,5,k__Bacteria;p__Proteobacteria;c__Alphaproteobacteria;o__Rhodospirillales;f__Rhodospirillaceae;g__Thalassospira;s__Thalassospira_lucentensis;
Gaiella_sp._EBR4-R2,29,10,30,31,20,k__Bacteria;p__Actinobacteria;c__Thermoleophilia;o__Gaiellales;f__unidentified_Gaiellales;g__unidentified_Gaiellales;s__Gaiella_sp._EBR4-R2;
Acidobacteria_bacterium_enrichment_culture_clone_CV-04,18,24,31,14,29,k__Bacteria;p__Acidobacteria;c__Holophagae;o__Subgroup_7;f__unidentified_Subgroup_7;g__unidentified_Subgroup_7;s__Acidobacteria_bacterium_enrichment_culture_clone_CV-04;
anaerobic_bacterium_MO-CFX2,15,9,29,20,19,k__Bacteria;p__Chloroflexi;c__Anaerolineae;o__Anaerolineales;f__Anaerolineaceae;g__unidentified_Anaerolineaceae;s__anaerobic_bacterium_MO-CFX2;
Lactobacillus_sakei,24,8,12,17,27,k__Bacteria;p__Firmicutes;c__Bacilli;o__Lactobacillales;f__Lactobacillaceae;g__Lactobacillus;s__Lactobacillus_sakei;
Brevundimonas_diminuta,17,7,13,25,26,k__Bacteria;p__Proteobacteria;c__Alphaproteobacteria;o__Caulobacterales;f__Caulobacteraceae;g__Brevundimonas;s__Brevundimonas_diminuta;
Planctomycetaceae_bacterium_LX124,5,8,25,2,3,k__Bacteria;p__Planctomycetes;c__Planctomycetacia;o__Planctomycetales;f__Planctomycetaceae;g__Pir4_lineage;s__Planctomycetaceae_bacterium_LX124;
Chryseobacterium_soldanellicola,6,1,24,5,3,k__Bacteria;p__Bacteroidetes;c__Flavobacteriia;o__Flavobacteriales;f__Flavobacteriaceae;g__Chryseobacterium;s__Chryseobacterium_soldanellicola;
Thermomonas_fusca,1,1,23,5,5,k__Bacteria;p__Proteobacteria;c__Gammaproteobacteria;o__Xanthomonadales;f__Xanthomonadaceae;g__Thermomonas;s__Thermomonas_fusca;
bacterium_enrichment_culture_clone_33.2013.,5,2,22,4,14,k__Bacteria;p__Proteobacteria;c__Deltaproteobacteria;o__Myxococcales;f__Sandaracinaceae;g__unidentified_Sandaracinaceae;s__bacterium_enrichment_culture_clone_33.2013.;
Lactobacillus_animalis,21,1,6,1,3,k__Bacteria;p__Firmicutes;c__Bacilli;o__Lactobacillales;f__Lactobacillaceae;g__Lactobacillus;s__Lactobacillus_animalis;
Thalassobacter_stenotrophicus,20,13,14,13,12,k__Bacteria;p__Proteobacteria;c__Alphaproteobacteria;o__Rhodobacterales;f__Rhodobacteraceae;g__Thalassobacter;s__Thalassobacter_stenotrophicus;
Flavobacterium_cauense,20,0,3,1,1,k__Bacteria;p__Bacteroidetes;c__Flavobacteriia;o__Flavobacteriales;f__Flavobacteriaceae;g__Flavobacterium;s__Flavobacterium_cauense;
Prasiolopsis_sp._SAG_84.81,2,19,2,1,0,k__Bacteria;p__Cyanobacteria;c__Chloroplast;o__unidentified_Chloroplast;f__unidentified_Chloroplast;g__unidentified_Chloroplast;s__Prasiolopsis_sp._SAG_84.81;
bacterium_TG159,19,10,16,5,12,k__Bacteria;p__Proteobacteria;c__Betaproteobacteria;o__Nitrosomonadales;f__Nitrosomonadaceae;g__unidentified_Nitrosomonadaceae;s__bacterium_TG159;
Halomonadaceae_bacterium_PH27A,0,0,18,10,5,k__Bacteria;p__Proteobacteria;c__Gammaproteobacteria;o__Oceanospirillales;f__Oceanospirillaceae;g__Marinospirillum;s__Halomonadaceae_bacterium_PH27A;
alpha_proteobacterium_BAC29,17,5,1,1,2,k__Bacteria;p__Proteobacteria;c__Betaproteobacteria;o__Nitrosomonadales;f__Nitrosomonadaceae;g__unidentified_Nitrosomonadaceae;s__alpha_proteobacterium_BAC29;
Alcaligenes_faecalis,5,2,3,17,10,k__Bacteria;p__Proteobacteria;c__Betaproteobacteria;o__Burkholderiales;f__Alcaligenaceae;g__Alcaligenes;s__Alcaligenes_faecalis;
alpha_proteobacterium_HIMB114,8,17,2,4,1,k__Bacteria;p__Proteobacteria;c__Alphaproteobacteria;o__SAR11_clade;f__unidentified_SAR11_clade;g__unidentified_SAR11_clade;s__alpha_proteobacterium_HIMB114;
Sulfitobacter_sp._MM-124,2,3,15,7,17,k__Bacteria;p__Proteobacteria;c__Alphaproteobacteria;o__Rhodobacterales;f__Rhodobacteraceae;g__Sulfitobacter;s__Sulfitobacter_sp._MM-124;
Clostridium_sp._enrichment_culture_clone_VanCtr97,0,1,7,7,16,k__Bacteria;p__Firmicutes;c__Clostridia;o__Clostridiales;f__Christensenellaceae;g__Christensenellaceae_R-7_group;s__Clostridium_sp._enrichment_culture_clone_VanCtr97;
Iamia_majanohamensis,3,16,3,2,1,k__Bacteria;p__Actinobacteria;c__Acidimicrobiia;o__Acidimicrobiales;f__Iamiaceae;g__Iamia;s__Iamia_majanohamensis;
Microbacterium_oxydans,2,16,2,2,5,k__Bacteria;p__Actinobacteria;c__unidentified_Actinobacteria;o__Micrococcales;f__Microbacteriaceae;g__Microbacterium;s__Microbacterium_oxydans;
Brevundimonas_alba,4,10,16,6,12,k__Bacteria;p__Proteobacteria;c__Alphaproteobacteria;o__Caulobacterales;f__Caulobacteraceae;g__Brevundimonas;s__Brevundimonas_alba;
Chlorobium_limicola,0,0,12,5,16,k__Bacteria;p__Chlorobi;c__Chlorobia;o__Chlorobiales;f__Chlorobiaceae;g__Chlorobium;s__Chlorobium_limicola;
Sulfurospirillum_sp._UCH001,0,0,4,7,15,k__Bacteria;p__Proteobacteria;c__Epsilonproteobacteria;o__Campylobacterales;f__Campylobacteraceae;g__Sulfurospirillum;s__Sulfurospirillum_sp._UCH001;
Pseudochrobactrum_saccharolyticum,7,9,5,15,5,k__Bacteria;p__Proteobacteria;c__Alphaproteobacteria;o__Rhizobiales;f__Brucellaceae;g__Pseudochrobactrum;s__Pseudochrobactrum_saccharolyticum;
Acidobacteria_bacterium_IGE-005,11,3,8,2,14,k__Bacteria;p__Acidobacteria;c__unidentified_Acidobacteria;o__Subgroup_6;f__unidentified_Acidobacteria;g__unidentified_Acidobacteria;s__Acidobacteria_bacterium_IGE-005;
Methylophaga_marina,0,0,13,10,12,k__Bacteria;p__Proteobacteria;c__Gammaproteobacteria;o__Thiotrichales;f__Piscirickettsiaceae;g__Methylophaga;s__Methylophaga_marina;
Photobacterium_kishitanii,9,3,13,11,5,k__Bacteria;p__Proteobacteria;c__Gammaproteobacteria;o__Vibrionales;f__Vibrionaceae;g__Photobacterium;s__Photobacterium_kishitanii;
Acidobacteria_bacterium_IGE-010,0,2,12,1,1,k__Bacteria;p__Acidobacteria;c__unidentified_Acidobacteria;o__Subgroup_6;f__unidentified_Acidobacteria;g__unidentified_Acidobacteria;s__Acidobacteria_bacterium_IGE-010;
Thaumarchaeota_archaeon_MY2,12,0,0,0,11,k__Archaea;p__Thaumarchaeota;c__unidentified_Thaumarchaeota;o__unidentified_Thaumarchaeota;f__unidentified_Thaumarchaeota;g__unidentified_Thaumarchaeota;s__Thaumarchaeota_archaeon_MY2;
Oceanospirillum_linum,2,2,11,5,2,k__Bacteria;p__Proteobacteria;c__Gammaproteobacteria;o__Oceanospirillales;f__Oceanospirillaceae;g__Oceanospirillum;s__Oceanospirillum_linum;
Parabacteroides_distasonis,0,0,0,0,11,k__Bacteria;p__Bacteroidetes;c__Bacteroidia;o__Bacteroidales;f__Porphyromonadaceae;g__Parabacteroides;s__Parabacteroides_distasonis;
Thiomicrospira_sp._Milos-T2,11,6,0,1,0,k__Bacteria;p__Proteobacteria;c__Gammaproteobacteria;o__Thiotrichales;f__Piscirickettsiaceae;g__Thiomicrospira;s__Thiomicrospira_sp._Milos-T2;
Tenacibaculum_mesophilum,1,1,10,3,7,k__Bacteria;p__Bacteroidetes;c__Flavobacteriia;o__Flavobacteriales;f__Flavobacteriaceae;g__Tenacibaculum;s__Tenacibaculum_mesophilum;
bacterium_enrichment_culture_clone_B30.2011.,8,6,10,2,8,k__Bacteria;p__Proteobacteria;c__Deltaproteobacteria;o__GR-WP33-30;f__unidentified_GR-WP33-30;g__unidentified_GR-WP33-30;s__bacterium_enrichment_culture_clone_B30.2011.;
Gammaproteobacteria_bacterium_Q1,3,1,10,3,3,k__Bacteria;p__Proteobacteria;c__Gammaproteobacteria;o__Alteromonadales;f__Alteromonadaceae;g__unidentified_Alteromonadaceae;s__Gammaproteobacteria_bacterium_Q1;
bacterium_RFB_D08,4,4,10,7,0,k__Bacteria;p__Gracilibacteria;c__unidentified_Gracilibacteria;o__unidentified_Gracilibacteria;f__unidentified_Gracilibacteria;g__unidentified_Gracilibacteria;s__bacterium_RFB_D08;
Thalassomonas_viridans,4,2,9,6,10,k__Bacteria;p__Proteobacteria;c__Gammaproteobacteria;o__Alteromonadales;f__Colwelliaceae;g__Thalassomonas;s__Thalassomonas_viridans;
Exiguobacterium_aurantiacum,4,0,10,2,3,k__Bacteria;p__Firmicutes;c__Bacilli;o__Bacillales;f__Family_XII;g__Exiguobacterium;s__Exiguobacterium_aurantiacum;
Devosia_riboflavina,1,1,1,1,10,k__Bacteria;p__Proteobacteria;c__Alphaproteobacteria;o__Rhizobiales;f__Hyphomicrobiaceae;g__Devosia;s__Devosia_riboflavina;
bacterium_enrichment_culture_clone_SRAO_47,3,4,9,2,2,k__Bacteria;p__Chlorobi;c__Ignavibacteria;o__Ignavibacteriales;f__Ignavibacteriaceae;g__Ignavibacterium;s__bacterium_enrichment_culture_clone_SRAO_47;
Exiguobacterium_undae,2,0,9,6,3,k__Bacteria;p__Firmicutes;c__Bacilli;o__Bacillales;f__Family_XII;g__Exiguobacterium;s__Exiguobacterium_undae;
Legionella_sp.,1,6,2,9,4,k__Bacteria;p__Proteobacteria;c__Gammaproteobacteria;o__Legionellales;f__Legionellaceae;g__Legionella;s__Legionella_sp.;
Myxococcales_bacterium_enrichment_culture_clone_11380,8,5,7,1,4,k__Bacteria;p__Proteobacteria;c__Deltaproteobacteria;o__Syntrophobacterales;f__Syntrophaceae;g__unidentified_Syntrophaceae;s__Myxococcales_bacterium_enrichment_culture_clone_11380;
Nitrosomonas_europaea,8,5,8,6,8,k__Bacteria;p__Proteobacteria;c__Betaproteobacteria;o__Nitrosomonadales;f__Nitrosomonadaceae;g__Nitrosomonas;s__Nitrosomonas_europaea;
Solitalea_canadensis,3,2,2,0,7,k__Bacteria;p__Bacteroidetes;c__Sphingobacteriia;o__Sphingobacteriales;f__Sphingobacteriaceae;g__Solitalea;s__Solitalea_canadensis;
Staphylococcus_aureus,5,2,3,7,5,k__Bacteria;p__Firmicutes;c__Bacilli;o__Bacillales;f__Staphylococcaceae;g__Staphylococcus;s__Staphylococcus_aureus;
bacterium_enrichment_culture_clone_SRAO_28,1,3,2,7,6,k__Bacteria;p__Proteobacteria;c__Alphaproteobacteria;o__DB1-14;f__unidentified_DB1-14;g__unidentified_DB1-14;s__bacterium_enrichment_culture_clone_SRAO_28;
Nodosilinea_sp._CENA137,0,7,0,0,1,k__Bacteria;p__Cyanobacteria;c__unidentified_Cyanobacteria;o__SubsectionIII;f__FamilyI;g__unidentified_Cyanobacteria;s__Nodosilinea_sp._CENA137;
Nocardia_cummidelens,5,1,1,7,2,k__Bacteria;p__Actinobacteria;c__unidentified_Actinobacteria;o__Corynebacteriales;f__Nocardiaceae;g__Nocardia;s__Nocardia_cummidelens;
bacterium_enrichment_culture_clone_36.2013.,0,0,7,4,7,k__Bacteria;p__Proteobacteria;c__Gammaproteobacteria;o__Xanthomonadales;f__JTB255_marine_benthic_group;g__unidentified_JTB255_marine_benthic_group;s__bacterium_enrichment_culture_clone_36.2013.;
Gemmatimonadetes_bacterium_LX87,3,0,5,7,4,k__Bacteria;p__Gemmatimonadetes;c__unidentified_Gemmatimonadetes;o__Gemmatimonadales;f__Gemmatimonadaceae;g__unidentified_Gemmatimonadetes;s__Gemmatimonadetes_bacterium_LX87;
Thalassotalea_agarivorans,0,0,6,1,0,k__Bacteria;p__Proteobacteria;c__Gammaproteobacteria;o__Alteromonadales;f__Colwelliaceae;g__Thalassotalea;s__Thalassotalea_agarivorans;
Paenibacillus_alginolyticus,2,4,2,2,6,k__Bacteria;p__Firmicutes;c__Bacilli;o__Bacillales;f__Paenibacillaceae;g__Paenibacillus;s__Paenibacillus_alginolyticus;
Pseudoxanthomonas_mexicana,2,3,6,2,3,k__Bacteria;p__Proteobacteria;c__Gammaproteobacteria;o__Xanthomonadales;f__Xanthomonadaceae;g__Pseudoxanthomonas;s__Pseudoxanthomonas_mexicana;
Clostridium_methylpentosum,2,0,5,6,0,k__Bacteria;p__Firmicutes;c__Clostridia;o__Clostridiales;f__Ruminococcaceae;g__Ruminiclostridium;s__Clostridium_methylpentosum;
Rhodomonas_salina,6,0,2,0,1,k__Bacteria;p__Cyanobacteria;c__Chloroplast;o__unidentified_Chloroplast;f__unidentified_Chloroplast;g__unidentified_Chloroplast;s__Rhodomonas_salina;
Pedobacter_glucosidilyticus,2,6,1,1,1,k__Bacteria;p__Bacteroidetes;c__Sphingobacteriia;o__Sphingobacteriales;f__Sphingobacteriaceae;g__Pedobacter;s__Pedobacter_glucosidilyticus;
Solitalea_koreensis,1,1,6,0,0,k__Bacteria;p__Bacteroidetes;c__Sphingobacteriia;o__Sphingobacteriales;f__Sphingobacteriaceae;g__Solitalea;s__Solitalea_koreensis;
Arcobacter_molluscorum,2,1,6,4,0,k__Bacteria;p__Proteobacteria;c__Epsilonproteobacteria;o__Campylobacterales;f__Campylobacteraceae;g__Arcobacter;s__Arcobacter_molluscorum;
Paenibacillus_castaneae,0,2,6,0,4,k__Bacteria;p__Firmicutes;c__Bacilli;o__Bacillales;f__Paenibacillaceae;g__Paenibacillus;s__Paenibacillus_castaneae;
Colwellia_aestuarii,1,1,4,5,3,k__Bacteria;p__Proteobacteria;c__Gammaproteobacteria;o__Alteromonadales;f__Colwelliaceae;g__Colwellia;s__Colwellia_aestuarii;
bacterium_enrichment_culture_clone_22.2013.,0,2,1,5,0,k__Bacteria;p__Proteobacteria;c__Deltaproteobacteria;o__Sva0485;f__unidentified_Sva0485;g__unidentified_Sva0485;s__bacterium_enrichment_culture_clone_22.2013.;
Chryseobacterium_antarcticum,0,0,5,0,0,k__Bacteria;p__Bacteroidetes;c__Flavobacteriia;o__Flavobacteriales;f__Flavobacteriaceae;g__Chryseobacterium;s__Chryseobacterium_antarcticum;
bacterium_WHC4-2,4,5,0,0,0,k__Bacteria;p__Cyanobacteria;c__Chloroplast;o__unidentified_Chloroplast;f__unidentified_Chloroplast;g__unidentified_Chloroplast;s__bacterium_WHC4-2;
Roseovarius_aestuarii,0,0,2,3,5,k__Bacteria;p__Proteobacteria;c__Alphaproteobacteria;o__Rhodobacterales;f__Rhodobacteraceae;g__Roseovarius;s__Roseovarius_aestuarii;
Rhodobacterales_bacterium_CB1025,0,0,0,1,5,k__Bacteria;p__Proteobacteria;c__Alphaproteobacteria;o__Rhodobacterales;f__Rhodobacteraceae;g__unidentified_Rhodobacteraceae;s__Rhodobacterales_bacterium_CB1025;
Acinetobacter_calcoaceticus,2,2,5,0,1,k__Bacteria;p__Proteobacteria;c__Gammaproteobacteria;o__Pseudomonadales;f__Moraxellaceae;g__Acinetobacter;s__Acinetobacter_calcoaceticus;
Psychrobacter_pacificensis,0,0,3,4,5,k__Bacteria;p__Proteobacteria;c__Gammaproteobacteria;o__Pseudomonadales;f__Moraxellaceae;g__Psychrobacter;s__Psychrobacter_pacificensis;
Phalacroma_mitra,2,4,2,0,0,k__Bacteria;p__Cyanobacteria;c__Chloroplast;o__unidentified_Chloroplast;f__unidentified_Chloroplast;g__unidentified_Chloroplast;s__Phalacroma_mitra;
Nannochloropsis_gaditana,0,4,0,0,0,k__Bacteria;p__Planctomycetes;c__Phycisphaerae;o__Phycisphaerales;f__Phycisphaeraceae;g__SM1A02;s__Nannochloropsis_gaditana;
Turneriella_parva,3,3,4,4,2,k__Bacteria;p__Spirochaetes;c__unidentified_Spirochaetes;o__Spirochaetales;f__Leptospiraceae;g__Turneriella;s__Turneriella_parva;
Thiobaca_trueperi,0,0,2,1,4,k__Bacteria;p__Proteobacteria;c__Gammaproteobacteria;o__Chromatiales;f__Chromatiaceae;g__Thiobaca;s__Thiobaca_trueperi;
Lewinella_nigricans,0,0,1,4,2,k__Bacteria;p__Bacteroidetes;c__Sphingobacteriia;o__Sphingobacteriales;f__Saprospiraceae;g__Lewinella;s__Lewinella_nigricans;
Bacteroidetes_bacterium_ArSB,4,2,0,0,4,k__Bacteria;p__Bacteroidetes;c__Cytophagia;o__Cytophagales;f__Cytophagaceae;g__unidentified_Cytophagaceae;s__Bacteroidetes_bacterium_ArSB;
delta_proteobacterium_LWH25,4,1,0,0,2,k__Bacteria;p__Proteobacteria;c__Deltaproteobacteria;o__Myxococcales;f__Haliangiaceae;g__Haliangium;s__delta_proteobacterium_LWH25;
Virgulinella_fragilis,0,3,1,4,0,k__Bacteria;p__Cyanobacteria;c__Chloroplast;o__unidentified_Chloroplast;f__unidentified_Chloroplast;g__unidentified_Chloroplast;s__Virgulinella_fragilis;
Marinimicrobia_bacterium_SCGC_AAA298-D23,4,3,1,2,1,k__Bacteria;p__Marinimicrobia_.SAR406_clade.;c__unidentified_Marinimicrobia_.SAR406_clade.;o__unidentified_Marinimicrobia_.SAR406_clade.;f__unidentified_Marinimicrobia_.SAR406_clade.;g__unidentified_Marinimicrobia_.SAR406_clade.;s__Marinimicrobia_bacterium_SCGC_AAA298-D23;
SAR324_cluster_bacterium_JCVI-SC_AAA005,3,4,1,1,0,k__Bacteria;p__Proteobacteria;c__Deltaproteobacteria;o__SAR324_clade.Marine_group_B.;f__unidentified_SAR324_clade.Marine_group_B.;g__unidentified_SAR324_clade.Marine_group_B.;s__SAR324_cluster_bacterium_JCVI-SC_AAA005;
alpha_proteobacterium_DG1252,0,0,4,0,2,k__Bacteria;p__Proteobacteria;c__Alphaproteobacteria;o__Rhodospirillales;f__Rhodospirillaceae;g__unidentified_Rhodospirillaceae;s__alpha_proteobacterium_DG1252;
Thiothrix_sp._FBR0112,0,0,4,1,3,k__Bacteria;p__Proteobacteria;c__Gammaproteobacteria;o__Thiotrichales;f__Thiotrichaceae;g__Thiothrix;s__Thiothrix_sp._FBR0112;
Clostridium_termitidis,1,2,0,0,4,k__Bacteria;p__Firmicutes;c__Clostridia;o__Clostridiales;f__Ruminococcaceae;g__Ruminiclostridium_1;s__Clostridium_termitidis;
Isoptericola_variabilis,1,2,1,4,2,k__Bacteria;p__Actinobacteria;c__unidentified_Actinobacteria;o__Micrococcales;f__Promicromonosporaceae;g__Isoptericola;s__Isoptericola_variabilis;
Brevundimonas_vesicularis,1,1,1,3,4,k__Bacteria;p__Proteobacteria;c__Alphaproteobacteria;o__Caulobacterales;f__Caulobacteraceae;g__Brevundimonas;s__Brevundimonas_vesicularis;
Lactobacillus_gasseri,1,4,3,0,1,k__Bacteria;p__Firmicutes;c__Bacilli;o__Lactobacillales;f__Lactobacillaceae;g__Lactobacillus;s__Lactobacillus_gasseri;
Nitrospira_sp._enrichment_culture_clone_Aa01,0,0,1,3,1,k__Bacteria;p__Nitrospirae;c__Nitrospira;o__Nitrospirales;f__Nitrospiraceae;g__unidentified_Nitrospiraceae;s__Nitrospira_sp._enrichment_culture_clone_Aa01;
Clostridium_frigidicarnis,0,0,0,3,1,k__Bacteria;p__Firmicutes;c__Clostridia;o__Clostridiales;f__Clostridiaceae_1;g__Clostridium_sensu_stricto_2;s__Clostridium_frigidicarnis;
Nitrospira_sp._enrichment_culture_clone_M1-9,2,0,2,3,3,k__Bacteria;p__Nitrospirae;c__Nitrospira;o__Nitrospirales;f__Nitrospiraceae;g__unidentified_Nitrospiraceae;s__Nitrospira_sp._enrichment_culture_clone_M1-9;
iron-reducing_bacterium_enrichment_culture_clone_FEA_2_A6,0,0,2,0,3,k__Bacteria;p__Firmicutes;c__Clostridia;o__Clostridiales;f__Ruminococcaceae;g__Fastidiosipila;s__iron-reducing_bacterium_enrichment_culture_clone_FEA_2_A6;
iron-reducing_bacterium_enrichment_culture_clone_HN19,2,3,0,0,0,k__Bacteria;p__Bacteroidetes;c__Bacteroidia;o__Bacteroidales;f__Bacteroidaceae;g__Bacteroides;s__iron-reducing_bacterium_enrichment_culture_clone_HN19;
Sphingobacterium_multivorum,1,0,1,3,1,k__Bacteria;p__Bacteroidetes;c__Sphingobacteriia;o__Sphingobacteriales;f__Sphingobacteriaceae;g__Sphingobacterium;s__Sphingobacterium_multivorum;
Burkholderia_tropica,3,1,0,0,2,k__Bacteria;p__Proteobacteria;c__Betaproteobacteria;o__Burkholderiales;f__Burkholderiaceae;g__Burkholderia;s__Burkholderia_tropica;
Maricaulis_maris,1,0,3,0,0,k__Bacteria;p__Proteobacteria;c__Alphaproteobacteria;o__Caulobacterales;f__Hyphomonadaceae;g__Maricaulis;s__Maricaulis_maris;
bacterium_Ellin517,0,0,1,3,0,k__Bacteria;p__Verrucomicrobia;c__OPB35_soil_group;o__unidentified_OPB35_soil_group;f__unidentified_OPB35_soil_group;g__unidentified_OPB35_soil_group;s__bacterium_Ellin517;
Psychrobacter_faecalis,3,1,2,0,1,k__Bacteria;p__Proteobacteria;c__Gammaproteobacteria;o__Pseudomonadales;f__Moraxellaceae;g__Psychrobacter;s__Psychrobacter_faecalis;
bacterium_WH4-9,0,2,3,1,2,k__Bacteria;p__Firmicutes;c__Clostridia;o__Clostridiales;f__Family_XII;g__Fusibacter;s__bacterium_WH4-9;
Agarivorans_albus,1,1,3,2,0,k__Bacteria;p__Proteobacteria;c__Gammaproteobacteria;o__Alteromonadales;f__Alteromonadaceae;g__Agarivorans;s__Agarivorans_albus;
Methylobacterium_radiotolerans,3,1,3,0,0,k__Bacteria;p__Proteobacteria;c__Alphaproteobacteria;o__Rhizobiales;f__Methylobacteriaceae;g__Methylobacterium;s__Methylobacterium_radiotolerans;
bacterium_enrichment_culture_clone_12631,2,3,0,0,2,k__Bacteria;p__Planctomycetes;c__Phycisphaerae;o__Phycisphaerales;f__Phycisphaeraceae;g__I-8;s__bacterium_enrichment_culture_clone_12631;
Paenibacillus_sp._HA10,2,0,0,1,0,k__Bacteria;p__Firmicutes;c__Bacilli;o__Bacillales;f__Paenibacillaceae;g__Paenibacillus;s__Paenibacillus_sp._HA10;
Gemmata_sp._Wa1-6,0,2,0,2,0,k__Bacteria;p__Planctomycetes;c__Planctomycetacia;o__Planctomycetales;f__Planctomycetaceae;g__Gemmata;s__Gemmata_sp._Wa1-6;
Propionibacterium_acnes,1,0,1,1,2,k__Bacteria;p__Actinobacteria;c__unidentified_Actinobacteria;o__Propionibacteriales;f__Propionibacteriaceae;g__Propionibacterium;s__Propionibacterium_acnes;
Heterosigma_akashiwo,2,0,0,0,0,k__Bacteria;p__Cyanobacteria;c__Chloroplast;o__unidentified_Chloroplast;f__unidentified_Chloroplast;g__unidentified_Chloroplast;s__Heterosigma_akashiwo;
Bdellovibrio_bacteriovorus,1,2,2,0,1,k__Bacteria;p__Proteobacteria;c__Deltaproteobacteria;o__Bdellovibrionales;f__Bdellovibrionaceae;g__Bdellovibrio;s__Bdellovibrio_bacteriovorus;
bacterium_enrichment_culture_clone_EBa4,1,2,2,0,2,k__Bacteria;p__Proteobacteria;c__Gammaproteobacteria;o__Legionellales;f__Coxiellaceae;g__Aquicella;s__bacterium_enrichment_culture_clone_EBa4;
Phaeodactylibacter_sp._GYP20,2,0,0,0,0,k__Bacteria;p__Bacteroidetes;c__Sphingobacteriia;o__Sphingobacteriales;f__Saprospiraceae;g__Phaeodactylibacter;s__Phaeodactylibacter_sp._GYP20;
actinomycete_Sa375,0,0,0,0,2,k__Bacteria;p__Actinobacteria;c__unidentified_Actinobacteria;o__Pseudonocardiales;f__Pseudonocardiaceae;g__Streptoalloteichus;s__actinomycete_Sa375;
Clostridium_sp._6-69,0,1,2,0,2,k__Bacteria;p__Firmicutes;c__Clostridia;o__Clostridiales;f__Peptostreptococcaceae;g__Intestinibacter;s__Clostridium_sp._6-69;
Roseomonas_cervicalis,0,0,0,2,0,k__Bacteria;p__Proteobacteria;c__Alphaproteobacteria;o__Rhodospirillales;f__Acetobacteraceae;g__Roseomonas;s__Roseomonas_cervicalis;
Streptococcus_danieliae,2,0,0,2,0,k__Bacteria;p__Firmicutes;c__Bacilli;o__Lactobacillales;f__Streptococcaceae;g__Streptococcus;s__Streptococcus_danieliae;
Desulfobotulus_sp._BG14,0,2,2,1,1,k__Bacteria;p__Proteobacteria;c__Deltaproteobacteria;o__Desulfobacterales;f__Desulfobacteraceae;g__Desulfocella;s__Desulfobotulus_sp._BG14;
bacterium_enrichment_culture_clone_Anammox_14,0,0,2,2,1,k__Bacteria;p__Chlorobi;c__Chlorobia;o__Chlorobiales;f__SJA-28;g__unidentified_SJA-28;s__bacterium_enrichment_culture_clone_Anammox_14;
Xanthomonas_sp._ML-122,0,2,1,2,0,k__Bacteria;p__Proteobacteria;c__Gammaproteobacteria;o__Xanthomonadales;f__Xanthomonadaceae;g__unidentified_Xanthomonadaceae;s__Xanthomonas_sp._ML-122;
Algimonas_ampicilliniresistens,0,0,1,2,0,k__Bacteria;p__Proteobacteria;c__Alphaproteobacteria;o__Caulobacterales;f__Hyphomonadaceae;g__Algimonas;s__Algimonas_ampicilliniresistens;
Hahella_antarctica,2,1,0,0,0,k__Bacteria;p__Proteobacteria;c__Gammaproteobacteria;o__Oceanospirillales;f__Hahellaceae;g__Hahella;s__Hahella_antarctica;
Clostridium_mangenotii,2,0,1,1,2,k__Bacteria;p__Firmicutes;c__Clostridia;o__Clostridiales;f__Peptostreptococcaceae;g__Peptoclostridium;s__Clostridium_mangenotii;
gamma_proteobacterium_Y001,2,0,1,0,2,k__Bacteria;p__Proteobacteria;c__Gammaproteobacteria;o__Cellvibrionales;f__Cellvibrionaceae;g__Simiduia;s__gamma_proteobacterium_Y001;
Terasakiella_pusilla,0,0,2,0,0,k__Bacteria;p__Proteobacteria;c__Alphaproteobacteria;o__Rhodospirillales;f__Rhodospirillaceae;g__Thalassospira;s__Terasakiella_pusilla;
planctomycete_A-2,0,0,0,1,2,k__Bacteria;p__Planctomycetes;c__OM190;o__unidentified_OM190;f__unidentified_OM190;g__unidentified_OM190;s__planctomycete_A-2;
agricultural_soil_bacterium_SC-I-81,2,0,2,0,0,k__Bacteria;p__Proteobacteria;c__Gammaproteobacteria;o__Legionellales;f__Coxiellaceae;g__Aquicella;s__agricultural_soil_bacterium_SC-I-81;
bacterium_KD52,0,2,1,0,0,k__Bacteria;p__Bacteroidetes;c__Sphingobacteriia;o__Sphingobacteriales;f__Saprospiraceae;g__Phaeodactylibacter;s__bacterium_KD52;
Flavobacterium_sp._HME6421,0,0,2,1,0,k__Bacteria;p__Bacteroidetes;c__Flavobacteriia;o__Flavobacteriales;f__Flavobacteriaceae;g__Flavobacterium;s__Flavobacterium_sp._HME6421;
Oceanospirillaceae_bacterium_Y32,0,1,2,1,0,k__Bacteria;p__Proteobacteria;c__Gammaproteobacteria;o__Oceanospirillales;f__Oceanospirillaceae;g__Litoribacillus;s__Oceanospirillaceae_bacterium_Y32;
Leptonema_illini,2,0,1,0,1,k__Bacteria;p__Spirochaetes;c__unidentified_Spirochaetes;o__Spirochaetales;f__Leptospiraceae;g__Leptonema;s__Leptonema_illini;
Aciditerrimonas_sp._CH22-21,0,2,1,1,2,k__Bacteria;p__Actinobacteria;c__Acidimicrobiia;o__Acidimicrobiales;f__Iamiaceae;g__Iamia;s__Aciditerrimonas_sp._CH22-21;
alpha_proteobacterium_RS24,0,2,1,0,0,k__Bacteria;p__Proteobacteria;c__Alphaproteobacteria;o__OCS116_clade;f__unidentified_OCS116_clade;g__unidentified_OCS116_clade;s__alpha_proteobacterium_RS24;
Sphingobacterium_spiritivorum,0,0,0,2,0,k__Bacteria;p__Bacteroidetes;c__Sphingobacteriia;o__Sphingobacteriales;f__Sphingobacteriaceae;g__Sphingobacterium;s__Sphingobacterium_spiritivorum;
Nannocystis_pusilla,1,0,0,0,2,k__Bacteria;p__Proteobacteria;c__Deltaproteobacteria;o__Myxococcales;f__Nannocystaceae;g__Nannocystis;s__Nannocystis_pusilla;
alpha_proteobacterium_KC-IT-H2,1,0,2,1,1,k__Bacteria;p__Proteobacteria;c__Alphaproteobacteria;o__Rhizobiales;f__unidentified_Rhizobiales;g__Phreatobacter;s__alpha_proteobacterium_KC-IT-H2;
proteobacterium_symbiont_of_Osedax_sp._MB4,0,0,2,2,2,k__Bacteria;p__Proteobacteria;c__Gammaproteobacteria;o__Oceanospirillales;f__Oceanospirillaceae;g__Neptunomonas;s__proteobacterium_symbiont_of_Osedax_sp._MB4;
saltmarsh_clone_LCP-68,0,0,2,0,2,k__Bacteria;p__Gemmatimonadetes;c__unidentified_Gemmatimonadetes;o__unidentified_Gemmatimonadetes;f__PAUC43f_marine_benthic_group;g__unidentified_Gemmatimonadetes;s__saltmarsh_clone_LCP-68;
Acidobacteria_bacterium_IGE-016,2,0,0,0,1,k__Bacteria;p__Acidobacteria;c__unidentified_Acidobacteria;o__Subgroup_3;f__unidentified_Acidobacteria;g__Bryobacter;s__Acidobacteria_bacterium_IGE-016;
Paenibacillus_sp._BF32,0,0,1,0,2,k__Bacteria;p__Firmicutes;c__Bacilli;o__Bacillales;f__Paenibacillaceae;g__Paenibacillus;s__Paenibacillus_sp._BF32;
bacterium_enrichment_culture_clone_Anammox_11,1,0,2,1,0,k__Bacteria;p__Planctomycetes;c__Phycisphaerae;o__CCM11a;f__unidentified_CCM11a;g__unidentified_CCM11a;s__bacterium_enrichment_culture_clone_Anammox_11;
environmental_clone_OCS162,1,1,0,0,0,k__Bacteria;p__Cyanobacteria;c__Chloroplast;o__unidentified_Chloroplast;f__unidentified_Chloroplast;g__unidentified_Chloroplast;s__environmental_clone_OCS162;
Bacteroides_acidifaciens,1,0,0,1,1,k__Bacteria;p__Bacteroidetes;c__Bacteroidia;o__Bacteroidales;f__Bacteroidaceae;g__Bacteroides;s__Bacteroides_acidifaciens;
Brochothrix_thermosphacta,1,0,1,0,1,k__Bacteria;p__Firmicutes;c__Bacilli;o__Bacillales;f__Listeriaceae;g__Brochothrix;s__Brochothrix_thermosphacta;
Sphingomonas_faeni,1,0,0,1,0,k__Bacteria;p__Proteobacteria;c__Alphaproteobacteria;o__Sphingomonadales;f__Sphingomonadaceae;g__Sphingomonas;s__Sphingomonas_faeni;
bacterium_enrichment_culture_clone_Anammox_9,1,1,1,0,1,k__Bacteria;p__Deferribacteres;c__unidentified_Deferribacteres;o__unidentified_Deferribacteres;f__unidentified_Deferribacteres;g__Caldithrix;s__bacterium_enrichment_culture_clone_Anammox_9;
Colobanthus_quitensis,0,0,1,0,1,k__Bacteria;p__Actinobacteria;c__Thermoleophilia;o__Solirubrobacterales;f__Patulibacteraceae;g__Patulibacter;s__Colobanthus_quitensis;
Rhodella_violacea,1,0,0,1,0,k__Bacteria;p__Cyanobacteria;c__Chloroplast;o__unidentified_Chloroplast;f__unidentified_Chloroplast;g__unidentified_Chloroplast;s__Rhodella_violacea;
Flavobacterium_sp._NW18,1,0,1,1,0,k__Bacteria;p__Bacteroidetes;c__Flavobacteriia;o__Flavobacteriales;f__Flavobacteriaceae;g__Flavobacterium;s__Flavobacterium_sp._NW18;
Sphingobacterium_sp._3-0-1,1,0,0,1,0,k__Bacteria;p__Bacteroidetes;c__Sphingobacteriia;o__Sphingobacteriales;f__Sphingobacteriaceae;g__Sphingobacterium;s__Sphingobacterium_sp._3-0-1;
Luteolibacter_algae,0,0,1,0,1,k__Bacteria;p__Verrucomicrobia;c__Verrucomicrobiae;o__Verrucomicrobiales;f__Verrucomicrobiaceae;g__Luteolibacter;s__Luteolibacter_algae;
alpha_proteobacterium_DG1234,1,0,0,0,1,k__Bacteria;p__Proteobacteria;c__Alphaproteobacteria;o__Rhodospirillales;f__Rhodospirillaceae;g__Thalassospira;s__alpha_proteobacterium_DG1234;
Nitrosococcus_mobilis,1,0,0,0,1,k__Bacteria;p__Proteobacteria;c__Betaproteobacteria;o__Nitrosomonadales;f__Nitrosomonadaceae;g__Nitrosomonas;s__Nitrosococcus_mobilis;
iron-reducing_enrichment_clone_Cl-A9,1,1,1,1,0,k__Bacteria;p__Bacteroidetes;c__Bacteroidia;o__Bacteroidales;f__Rikenellaceae;g__vadinBC27_wastewater-sludge_group;s__iron-reducing_enrichment_clone_Cl-A9;
bacterium_RCC_1908,0,0,1,1,1,k__Bacteria;p__Proteobacteria;c__Alphaproteobacteria;o__Rhodospirillales;f__Rhodospirillaceae;g__Thalassobaculum;s__bacterium_RCC_1908;
Candidatus_Halomonas_phosphatis,0,0,1,0,1,k__Bacteria;p__Proteobacteria;c__Gammaproteobacteria;o__Oceanospirillales;f__Halomonadaceae;g__Halomonas;s__Candidatus_Halomonas_phosphatis;
Clostridium_sp._E13,0,0,0,1,1,k__Bacteria;p__Firmicutes;c__Clostridia;o__Clostridiales;f__Clostridiaceae_1;g__Clostridium_sensu_stricto_12;s__Clostridium_sp._E13;
Inquilinus_limosus,1,1,1,0,0,k__Bacteria;p__Proteobacteria;c__Alphaproteobacteria;o__Rhodospirillales;f__Rhodospirillaceae;g__Inquilinus;s__Inquilinus_limosus;
Bathycoccus_prasinos,1,1,1,0,0,k__Bacteria;p__Cyanobacteria;c__Chloroplast;o__unidentified_Chloroplast;f__unidentified_Chloroplast;g__unidentified_Chloroplast;s__Bathycoccus_prasinos;
Desulfovibrio_sp._DMSS-1,0,0,1,0,1,k__Bacteria;p__Proteobacteria;c__Deltaproteobacteria;o__Desulfovibrionales;f__Desulfovibrionaceae;g__Desulfovibrio;s__Desulfovibrio_sp._DMSS-1;
Lewinella_cohaerens,0,0,1,1,0,k__Bacteria;p__Bacteroidetes;c__Sphingobacteriia;o__Sphingobacteriales;f__Saprospiraceae;g__Lewinella;s__Lewinella_cohaerens;
Kopriimonas_byunsanensis,0,0,0,1,1,k__Bacteria;p__Proteobacteria;c__Alphaproteobacteria;o__Sphingomonadales;f__unidentified_Sphingomonadales;g__Kiloniella;s__Kopriimonas_byunsanensis;
Longispora_sp._Zs32,0,1,0,1,0,k__Bacteria;p__Actinobacteria;c__unidentified_Actinobacteria;o__Micromonosporales;f__Micromonosporaceae;g__Longispora;s__Longispora_sp._Zs32;
Paenibacillus_provencensis,0,1,1,1,0,k__Bacteria;p__Firmicutes;c__Bacilli;o__Bacillales;f__Paenibacillaceae;g__Paenibacillus;s__Paenibacillus_provencensis;
Others,21236,43017,36709,25896,23322,Others
