Taxonomy,Ar,Yr,Jr,Wr,Tr,Tax_detail
Proteobacteria,30606,25972,26050,36214,34252,k__Bacteria;p__Proteobacteria;
Actinobacteria,2264,15944,10915,7700,3094,k__Bacteria;p__Actinobacteria;
Firmicutes,3015,743,2040,2259,1982,k__Bacteria;p__Firmicutes;
Bacteroidetes,1434,1921,1017,747,756,k__Bacteria;p__Bacteroidetes;
Nitrospirae,577,235,808,1863,740,k__Bacteria;p__Nitrospirae;
Acidobacteria,810,730,1726,1087,1609,k__Bacteria;p__Acidobacteria;
Gemmatimonadetes,451,328,1378,439,639,k__Bacteria;p__Gemmatimonadetes;
Chlorobi,1169,1132,1347,805,1144,k__Bacteria;p__Chlorobi;
Chloroflexi,515,418,684,473,937,k__Bacteria;p__Chloroflexi;
Planctomycetes,352,840,772,442,589,k__Bacteria;p__Planctomycetes;
Thaumarchaeota,117,1,14,229,269,k__Archaea;p__Thaumarchaeota;
Latescibacteria,50,32,109,52,228,k__Bacteria;p__Latescibacteria;
Cyanobacteria,131,221,139,80,47,k__Bacteria;p__Cyanobacteria;
Verrucomicrobia,125,172,149,191,92,k__Bacteria;p__Verrucomicrobia;
Armatimonadetes,99,122,169,114,117,k__Bacteria;p__Armatimonadetes;
SHA-109,121,121,161,92,132,k__Bacteria;p__SHA-109;
Saccharibacteria,68,101,7,87,5,k__Bacteria;p__Saccharibacteria;
Deinococcus-Thermus,81,49,65,89,100,k__Bacteria;p__Deinococcus-Thermus;
Thermomicrobia,28,73,48,35,39,k__Bacteria;p__Thermomicrobia;
Parcubacteria,49,15,14,16,19,k__Bacteria;p__Parcubacteria;
Spirochaetes,38,28,42,27,38,k__Bacteria;p__Spirochaetes;
Fibrobacteres,32,27,42,19,29,k__Bacteria;p__Fibrobacteres;
Chlamydiae,6,11,8,18,32,k__Bacteria;p__Chlamydiae;
TM6,5,8,3,1,28,k__Bacteria;p__TM6;
Hydrogenedentes,16,25,21,20,21,k__Bacteria;p__Hydrogenedentes;
JL-ETNP-Z39,6,7,11,5,18,k__Bacteria;p__JL-ETNP-Z39;
Deferribacteres,10,4,8,6,16,k__Bacteria;p__Deferribacteres;
Candidate_division_OP3,14,9,13,9,16,k__Bacteria;p__Candidate_division_OP3;
Elusimicrobia,2,0,1,4,13,k__Bacteria;p__Elusimicrobia;
Thermotogae,5,2,3,2,10,k__Bacteria;p__Thermotogae;
Gracilibacteria,4,4,10,7,2,k__Bacteria;p__Gracilibacteria;
Omnitrophica,9,2,3,1,7,k__Bacteria;p__Omnitrophica;
Fusobacteria,1,4,8,4,4,k__Bacteria;p__Fusobacteria;
WCHB1-60,7,3,1,0,0,k__Bacteria;p__WCHB1-60;
Dictyoglomi,4,3,4,2,6,k__Bacteria;p__Dictyoglomi;
Woesearchaeota_.DHVEG-6.,4,0,0,0,6,k__Archaea;p__Woesearchaeota_.DHVEG-6.;
Microgenomates,0,0,0,0,5,k__Bacteria;p__Microgenomates;
Acetothermia,1,0,0,0,5,k__Bacteria;p__Acetothermia;
TA06,5,4,0,0,5,k__Bacteria;p__TA06;
GAL08,0,0,0,0,5,k__Bacteria;p__GAL08;
Marinimicrobia_.SAR406_clade.,4,3,1,2,1,k__Bacteria;p__Marinimicrobia_.SAR406_clade.;
Lentisphaerae,2,2,4,3,3,k__Bacteria;p__Lentisphaerae;
Cloacimonetes,3,1,3,2,3,k__Bacteria;p__Cloacimonetes;
Caldiserica,0,0,1,0,2,k__Bacteria;p__Caldiserica;
PAUC34f,1,0,1,1,0,k__Bacteria;p__PAUC34f;
Euryarchaeota,1,0,1,0,0,k__Archaea;p__Euryarchaeota;
Synergistetes,0,0,1,1,0,k__Bacteria;p__Synergistetes;
Others,344,300,421,251,549,Others
