Taxonomy,St,Jt,Yt,Tt,At,Tax_detail
Pseudomonas_xanthomarina,5311,1262,556,1521,201,k__Bacteria;p__Proteobacteria;c__Gammaproteobacteria;o__Pseudomonadales;f__Pseudomonadaceae;g__Pseudomonas;s__Pseudomonas_xanthomarina;
Lactobacillus_gasseri,3,4,4,2,1756,k__Bacteria;p__Firmicutes;c__Bacilli;o__Lactobacillales;f__Lactobacillaceae;g__Lactobacillus;s__Lactobacillus_gasseri;
Shewanella_algae,215,64,79,1252,23,k__Bacteria;p__Proteobacteria;c__Gammaproteobacteria;o__Alteromonadales;f__Shewanellaceae;g__Shewanella;s__Shewanella_algae;
Pseudomonas_citronellolis,858,214,103,361,365,k__Bacteria;p__Proteobacteria;c__Gammaproteobacteria;o__Pseudomonadales;f__Pseudomonadaceae;g__Pseudomonas;s__Pseudomonas_citronellolis;
Acidovorax_defluvii,316,46,67,508,312,k__Bacteria;p__Proteobacteria;c__Betaproteobacteria;o__Burkholderiales;f__Comamonadaceae;g__Acidovorax;s__Acidovorax_defluvii;
Arthrobacter_oxydans,40,7,317,6,230,k__Bacteria;p__Actinobacteria;c__unidentified_Actinobacteria;o__Micrococcales;f__Micrococcaceae;g__Arthrobacter;s__Arthrobacter_oxydans;
Acinetobacter_calcoaceticus,123,32,35,283,0,k__Bacteria;p__Proteobacteria;c__Gammaproteobacteria;o__Pseudomonadales;f__Moraxellaceae;g__Acinetobacter;s__Acinetobacter_calcoaceticus;
Pasteurella_aerogenes,0,0,0,0,280,k__Bacteria;p__Proteobacteria;c__Gammaproteobacteria;o__Pasteurellales;f__Pasteurellaceae;g__Pasteurella;s__Pasteurella_aerogenes;
Lactobacillus_salivarius,7,13,4,97,224,k__Bacteria;p__Firmicutes;c__Bacilli;o__Lactobacillales;f__Lactobacillaceae;g__Lactobacillus;s__Lactobacillus_salivarius;
Lactobacillus_agilis,0,0,0,0,187,k__Bacteria;p__Firmicutes;c__Bacilli;o__Lactobacillales;f__Lactobacillaceae;g__Lactobacillus;s__Lactobacillus_agilis;
Lysobacter_brunescens,26,11,187,21,0,k__Bacteria;p__Proteobacteria;c__Gammaproteobacteria;o__Xanthomonadales;f__Xanthomonadaceae;g__Lysobacter;s__Lysobacter_brunescens;
Clostridiales_bacterium_CIEAF_020,12,8,7,178,0,k__Bacteria;p__Firmicutes;c__Clostridia;o__Clostridiales;f__Lachnospiraceae;g__Lachnospiraceae_NK4A136_group;s__Clostridiales_bacterium_CIEAF_020;
Actinobacillus_minor,8,3,1,2,176,k__Bacteria;p__Proteobacteria;c__Gammaproteobacteria;o__Pasteurellales;f__Pasteurellaceae;g__Actinobacillus;s__Actinobacillus_minor;
Lactobacillus_delbrueckii,0,1,1,1,147,k__Bacteria;p__Firmicutes;c__Bacilli;o__Lactobacillales;f__Lactobacillaceae;g__Lactobacillus;s__Lactobacillus_delbrueckii;
Streptococcus_suis,0,6,2,22,142,k__Bacteria;p__Firmicutes;c__Bacilli;o__Lactobacillales;f__Streptococcaceae;g__Streptococcus;s__Streptococcus_suis;
Sphingomonas_jaspsi,35,13,96,17,138,k__Bacteria;p__Proteobacteria;c__Alphaproteobacteria;o__Sphingomonadales;f__Sphingomonadaceae;g__Sphingomonas;s__Sphingomonas_jaspsi;
Lactobacillus_amylovorus,1,1,0,2,121,k__Bacteria;p__Firmicutes;c__Bacilli;o__Lactobacillales;f__Lactobacillaceae;g__Lactobacillus;s__Lactobacillus_amylovorus;
Planctomycetaceae_bacterium_LX124,0,1,120,4,3,k__Bacteria;p__Planctomycetes;c__Planctomycetacia;o__Planctomycetales;f__Planctomycetaceae;g__Pir4_lineage;s__Planctomycetaceae_bacterium_LX124;
Dietzia_maris,0,0,0,0,117,k__Bacteria;p__Actinobacteria;c__unidentified_Actinobacteria;o__Corynebacteriales;f__Dietziaceae;g__Dietzia;s__Dietzia_maris;
Brevundimonas_diminuta,79,8,11,10,115,k__Bacteria;p__Proteobacteria;c__Alphaproteobacteria;o__Caulobacterales;f__Caulobacteraceae;g__Brevundimonas;s__Brevundimonas_diminuta;
Brevundimonas_bullata,44,16,21,58,114,k__Bacteria;p__Proteobacteria;c__Alphaproteobacteria;o__Caulobacterales;f__Caulobacteraceae;g__Brevundimonas;s__Brevundimonas_bullata;
Roseomonas_cervicalis,20,11,9,114,0,k__Bacteria;p__Proteobacteria;c__Alphaproteobacteria;o__Rhodospirillales;f__Acetobacteraceae;g__Roseomonas;s__Roseomonas_cervicalis;
Acinetobacter_guillouiae,44,11,13,105,4,k__Bacteria;p__Proteobacteria;c__Gammaproteobacteria;o__Pseudomonadales;f__Moraxellaceae;g__Acinetobacter;s__Acinetobacter_guillouiae;
bacterium_WX65,12,5,101,3,58,k__Bacteria;p__Nitrospirae;c__Nitrospira;o__Nitrospirales;f__0319-6A21;g__unidentified_0319-6A21;s__bacterium_WX65;
Bifidobacterium_animalis,29,0,3,93,23,k__Bacteria;p__Actinobacteria;c__unidentified_Actinobacteria;o__Bifidobacteriales;f__Bifidobacteriaceae;g__Bifidobacterium;s__Bifidobacterium_animalis;
Rubrobacter_calidifluminis,2,4,5,90,0,k__Bacteria;p__Actinobacteria;c__Rubrobacteria;o__Rubrobacterales;f__Rubrobacteriaceae;g__Rubrobacter;s__Rubrobacter_calidifluminis;
Burkholderia_multivorans,10,4,4,90,5,k__Bacteria;p__Proteobacteria;c__Betaproteobacteria;o__Burkholderiales;f__Burkholderiaceae;g__Burkholderia;s__Burkholderia_multivorans;
Streptococcus_danieliae,12,5,8,86,86,k__Bacteria;p__Firmicutes;c__Bacilli;o__Lactobacillales;f__Streptococcaceae;g__Streptococcus;s__Streptococcus_danieliae;
Aeromonas_hydrophila,80,24,11,11,41,k__Bacteria;p__Proteobacteria;c__Gammaproteobacteria;o__Aeromonadales;f__Aeromonadaceae;g__Aeromonas;s__Aeromonas_hydrophila;
Methylobacterium_radiotolerans,64,12,9,1,0,k__Bacteria;p__Proteobacteria;c__Alphaproteobacteria;o__Rhizobiales;f__Methylobacteriaceae;g__Methylobacterium;s__Methylobacterium_radiotolerans;
Fusobacterium_necrophorum,59,2,1,20,0,k__Bacteria;p__Fusobacteria;c__Fusobacteriia;o__Fusobacteriales;f__Fusobacteriaceae;g__Fusobacterium;s__Fusobacterium_necrophorum;
butyrate-producing_bacterium_SM4/1,0,0,0,6,59,k__Bacteria;p__Firmicutes;c__Clostridia;o__Clostridiales;f__Lachnospiraceae;g__Lachnoclostridium;s__butyrate-producing_bacterium_SM4/1;
Psychrobacter_faecalis,14,5,7,59,9,k__Bacteria;p__Proteobacteria;c__Gammaproteobacteria;o__Pseudomonadales;f__Moraxellaceae;g__Psychrobacter;s__Psychrobacter_faecalis;
Lachnospiraceae_bacterium_609,2,4,2,55,0,k__Bacteria;p__Firmicutes;c__Clostridia;o__Clostridiales;f__Lachnospiraceae;g__Blautia;s__Lachnospiraceae_bacterium_609;
Paracoccus_marcusii,52,17,8,54,6,k__Bacteria;p__Proteobacteria;c__Alphaproteobacteria;o__Rhodobacterales;f__Rhodobacteraceae;g__Paracocccus;s__Paracoccus_marcusii;
Comamonas_testosteroni,48,4,36,4,17,k__Bacteria;p__Proteobacteria;c__Betaproteobacteria;o__Burkholderiales;f__Comamonadaceae;g__Comamonas;s__Comamonas_testosteroni;
Brochothrix_thermosphacta,5,10,0,48,1,k__Bacteria;p__Firmicutes;c__Bacilli;o__Bacillales;f__Listeriaceae;g__Brochothrix;s__Brochothrix_thermosphacta;
Bacteroides_acidifaciens,5,0,0,47,1,k__Bacteria;p__Bacteroidetes;c__Bacteroidia;o__Bacteroidales;f__Bacteroidaceae;g__Bacteroides;s__Bacteroides_acidifaciens;
Flavonifractor_plautii,0,0,0,0,46,k__Bacteria;p__Firmicutes;c__Clostridia;o__Clostridiales;f__Ruminococcaceae;g__Flavonifractor;s__Flavonifractor_plautii;
Buchnera_aphidicola,7,2,9,46,3,k__Bacteria;p__Proteobacteria;c__Gammaproteobacteria;o__Enterobacteriales;f__Enterobacteriaceae;g__Buchnera;s__Buchnera_aphidicola;
Marinomonas_communis,45,6,5,3,0,k__Bacteria;p__Proteobacteria;c__Gammaproteobacteria;o__Oceanospirillales;f__Oceanospirillaceae;g__Marinomonas;s__Marinomonas_communis;
Geobacillus_stearothermophilus,4,4,4,44,0,k__Bacteria;p__Firmicutes;c__Bacilli;o__Bacillales;f__Bacillaceae;g__Geobacillus;s__Geobacillus_stearothermophilus;
Rhizobium_giardinii,18,5,39,12,1,k__Bacteria;p__Proteobacteria;c__Alphaproteobacteria;o__Rhizobiales;f__Rhizobiaceae;g__Rhizobium;s__Rhizobium_giardinii;
Nitrospira_sp._enrichment_culture_clone_80,5,1,38,1,29,k__Bacteria;p__Nitrospirae;c__Nitrospira;o__Nitrospirales;f__Nitrospiraceae;g__unidentified_Nitrospiraceae;s__Nitrospira_sp._enrichment_culture_clone_80;
Erysipelotrichaceae_bacterium_canine_oral_taxon_317,0,0,0,0,34,k__Bacteria;p__Firmicutes;c__Erysipelotrichia;o__Erysipelotrichales;f__Erysipelotrichaceae;g__unidentified_Erysipelotrichaceae;s__Erysipelotrichaceae_bacterium_canine_oral_taxon_317;
Brevundimonas_vesicularis,31,7,7,31,1,k__Bacteria;p__Proteobacteria;c__Alphaproteobacteria;o__Caulobacterales;f__Caulobacteraceae;g__Brevundimonas;s__Brevundimonas_vesicularis;
Singulisphaera_sp._WX23,0,0,31,0,0,k__Bacteria;p__Planctomycetes;c__Planctomycetacia;o__Planctomycetales;f__Planctomycetaceae;g__unidentified_Planctomycetaceae;s__Singulisphaera_sp._WX23;
Rhodospirillales_bacterium_WX36,0,1,31,2,16,k__Bacteria;p__Proteobacteria;c__Alphaproteobacteria;o__Rhodospirillales;f__Rhodospirillaceae;g__unidentified_Rhodospirillaceae;s__Rhodospirillales_bacterium_WX36;
Pasteuria_sp._LX5,0,0,31,0,0,k__Bacteria;p__Planctomycetes;c__Planctomycetacia;o__Planctomycetales;f__Planctomycetaceae;g__Pirellula;s__Pasteuria_sp._LX5;
Propionibacterium_acnes,1,1,2,29,0,k__Bacteria;p__Actinobacteria;c__unidentified_Actinobacteria;o__Propionibacteriales;f__Propionibacteriaceae;g__Propionibacterium;s__Propionibacterium_acnes;
Lactobacillus_mucosae,0,0,0,0,29,k__Bacteria;p__Firmicutes;c__Bacilli;o__Lactobacillales;f__Lactobacillaceae;g__Lactobacillus;s__Lactobacillus_mucosae;
Staphylococcus_aureus,21,9,5,6,27,k__Bacteria;p__Firmicutes;c__Bacilli;o__Bacillales;f__Staphylococcaceae;g__Staphylococcus;s__Staphylococcus_aureus;
Clostridium_sp._Culture-54,3,1,4,25,0,k__Bacteria;p__Firmicutes;c__Clostridia;o__Clostridiales;f__Lachnospiraceae;g__unidentified_Lachnospiraceae;s__Clostridium_sp._Culture-54;
Cupriavidus_basilensis,1,0,0,0,25,k__Bacteria;p__Proteobacteria;c__Betaproteobacteria;o__Burkholderiales;f__Burkholderiaceae;g__Cupriavidus;s__Cupriavidus_basilensis;
Parabacteroides_merdae,0,0,0,1,25,k__Bacteria;p__Bacteroidetes;c__Bacteroidia;o__Bacteroidales;f__Porphyromonadaceae;g__Parabacteroides;s__Parabacteroides_merdae;
Enterococcus_cecorum,0,0,0,0,22,k__Bacteria;p__Firmicutes;c__Bacilli;o__Lactobacillales;f__Enterococcaceae;g__Enterococcus;s__Enterococcus_cecorum;
Sphingobium_xenophagum,0,0,1,0,22,k__Bacteria;p__Proteobacteria;c__Alphaproteobacteria;o__Sphingomonadales;f__Sphingomonadaceae;g__Sphingobium;s__Sphingobium_xenophagum;
Leifsonia_xyli,20,3,12,18,13,k__Bacteria;p__Actinobacteria;c__unidentified_Actinobacteria;o__Micrococcales;f__Microbacteriaceae;g__Leifsonia;s__Leifsonia_xyli;
Bacteroides_stercoris,0,1,0,20,0,k__Bacteria;p__Bacteroidetes;c__Bacteroidia;o__Bacteroidales;f__Bacteroidaceae;g__Bacteroides;s__Bacteroides_stercoris;
Clostridium_leptum,1,2,1,19,0,k__Bacteria;p__Firmicutes;c__Clostridia;o__Clostridiales;f__Ruminococcaceae;g__unidentified_Ruminococcaceae;s__Clostridium_leptum;
Betula_platyphylla,0,0,0,18,0,k__Bacteria;p__Proteobacteria;c__Alphaproteobacteria;o__Rickettsiales;f__Mitochondria;g__unidentified_Mitochondria;s__Betula_platyphylla;
Clostridium_sp._Clone-46,1,1,2,17,0,k__Bacteria;p__Firmicutes;c__Clostridia;o__Clostridiales;f__Lachnospiraceae;g__unidentified_Lachnospiraceae;s__Clostridium_sp._Clone-46;
Acinetobacter_bohemicus,15,5,7,6,16,k__Bacteria;p__Proteobacteria;c__Gammaproteobacteria;o__Pseudomonadales;f__Moraxellaceae;g__Acinetobacter;s__Acinetobacter_bohemicus;
Gemmatimonadetes_bacterium_LX87,0,0,15,2,16,k__Bacteria;p__Gemmatimonadetes;c__unidentified_Gemmatimonadetes;o__Gemmatimonadales;f__Gemmatimonadaceae;g__unidentified_Gemmatimonadetes;s__Gemmatimonadetes_bacterium_LX87;
Parabacteroides_distasonis,0,0,0,13,0,k__Bacteria;p__Bacteroidetes;c__Bacteroidia;o__Bacteroidales;f__Porphyromonadaceae;g__Parabacteroides;s__Parabacteroides_distasonis;
bacterium_Ellin6067,13,0,10,1,8,k__Bacteria;p__Proteobacteria;c__Betaproteobacteria;o__Nitrosomonadales;f__Nitrosomonadaceae;g__unidentified_Nitrosomonadaceae;s__bacterium_Ellin6067;
Gaiella_sp._EBR4-R2,13,4,5,3,6,k__Bacteria;p__Actinobacteria;c__Thermoleophilia;o__Gaiellales;f__unidentified_Gaiellales;g__unidentified_Gaiellales;s__Gaiella_sp._EBR4-R2;
Myxococcales_bacterium_enrichment_culture_clone_11380,0,0,1,0,12,k__Bacteria;p__Proteobacteria;c__Deltaproteobacteria;o__Syntrophobacterales;f__Syntrophaceae;g__unidentified_Syntrophaceae;s__Myxococcales_bacterium_enrichment_culture_clone_11380;
Alcaligenes_faecalis,12,10,3,2,0,k__Bacteria;p__Proteobacteria;c__Betaproteobacteria;o__Burkholderiales;f__Alcaligenaceae;g__Alcaligenes;s__Alcaligenes_faecalis;
Deinococcus_sp._Lab-1,11,0,0,2,0,k__Bacteria;p__Deinococcus-Thermus;c__Deinococci;o__Deinococcales;f__Deinococcaceae;g__Deinococcus;s__Deinococcus_sp._Lab-1;
Gemmata_sp._Ha1-4,1,0,11,0,0,k__Bacteria;p__Planctomycetes;c__Planctomycetacia;o__Planctomycetales;f__Planctomycetaceae;g__Gemmata;s__Gemmata_sp._Ha1-4;
Lactobacillus_iners,1,2,2,10,0,k__Bacteria;p__Firmicutes;c__Bacilli;o__Lactobacillales;f__Lactobacillaceae;g__Lactobacillus;s__Lactobacillus_iners;
Streptomyces_zaomyceticus,10,6,0,0,0,k__Bacteria;p__Actinobacteria;c__unidentified_Actinobacteria;o__Streptomycetales;f__Streptomycetaceae;g__Streptomyces;s__Streptomyces_zaomyceticus;
Photobacterium_damselae,0,0,0,0,9,k__Bacteria;p__Proteobacteria;c__Gammaproteobacteria;o__Vibrionales;f__Vibrionaceae;g__Photobacterium;s__Photobacterium_damselae;
Streptococcus_mitis,9,0,1,1,1,k__Bacteria;p__Firmicutes;c__Bacilli;o__Lactobacillales;f__Streptococcaceae;g__Streptococcus;s__Streptococcus_mitis;
Nitrospira_sp.,0,1,3,0,9,k__Bacteria;p__Nitrospirae;c__Nitrospira;o__Nitrospirales;f__Nitrospiraceae;g__unidentified_Nitrospiraceae;s__Nitrospira_sp.;
Deinococcus_reticulitermitis,9,0,0,0,0,k__Bacteria;p__Deinococcus-Thermus;c__Deinococci;o__Deinococcales;f__Deinococcaceae;g__Deinococcus;s__Deinococcus_reticulitermitis;
Bacteroides_uniformis,0,1,1,8,2,k__Bacteria;p__Bacteroidetes;c__Bacteroidia;o__Bacteroidales;f__Bacteroidaceae;g__Bacteroides;s__Bacteroides_uniformis;
Clostridiales_bacterium_canine_oral_taxon_085,0,0,0,0,8,k__Bacteria;p__Firmicutes;c__Clostridia;o__Clostridiales;f__Ruminococcaceae;g__unidentified_Ruminococcaceae;s__Clostridiales_bacterium_canine_oral_taxon_085;
Nannocystis_pusilla,1,0,8,0,0,k__Bacteria;p__Proteobacteria;c__Deltaproteobacteria;o__Myxococcales;f__Nannocystaceae;g__Nannocystis;s__Nannocystis_pusilla;
Micrococcus_luteus,0,0,1,8,1,k__Bacteria;p__Actinobacteria;c__unidentified_Actinobacteria;o__Micrococcales;f__Micrococcaceae;g__Micrococcus;s__Micrococcus_luteus;
bacterium_enrichment_culture_clone_B30.2011.,0,1,6,0,8,k__Bacteria;p__Proteobacteria;c__Deltaproteobacteria;o__GR-WP33-30;f__unidentified_GR-WP33-30;g__unidentified_GR-WP33-30;s__bacterium_enrichment_culture_clone_B30.2011.;
Ruminococcus_gnavus,0,0,0,0,8,k__Bacteria;p__Firmicutes;c__Clostridia;o__Clostridiales;f__Lachnospiraceae;g__Lachnoclostridium;s__Ruminococcus_gnavus;
Bacteroides_massiliensis,0,0,0,8,0,k__Bacteria;p__Bacteroidetes;c__Bacteroidia;o__Bacteroidales;f__Bacteroidaceae;g__Bacteroides;s__Bacteroides_massiliensis;
Stenotrophomonas_rhizophila,8,4,4,3,0,k__Bacteria;p__Proteobacteria;c__Gammaproteobacteria;o__Xanthomonadales;f__Xanthomonadaceae;g__Stenotrophomonas;s__Stenotrophomonas_rhizophila;
Rothia_nasimurium,0,0,0,0,8,k__Bacteria;p__Actinobacteria;c__unidentified_Actinobacteria;o__Micrococcales;f__Micrococcaceae;g__Rothia;s__Rothia_nasimurium;
Nocardia_cummidelens,0,0,0,0,8,k__Bacteria;p__Actinobacteria;c__unidentified_Actinobacteria;o__Corynebacteriales;f__Nocardiaceae;g__Nocardia;s__Nocardia_cummidelens;
Lactococcus_lactis,1,3,0,0,8,k__Bacteria;p__Firmicutes;c__Bacilli;o__Lactobacillales;f__Streptococcaceae;g__Lactococcus;s__Lactococcus_lactis;
Singulisphaera_acidiphila,0,0,7,0,1,k__Bacteria;p__Planctomycetes;c__Planctomycetacia;o__Planctomycetales;f__Planctomycetaceae;g__Singulisphaera;s__Singulisphaera_acidiphila;
Flavobacterium_succinicans,0,0,0,7,0,k__Bacteria;p__Bacteroidetes;c__Flavobacteriia;o__Flavobacteriales;f__Flavobacteriaceae;g__Flavobacterium;s__Flavobacterium_succinicans;
Melittangium_lichenicola,7,0,0,1,0,k__Bacteria;p__Proteobacteria;c__Deltaproteobacteria;o__Myxococcales;f__Cystobacteraceae;g__Melittangium;s__Melittangium_lichenicola;
Fibrobacter_succinogenes,6,0,0,1,0,k__Bacteria;p__Fibrobacteres;c__Fibrobacteria;o__Fibrobacterales;f__Fibrobacteraceae;g__Fibrobacter;s__Fibrobacter_succinogenes;
Pseudoxanthomonas_mexicana,6,0,5,2,2,k__Bacteria;p__Proteobacteria;c__Gammaproteobacteria;o__Xanthomonadales;f__Xanthomonadaceae;g__Pseudoxanthomonas;s__Pseudoxanthomonas_mexicana;
Alistipes_sp._627,0,0,0,6,0,k__Bacteria;p__Bacteroidetes;c__Bacteroidia;o__Bacteroidales;f__Rikenellaceae;g__Alistipes;s__Alistipes_sp._627;
Neisseria_oralis,6,0,0,0,0,k__Bacteria;p__Proteobacteria;c__Betaproteobacteria;o__Neisseriales;f__Neisseriaceae;g__Neisseria;s__Neisseria_oralis;
Bacteriovorax_sp._EPC3,0,0,2,0,6,k__Bacteria;p__Proteobacteria;c__Deltaproteobacteria;o__Bdellovibrionales;f__Bacteriovoracaceae;g__Peredibacter;s__Bacteriovorax_sp._EPC3;
Frondihabitans_sucicola,3,0,4,0,6,k__Bacteria;p__Actinobacteria;c__unidentified_Actinobacteria;o__Micrococcales;f__Microbacteriaceae;g__Frondihabitans;s__Frondihabitans_sucicola;
Legionella-like_amoebal_pathogen_HT99,2,1,6,1,0,k__Bacteria;p__Proteobacteria;c__Gammaproteobacteria;o__NKB5;f__unidentified_NKB5;g__unidentified_NKB5;s__Legionella-like_amoebal_pathogen_HT99;
Bacteroides_coprocola,0,0,0,0,6,k__Bacteria;p__Bacteroidetes;c__Bacteroidia;o__Bacteroidales;f__Bacteroidaceae;g__Bacteroides;s__Bacteroides_coprocola;
Anaerotruncus_colihominis,0,0,0,0,6,k__Bacteria;p__Firmicutes;c__Clostridia;o__Clostridiales;f__Ruminococcaceae;g__Anaerotruncus;s__Anaerotruncus_colihominis;
Bacillus_thermolactis,0,0,6,0,0,k__Bacteria;p__Firmicutes;c__Bacilli;o__Bacillales;f__Bacillaceae;g__Bacillus;s__Bacillus_thermolactis;
Megasphaera_elsdenii,0,0,0,0,6,k__Bacteria;p__Firmicutes;c__Negativicutes;o__Selenomonadales;f__Veillonellaceae;g__Megasphaera;s__Megasphaera_elsdenii;
planctomycete_A-2,0,0,5,0,0,k__Bacteria;p__Planctomycetes;c__OM190;o__unidentified_OM190;f__unidentified_OM190;g__unidentified_OM190;s__planctomycete_A-2;
Acidobacteria_bacterium_IGE-010,0,1,5,0,0,k__Bacteria;p__Acidobacteria;c__unidentified_Acidobacteria;o__Subgroup_6;f__unidentified_Acidobacteria;g__unidentified_Acidobacteria;s__Acidobacteria_bacterium_IGE-010;
Eubacterium_brachy,0,1,1,5,0,k__Bacteria;p__Firmicutes;c__Clostridia;o__Clostridiales;f__Family_XIII;g__Eubacterium_brachy_group;s__Eubacterium_brachy;
Corynebacterium_tuberculostearicum,5,1,0,0,0,k__Bacteria;p__Actinobacteria;c__unidentified_Actinobacteria;o__Corynebacteriales;f__Corynebacteriaceae;g__Corynebacterium_1;s__Corynebacterium_tuberculostearicum;
Flavitalea_sp._KIS20-3,1,0,5,1,0,k__Bacteria;p__Bacteroidetes;c__Sphingobacteriia;o__Sphingobacteriales;f__Chitinophagaceae;g__unidentified_Chitinophagaceae;s__Flavitalea_sp._KIS20-3;
Moraxella_osloensis,5,3,1,2,3,k__Bacteria;p__Proteobacteria;c__Gammaproteobacteria;o__Pseudomonadales;f__Moraxellaceae;g__Moraxella;s__Moraxella_osloensis;
Bacteroides_plebeius,0,1,0,5,0,k__Bacteria;p__Bacteroidetes;c__Bacteroidia;o__Bacteroidales;f__Bacteroidaceae;g__Bacteroides;s__Bacteroides_plebeius;
Sphingobacterium_sp._3-0-1,4,0,1,2,1,k__Bacteria;p__Bacteroidetes;c__Sphingobacteriia;o__Sphingobacteriales;f__Sphingobacteriaceae;g__Sphingobacterium;s__Sphingobacterium_sp._3-0-1;
Aerococcus_viridans,4,1,0,0,3,k__Bacteria;p__Firmicutes;c__Bacilli;o__Lactobacillales;f__Aerococcaceae;g__Aerococcus;s__Aerococcus_viridans;
Gluconobacter_frateurii,4,0,0,0,0,k__Bacteria;p__Proteobacteria;c__Alphaproteobacteria;o__Rhodospirillales;f__Acetobacteraceae;g__Gluconobacter;s__Gluconobacter_frateurii;
Streptococcus_ferus,0,0,0,0,4,k__Bacteria;p__Firmicutes;c__Bacilli;o__Lactobacillales;f__Streptococcaceae;g__Streptococcus;s__Streptococcus_ferus;
gamma_proteobacterium_Y-134,0,1,4,0,0,k__Bacteria;p__Proteobacteria;c__Gammaproteobacteria;o__Pseudomonadales;f__Moraxellaceae;g__unidentified_Moraxellaceae;s__gamma_proteobacterium_Y-134;
Pseudomonas_sp._MIC_2010,1,0,4,0,0,k__Bacteria;p__Proteobacteria;c__Gammaproteobacteria;o__34P16;f__unidentified_34P16;g__unidentified_34P16;s__Pseudomonas_sp._MIC_2010;
Paenibacillus_favisporus,0,0,0,0,4,k__Bacteria;p__Firmicutes;c__Bacilli;o__Bacillales;f__Paenibacillaceae;g__Paenibacillus;s__Paenibacillus_favisporus;
Atopobium_rimae,4,0,0,0,0,k__Bacteria;p__Actinobacteria;c__Coriobacteriia;o__Coriobacteriales;f__Coriobacteriaceae;g__Atopobium;s__Atopobium_rimae;
Sphingopyxis_alaskensis,0,1,0,1,4,k__Bacteria;p__Proteobacteria;c__Alphaproteobacteria;o__Sphingomonadales;f__Sphingomonadaceae;g__Sphingopyxis;s__Sphingopyxis_alaskensis;
Geobacter_sp._M18,1,3,0,0,0,k__Bacteria;p__Proteobacteria;c__Deltaproteobacteria;o__Desulfuromonadales;f__Geobacteraceae;g__Geobacter;s__Geobacter_sp._M18;
Lachnospiraceae_bacterium_canine_oral_taxon_099,0,0,0,0,3,k__Bacteria;p__Firmicutes;c__Clostridia;o__Clostridiales;f__Lachnospiraceae;g__Acetitomaculum;s__Lachnospiraceae_bacterium_canine_oral_taxon_099;
Erythrobacter_citreus,3,1,0,1,0,k__Bacteria;p__Proteobacteria;c__Alphaproteobacteria;o__Sphingomonadales;f__Erythrobacteraceae;g__Erythrobacter;s__Erythrobacter_citreus;
Clostridium_perfringens,0,3,3,1,1,k__Bacteria;p__Firmicutes;c__Clostridia;o__Clostridiales;f__Clostridiaceae_1;g__Clostridium_sensu_stricto_1;s__Clostridium_perfringens;
Rhodococcus_maanshanensis,0,0,0,0,3,k__Bacteria;p__Actinobacteria;c__unidentified_Actinobacteria;o__Corynebacteriales;f__Nocardiaceae;g__Rhodococcus;s__Rhodococcus_maanshanensis;
Bacillus_coagulans,3,1,0,0,2,k__Bacteria;p__Firmicutes;c__Bacilli;o__Bacillales;f__Bacillaceae;g__Bacillus;s__Bacillus_coagulans;
agricultural_soil_bacterium_SC-I-28,1,0,3,2,0,k__Bacteria;p__Planctomycetes;c__Planctomycetacia;o__Planctomycetales;f__Planctomycetaceae;g__Pirellula;s__agricultural_soil_bacterium_SC-I-28;
Agromyces_ulmi,0,0,3,0,2,k__Bacteria;p__Actinobacteria;c__unidentified_Actinobacteria;o__Micrococcales;f__Microbacteriaceae;g__Agromyces;s__Agromyces_ulmi;
Myxococcales_bacterium_LWH177,2,1,0,0,1,k__Bacteria;p__Proteobacteria;c__Deltaproteobacteria;o__Myxococcales;f__Haliangiaceae;g__Haliangium;s__Myxococcales_bacterium_LWH177;
Sphingobacterium_shayense,1,0,0,2,0,k__Bacteria;p__Bacteroidetes;c__Sphingobacteriia;o__Sphingobacteriales;f__Sphingobacteriaceae;g__Sphingobacterium;s__Sphingobacterium_shayense;
Gemmata_sp._Io5-6,0,1,2,0,0,k__Bacteria;p__Planctomycetes;c__Planctomycetacia;o__Planctomycetales;f__Planctomycetaceae;g__Gemmata;s__Gemmata_sp._Io5-6;
Algisphaera_agarilytica,0,0,2,0,0,k__Bacteria;p__Planctomycetes;c__Phycisphaerae;o__Phycisphaerales;f__Phycisphaeraceae;g__Algisphaera;s__Algisphaera_agarilytica;
Promicromonospora_umidemergens,1,0,2,0,0,k__Bacteria;p__Actinobacteria;c__unidentified_Actinobacteria;o__Micrococcales;f__Promicromonosporaceae;g__Promicromonospora;s__Promicromonospora_umidemergens;
Asaia_bogorensis,1,0,2,1,0,k__Bacteria;p__Proteobacteria;c__Alphaproteobacteria;o__Rhodospirillales;f__Acetobacteraceae;g__Asaia;s__Asaia_bogorensis;
soil_bacterium_WWH121,1,0,1,0,0,k__Bacteria;p__Hydrogenedentes;c__unidentified_Hydrogenedentes;o__unidentified_Hydrogenedentes;f__unidentified_Hydrogenedentes;g__unidentified_Hydrogenedentes;s__soil_bacterium_WWH121;
Others,37893,39168,30704,33745,31066,Others
