Taxonomy,St,Jt,Yt,Tt,At,Tax_detail
Proteobacteria,39688,22067,17595,26197,24847,k__Bacteria;p__Proteobacteria;
Firmicutes,4166,18499,3432,4922,4160,k__Bacteria;p__Firmicutes;
Verrucomicrobia,81,37,202,5482,63,k__Bacteria;p__Verrucomicrobia;
Planctomycetes,120,51,3831,74,612,k__Bacteria;p__Planctomycetes;
Acidobacteria,384,162,2814,190,2075,k__Bacteria;p__Acidobacteria;
Gemmatimonadetes,96,31,1032,41,1793,k__Bacteria;p__Gemmatimonadetes;
Actinobacteria,372,99,1179,1080,711,k__Bacteria;p__Actinobacteria;
Nitrospirae,125,36,1010,47,942,k__Bacteria;p__Nitrospirae;
Chloroflexi,129,36,1009,32,356,k__Bacteria;p__Chloroflexi;
Bacteroidetes,102,17,57,622,75,k__Bacteria;p__Bacteroidetes;
Deinococcus-Thermus,286,30,37,460,6,k__Bacteria;p__Deinococcus-Thermus;
Latescibacteria,20,7,79,1,230,k__Bacteria;p__Latescibacteria;
Saccharibacteria,1,0,5,134,1,k__Bacteria;p__Saccharibacteria;
Thermomicrobia,4,5,113,6,55,k__Bacteria;p__Thermomicrobia;
JL-ETNP-Z39,1,3,22,2,98,k__Bacteria;p__JL-ETNP-Z39;
Fusobacteria,73,3,2,24,0,k__Bacteria;p__Fusobacteria;
Thaumarchaeota,8,0,42,0,63,k__Archaea;p__Thaumarchaeota;
Cyanobacteria,8,2,56,8,18,k__Bacteria;p__Cyanobacteria;
Thermotogae,1,0,46,2,9,k__Bacteria;p__Thermotogae;
Armatimonadetes,8,0,11,0,18,k__Bacteria;p__Armatimonadetes;
Chlamydiae,13,1,10,6,18,k__Bacteria;p__Chlamydiae;
Hydrogenedentes,1,2,17,1,10,k__Bacteria;p__Hydrogenedentes;
Elusimicrobia,7,0,1,2,9,k__Bacteria;p__Elusimicrobia;
Chlorobi,8,0,2,0,6,k__Bacteria;p__Chlorobi;
Fibrobacteres,6,0,0,1,0,k__Bacteria;p__Fibrobacteres;
TM6,4,0,3,1,6,k__Bacteria;p__TM6;
Woesearchaeota_.DHVEG-6.,0,0,4,0,0,k__Archaea;p__Woesearchaeota_.DHVEG-6.;
Spirochaetes,3,0,0,0,0,k__Bacteria;p__Spirochaetes;
Parcubacteria,2,0,0,0,3,k__Bacteria;p__Parcubacteria;
Lentisphaerae,0,0,3,0,0,k__Bacteria;p__Lentisphaerae;
SM2F11,0,0,0,0,2,k__Bacteria;p__SM2F11;
Deferribacteres,0,0,0,0,2,k__Bacteria;p__Deferribacteres;
TA06,0,0,2,0,0,k__Bacteria;p__TA06;
Tenericutes,2,0,0,0,0,k__Bacteria;p__Tenericutes;
Others,44,10,290,41,324,Others
