Taxonomy,St,Jt,Yt,Tt,At,Tax_detail
Pseudomonas,30493,8561,3825,12460,14108,k__Bacteria;p__Proteobacteria;c__Gammaproteobacteria;o__Pseudomonadales;f__Pseudomonadaceae;g__Pseudomonas;
Psychrobacillus,2440,17719,974,1043,69,k__Bacteria;p__Firmicutes;c__Bacilli;o__Bacillales;f__Planococcaceae;g__Psychrobacillus;
Akkermansia,54,29,69,5430,13,k__Bacteria;p__Verrucomicrobia;c__Verrucomicrobiae;o__Verrucomicrobiales;f__Verrucomicrobiaceae;g__Akkermansia;
Halomonas,860,256,223,4804,74,k__Bacteria;p__Proteobacteria;c__Gammaproteobacteria;o__Oceanospirillales;f__Halomonadaceae;g__Halomonas;
Lactobacillus,14,23,13,143,2767,k__Bacteria;p__Firmicutes;c__Bacilli;o__Lactobacillales;f__Lactobacillaceae;g__Lactobacillus;
Silanimonas,1232,243,201,2525,18,k__Bacteria;p__Proteobacteria;c__Gammaproteobacteria;o__Xanthomonadales;f__Xanthomonadaceae;g__Silanimonas;
Bacillus,388,150,1494,159,226,k__Bacteria;p__Firmicutes;c__Bacilli;o__Bacillales;f__Bacillaceae;g__Bacillus;
Shewanella,215,64,79,1252,23,k__Bacteria;p__Proteobacteria;c__Gammaproteobacteria;o__Alteromonadales;f__Shewanellaceae;g__Shewanella;
Lysobacter,148,67,881,103,660,k__Bacteria;p__Proteobacteria;c__Gammaproteobacteria;o__Xanthomonadales;f__Xanthomonadaceae;g__Lysobacter;
Eubacterium_coprostanoligenes_group,18,23,28,577,1,k__Bacteria;p__Firmicutes;c__Clostridia;o__Clostridiales;f__Ruminococcaceae;g__Eubacterium_coprostanoligenes_group;
Pir4_lineage,13,8,551,14,21,k__Bacteria;p__Planctomycetes;c__Planctomycetacia;o__Planctomycetales;f__Planctomycetaceae;g__Pir4_lineage;
Enterorhabdus,19,10,13,546,0,k__Bacteria;p__Actinobacteria;c__Coriobacteriia;o__Coriobacteriales;f__Coriobacteriaceae;g__Enterorhabdus;
Acidovorax,316,46,67,508,312,k__Bacteria;p__Proteobacteria;c__Betaproteobacteria;o__Burkholderiales;f__Comamonadaceae;g__Acidovorax;
Thermus,266,30,37,458,6,k__Bacteria;p__Deinococcus-Thermus;c__Deinococci;o__Thermales;f__Thermaceae;g__Thermus;
Acinetobacter,327,64,84,451,23,k__Bacteria;p__Proteobacteria;c__Gammaproteobacteria;o__Pseudomonadales;f__Moraxellaceae;g__Acinetobacter;
Stenotrophomonas,297,66,74,381,15,k__Bacteria;p__Proteobacteria;c__Gammaproteobacteria;o__Xanthomonadales;f__Xanthomonadaceae;g__Stenotrophomonas;
Arthrobacter,43,8,340,7,274,k__Bacteria;p__Actinobacteria;c__unidentified_Actinobacteria;o__Micrococcales;f__Micrococcaceae;g__Arthrobacter;
Erysipelatoclostridium,25,14,12,324,2,k__Bacteria;p__Firmicutes;c__Erysipelotrichia;o__Erysipelotrichales;f__Erysipelotrichaceae;g__Erysipelatoclostridium;
Sporolactobacillus,14,19,10,320,9,k__Bacteria;p__Firmicutes;c__Bacilli;o__Bacillales;f__Sporolactobacillaceae;g__Sporolactobacillus;
Gemmata,17,5,309,7,109,k__Bacteria;p__Planctomycetes;c__Planctomycetacia;o__Planctomycetales;f__Planctomycetaceae;g__Gemmata;
Planctomyces,2,4,294,7,16,k__Bacteria;p__Planctomycetes;c__Planctomycetacia;o__Planctomycetales;f__Planctomycetaceae;g__Planctomyces;
Pirellula,7,4,281,6,10,k__Bacteria;p__Planctomycetes;c__Planctomycetacia;o__Planctomycetales;f__Planctomycetaceae;g__Pirellula;
Pasteurella,0,0,0,0,280,k__Bacteria;p__Proteobacteria;c__Gammaproteobacteria;o__Pasteurellales;f__Pasteurellaceae;g__Pasteurella;
Aquabacterium,119,28,35,275,5,k__Bacteria;p__Proteobacteria;c__Betaproteobacteria;o__Burkholderiales;f__Comamonadaceae;g__Aquabacterium;
Streptococcus,21,12,11,109,263,k__Bacteria;p__Firmicutes;c__Bacilli;o__Lactobacillales;f__Streptococcaceae;g__Streptococcus;
Blastocatella,19,7,260,13,68,k__Bacteria;p__Acidobacteria;c__unidentified_Acidobacteria;o__Subgroup_4;f__unidentified_Acidobacteria;g__Blastocatella;
Massilia,25,3,11,3,257,k__Bacteria;p__Proteobacteria;c__Betaproteobacteria;o__Burkholderiales;f__Oxalobacteraceae;g__Massilia;
Brevundimonas,154,31,39,99,230,k__Bacteria;p__Proteobacteria;c__Alphaproteobacteria;o__Caulobacterales;f__Caulobacteraceae;g__Brevundimonas;
Nitrosococcus,26,14,207,21,10,k__Bacteria;p__Proteobacteria;c__Gammaproteobacteria;o__Chromatiales;f__Chromatiaceae;g__Nitrosococcus;
Sphingomonas,73,28,163,92,205,k__Bacteria;p__Proteobacteria;c__Alphaproteobacteria;o__Sphingomonadales;f__Sphingomonadaceae;g__Sphingomonas;
Pedomicrobium,47,21,204,8,137,k__Bacteria;p__Proteobacteria;c__Alphaproteobacteria;o__Rhizobiales;f__Hyphomicrobiaceae;g__Pedomicrobium;
Lachnospiraceae_NK4A136_group,14,12,8,195,0,k__Bacteria;p__Firmicutes;c__Clostridia;o__Clostridiales;f__Lachnospiraceae;g__Lachnospiraceae_NK4A136_group;
Crossiella,9,9,193,9,0,k__Bacteria;p__Actinobacteria;c__unidentified_Actinobacteria;o__Pseudonocardiales;f__Pseudonocardiaceae;g__Crossiella;
Actinobacillus,8,3,1,2,176,k__Bacteria;p__Proteobacteria;c__Gammaproteobacteria;o__Pasteurellales;f__Pasteurellaceae;g__Actinobacillus;
Candidatus_Alysiosphaera,7,6,169,6,7,k__Bacteria;p__Proteobacteria;c__Alphaproteobacteria;o__Rhodospirillales;f__unidentified_Rhodospirillales;g__Candidatus_Alysiosphaera;
Polaromonas,19,6,47,2,164,k__Bacteria;p__Proteobacteria;c__Betaproteobacteria;o__Burkholderiales;f__Comamonadaceae;g__Polaromonas;
Haliangium,24,15,163,19,147,k__Bacteria;p__Proteobacteria;c__Deltaproteobacteria;o__Myxococcales;f__Haliangiaceae;g__Haliangium;
Woodsholea,19,5,55,2,159,k__Bacteria;p__Proteobacteria;c__Alphaproteobacteria;o__Caulobacterales;f__Hyphomonadaceae;g__Woodsholea;
Bordetella,158,30,21,129,79,k__Bacteria;p__Proteobacteria;c__Betaproteobacteria;o__Burkholderiales;f__Alcaligenaceae;g__Bordetella;
Bythopirellula,2,0,144,2,0,k__Bacteria;p__Planctomycetes;c__Planctomycetacia;o__Planctomycetales;f__Planctomycetaceae;g__Bythopirellula;
Candidatus_Saccharimonas,1,0,5,134,1,k__Bacteria;p__Saccharibacteria;c__unidentified_Saccharibacteria;o__unidentified_Saccharibacteria;f__unidentified_Saccharibacteria;g__Candidatus_Saccharimonas;
Buchnera,14,8,18,122,5,k__Bacteria;p__Proteobacteria;c__Gammaproteobacteria;o__Enterobacteriales;f__Enterobacteriaceae;g__Buchnera;
Veillonella,1,0,0,1,122,k__Bacteria;p__Firmicutes;c__Negativicutes;o__Selenomonadales;f__Veillonellaceae;g__Veillonella;
Desulfovibrio,10,10,9,121,1,k__Bacteria;p__Proteobacteria;c__Deltaproteobacteria;o__Desulfovibrionales;f__Desulfovibrionaceae;g__Desulfovibrio;
Dietzia,0,0,0,0,117,k__Bacteria;p__Actinobacteria;c__unidentified_Actinobacteria;o__Corynebacteriales;f__Dietziaceae;g__Dietzia;
Pseudoxanthomonas,95,27,114,85,4,k__Bacteria;p__Proteobacteria;c__Gammaproteobacteria;o__Xanthomonadales;f__Xanthomonadaceae;g__Pseudoxanthomonas;
Roseomonas,20,11,10,114,17,k__Bacteria;p__Proteobacteria;c__Alphaproteobacteria;o__Rhodospirillales;f__Acetobacteraceae;g__Roseomonas;
Bacteroides,7,5,2,108,9,k__Bacteria;p__Bacteroidetes;c__Bacteroidia;o__Bacteroidales;f__Bacteroidaceae;g__Bacteroides;
Brucella,104,36,10,87,29,k__Bacteria;p__Proteobacteria;c__Alphaproteobacteria;o__Rhizobiales;f__Brucellaceae;g__Brucella;
Nordella,13,12,104,7,53,k__Bacteria;p__Proteobacteria;c__Alphaproteobacteria;o__Rhizobiales;f__unidentified_Rhizobiales;g__Nordella;
Arenimonas,21,7,101,17,2,k__Bacteria;p__Proteobacteria;c__Gammaproteobacteria;o__Xanthomonadales;f__Xanthomonadaceae;g__Arenimonas;
unidentified_0319-6A21,12,5,101,3,58,k__Bacteria;p__Nitrospirae;c__Nitrospira;o__Nitrospirales;f__0319-6A21;g__unidentified_0319-6A21;
Nitrosospira,7,0,13,1,99,k__Bacteria;p__Proteobacteria;c__Betaproteobacteria;o__Nitrosomonadales;f__Nitrosomonadaceae;g__Nitrosospira;
Blastopirellula,1,0,97,1,1,k__Bacteria;p__Planctomycetes;c__Planctomycetacia;o__Planctomycetales;f__Planctomycetaceae;g__Blastopirellula;
Methylophilus,33,5,8,93,0,k__Bacteria;p__Proteobacteria;c__Betaproteobacteria;o__Methylophilales;f__Methylophilaceae;g__Methylophilus;
Bifidobacterium,29,0,3,93,23,k__Bacteria;p__Actinobacteria;c__unidentified_Actinobacteria;o__Bifidobacteriales;f__Bifidobacteriaceae;g__Bifidobacterium;
Burkholderia,10,4,4,90,5,k__Bacteria;p__Proteobacteria;c__Betaproteobacteria;o__Burkholderiales;f__Burkholderiaceae;g__Burkholderia;
Rubrobacter,2,4,5,90,0,k__Bacteria;p__Actinobacteria;c__Rubrobacteria;o__Rubrobacterales;f__Rubrobacteriaceae;g__Rubrobacter;
Ruminiclostridium_9,4,6,3,87,0,k__Bacteria;p__Firmicutes;c__Clostridia;o__Clostridiales;f__Ruminococcaceae;g__Ruminiclostridium_9;
Acidibacter,18,4,78,8,86,k__Bacteria;p__Proteobacteria;c__Gammaproteobacteria;o__Xanthomonadales;f__unidentified_Xanthomonadales;g__Acidibacter;
Steroidobacter,16,5,75,11,85,k__Bacteria;p__Proteobacteria;c__Gammaproteobacteria;o__Xanthomonadales;f__unidentified_Xanthomonadales;g__Steroidobacter;
Pseudonocardia,4,1,61,81,2,k__Bacteria;p__Actinobacteria;c__unidentified_Actinobacteria;o__Pseudonocardiales;f__Pseudonocardiaceae;g__Pseudonocardia;
Lachnoclostridium,0,0,0,6,80,k__Bacteria;p__Firmicutes;c__Clostridia;o__Clostridiales;f__Lachnospiraceae;g__Lachnoclostridium;
Aeromonas,80,24,11,11,41,k__Bacteria;p__Proteobacteria;c__Gammaproteobacteria;o__Aeromonadales;f__Aeromonadaceae;g__Aeromonas;
Rhizobium,75,20,49,18,8,k__Bacteria;p__Proteobacteria;c__Alphaproteobacteria;o__Rhizobiales;f__Rhizobiaceae;g__Rhizobium;
Prevotella_2,0,1,2,75,0,k__Bacteria;p__Bacteroidetes;c__Bacteroidia;o__Bacteroidales;f__Prevotellaceae;g__Prevotella_2;
Fusobacterium,71,2,2,20,0,k__Bacteria;p__Fusobacteria;c__Fusobacteriia;o__Fusobacteriales;f__Fusobacteriaceae;g__Fusobacterium;
Hyphomicrobium,61,42,70,12,63,k__Bacteria;p__Proteobacteria;c__Alphaproteobacteria;o__Rhizobiales;f__Hyphomicrobiaceae;g__Hyphomicrobium;
Lachnospiraceae_UCG-006,6,5,2,70,0,k__Bacteria;p__Firmicutes;c__Clostridia;o__Clostridiales;f__Lachnospiraceae;g__Lachnospiraceae_UCG-006;
Butyricimonas,0,0,0,68,0,k__Bacteria;p__Bacteroidetes;c__Bacteroidia;o__Bacteroidales;f__Porphyromonadaceae;g__Butyricimonas;
Gaiella,56,17,68,8,61,k__Bacteria;p__Actinobacteria;c__Thermoleophilia;o__Gaiellales;f__Gaiellaceae;g__Gaiella;
Methylobacterium,64,12,9,1,0,k__Bacteria;p__Proteobacteria;c__Alphaproteobacteria;o__Rhizobiales;f__Methylobacteriaceae;g__Methylobacterium;
Eubacterium_brachy_group,5,1,4,63,0,k__Bacteria;p__Firmicutes;c__Clostridia;o__Clostridiales;f__Family_XIII;g__Eubacterium_brachy_group;
unidentified_Acidobacteria,2,7,63,1,21,k__Bacteria;p__Acidobacteria;c__unidentified_Acidobacteria;o__Subgroup_6;f__unidentified_Acidobacteria;g__unidentified_Acidobacteria;
Lachnospiraceae_UCG-010,6,6,5,63,0,k__Bacteria;p__Firmicutes;c__Clostridia;o__Clostridiales;f__Lachnospiraceae;g__Lachnospiraceae_UCG-010;
SM1A02,0,0,59,1,0,k__Bacteria;p__Planctomycetes;c__Phycisphaerae;o__Phycisphaerales;f__Phycisphaeraceae;g__SM1A02;
Psychrobacter,14,5,7,59,9,k__Bacteria;p__Proteobacteria;c__Gammaproteobacteria;o__Pseudomonadales;f__Moraxellaceae;g__Psychrobacter;
Paracocccus,59,20,9,54,10,k__Bacteria;p__Proteobacteria;c__Alphaproteobacteria;o__Rhodobacterales;f__Rhodobacteraceae;g__Paracocccus;
Hungatella,0,0,0,0,58,k__Bacteria;p__Firmicutes;c__Clostridia;o__Clostridiales;f__Lachnospiraceae;g__Hungatella;
Blautia,2,4,2,55,3,k__Bacteria;p__Firmicutes;c__Clostridia;o__Clostridiales;f__Lachnospiraceae;g__Blautia;
Ruminiclostridium_6,6,10,5,55,0,k__Bacteria;p__Firmicutes;c__Clostridia;o__Clostridiales;f__Ruminococcaceae;g__Ruminiclostridium_6;
Bryobacter,4,1,51,2,14,k__Bacteria;p__Acidobacteria;c__unidentified_Acidobacteria;o__Subgroup_3;f__unidentified_Acidobacteria;g__Bryobacter;
Beggiatoa,0,0,0,0,51,k__Bacteria;p__Proteobacteria;c__Gammaproteobacteria;o__Thiotrichales;f__Thiotrichaceae;g__Beggiatoa;
Comamonas,48,4,36,4,17,k__Bacteria;p__Proteobacteria;c__Betaproteobacteria;o__Burkholderiales;f__Comamonadaceae;g__Comamonas;
Brochothrix,5,10,0,48,1,k__Bacteria;p__Firmicutes;c__Bacilli;o__Bacillales;f__Listeriaceae;g__Brochothrix;
Flavonifractor,0,0,0,0,46,k__Bacteria;p__Firmicutes;c__Clostridia;o__Clostridiales;f__Ruminococcaceae;g__Flavonifractor;
GAL15,1,0,46,2,9,k__Bacteria;p__Thermotogae;c__unidentified_Thermotogae;o__Thermotogales;f__Thermotogaceae;g__GAL15;
Tyzzerella,0,0,0,0,46,k__Bacteria;p__Firmicutes;c__Clostridia;o__Clostridiales;f__Lachnospiraceae;g__Tyzzerella;
Nocardioides,21,3,45,0,1,k__Bacteria;p__Actinobacteria;c__unidentified_Actinobacteria;o__Propionibacteriales;f__Nocardioidaceae;g__Nocardioides;
Weissella,0,0,0,0,45,k__Bacteria;p__Firmicutes;c__Bacilli;o__Lactobacillales;f__Leuconostocaceae;g__Weissella;
Marinomonas,45,6,5,3,0,k__Bacteria;p__Proteobacteria;c__Gammaproteobacteria;o__Oceanospirillales;f__Oceanospirillaceae;g__Marinomonas;
Geobacillus,4,4,4,44,0,k__Bacteria;p__Firmicutes;c__Bacilli;o__Bacillales;f__Bacillaceae;g__Geobacillus;
unidentified_Planctomycetaceae,0,0,44,0,0,k__Bacteria;p__Planctomycetes;c__Planctomycetacia;o__Planctomycetales;f__Planctomycetaceae;g__unidentified_Planctomycetaceae;
Christensenellaceae_R-7_group,2,4,1,43,0,k__Bacteria;p__Firmicutes;c__Clostridia;o__Clostridiales;f__Christensenellaceae;g__Christensenellaceae_R-7_group;
unidentified_Lachnospiraceae,4,2,6,42,0,k__Bacteria;p__Firmicutes;c__Clostridia;o__Clostridiales;f__Lachnospiraceae;g__unidentified_Lachnospiraceae;
Smithella,4,2,5,42,0,k__Bacteria;p__Proteobacteria;c__Deltaproteobacteria;o__Syntrophobacterales;f__Syntrophaceae;g__Smithella;
Ruminococcaceae_UCG-014,9,5,7,41,8,k__Bacteria;p__Firmicutes;c__Clostridia;o__Clostridiales;f__Ruminococcaceae;g__Ruminococcaceae_UCG-014;
unidentified_Nitrospiraceae,5,2,41,1,38,k__Bacteria;p__Nitrospirae;c__Nitrospira;o__Nitrospirales;f__Nitrospiraceae;g__unidentified_Nitrospiraceae;
Polycyclovorans,6,1,40,5,21,k__Bacteria;p__Proteobacteria;c__Gammaproteobacteria;o__Xanthomonadales;f__Solimonadaceae;g__Polycyclovorans;
Phascolarctobacterium,2,6,2,40,0,k__Bacteria;p__Firmicutes;c__Negativicutes;o__Selenomonadales;f__Acidaminococcaceae;g__Phascolarctobacterium;
AKYG587,0,0,38,0,0,k__Bacteria;p__Planctomycetes;c__Phycisphaerae;o__Phycisphaerales;f__Phycisphaeraceae;g__AKYG587;
Bosea,0,0,18,0,37,k__Bacteria;p__Proteobacteria;c__Alphaproteobacteria;o__Rhizobiales;f__Bradyrhizobiaceae;g__Bosea;
Candidatus_Stoquefichus,0,1,0,36,0,k__Bacteria;p__Firmicutes;c__Erysipelotrichia;o__Erysipelotrichales;f__Erysipelotrichaceae;g__Candidatus_Stoquefichus;
Geothermobacter,2,3,0,36,0,k__Bacteria;p__Proteobacteria;c__Deltaproteobacteria;o__Desulfuromonadales;f__Geobacteraceae;g__Geothermobacter;
Neisseria,8,0,1,35,0,k__Bacteria;p__Proteobacteria;c__Betaproteobacteria;o__Neisseriales;f__Neisseriaceae;g__Neisseria;
unidentified_Erysipelotrichaceae,0,0,0,0,34,k__Bacteria;p__Firmicutes;c__Erysipelotrichia;o__Erysipelotrichales;f__Erysipelotrichaceae;g__unidentified_Erysipelotrichaceae;
Iamia,4,3,34,2,13,k__Bacteria;p__Actinobacteria;c__Acidimicrobiia;o__Acidimicrobiales;f__Iamiaceae;g__Iamia;
Luedemannella,6,1,34,1,2,k__Bacteria;p__Actinobacteria;c__unidentified_Actinobacteria;o__Micromonosporales;f__Micromonosporaceae;g__Luedemannella;
Bauldia,2,16,32,1,11,k__Bacteria;p__Proteobacteria;c__Alphaproteobacteria;o__Rhizobiales;f__unidentified_Rhizobiales;g__Bauldia;
Chthoniobacter,6,3,32,3,8,k__Bacteria;p__Verrucomicrobia;c__Spartobacteria;o__Chthoniobacterales;f__Chthoniobacteraceae;g__Chthoniobacter;
unidentified_Rhodospirillaceae,0,1,31,2,16,k__Bacteria;p__Proteobacteria;c__Alphaproteobacteria;o__Rhodospirillales;f__Rhodospirillaceae;g__unidentified_Rhodospirillaceae;
Candidatus_Entotheonella,2,1,20,0,31,k__Bacteria;p__Proteobacteria;c__Deltaproteobacteria;o__Desulfobacterales;f__Nitrospinaceae;g__Candidatus_Entotheonella;
Aquicella,8,2,31,3,1,k__Bacteria;p__Proteobacteria;c__Gammaproteobacteria;o__Legionellales;f__Coxiellaceae;g__Aquicella;
Brevibacillus,9,29,1,4,0,k__Bacteria;p__Firmicutes;c__Bacilli;o__Bacillales;f__Paenibacillaceae;g__Brevibacillus;
Propionibacterium,1,1,2,29,0,k__Bacteria;p__Actinobacteria;c__unidentified_Actinobacteria;o__Propionibacteriales;f__Propionibacteriaceae;g__Propionibacterium;
Tyzzerella_4,0,0,0,0,28,k__Bacteria;p__Firmicutes;c__Clostridia;o__Clostridiales;f__Lachnospiraceae;g__Tyzzerella_4;
Sorangium,17,3,28,2,7,k__Bacteria;p__Proteobacteria;c__Deltaproteobacteria;o__Myxococcales;f__Polyangiaceae;g__Sorangium;
Castellaniella,0,0,0,0,27,k__Bacteria;p__Proteobacteria;c__Betaproteobacteria;o__Burkholderiales;f__Alcaligenaceae;g__Castellaniella;
Staphylococcus,21,9,5,6,27,k__Bacteria;p__Firmicutes;c__Bacilli;o__Bacillales;f__Staphylococcaceae;g__Staphylococcus;
Cupriavidus,1,0,0,0,25,k__Bacteria;p__Proteobacteria;c__Betaproteobacteria;o__Burkholderiales;f__Burkholderiaceae;g__Cupriavidus;
Parabacteroides,0,0,0,14,25,k__Bacteria;p__Bacteroidetes;c__Bacteroidia;o__Bacteroidales;f__Porphyromonadaceae;g__Parabacteroides;
Candidatus_Methylomirabilis,0,0,0,0,24,k__Bacteria;p__Nitrospirae;c__Nitrospira;o__Nitrospirales;f__unidentified_Nitrospirales;g__Candidatus_Methylomirabilis;
Dokdonella,7,4,24,3,0,k__Bacteria;p__Proteobacteria;c__Gammaproteobacteria;o__Xanthomonadales;f__Xanthomonadaceae;g__Dokdonella;
Ruminiclostridium_5,1,2,1,23,0,k__Bacteria;p__Firmicutes;c__Clostridia;o__Clostridiales;f__Ruminococcaceae;g__Ruminiclostridium_5;
Sphingobium,0,0,3,0,23,k__Bacteria;p__Proteobacteria;c__Alphaproteobacteria;o__Sphingomonadales;f__Sphingomonadaceae;g__Sphingobium;
Legionella,22,3,18,6,4,k__Bacteria;p__Proteobacteria;c__Gammaproteobacteria;o__Legionellales;f__Legionellaceae;g__Legionella;
Enterococcus,0,0,0,0,22,k__Bacteria;p__Firmicutes;c__Bacilli;o__Lactobacillales;f__Enterococcaceae;g__Enterococcus;
Gemella,0,0,0,0,22,k__Bacteria;p__Firmicutes;c__Bacilli;o__Bacillales;f__Family_XI;g__Gemella;
Pseudolabrys,1,3,21,2,3,k__Bacteria;p__Proteobacteria;c__Alphaproteobacteria;o__Rhizobiales;f__Xanthobacteraceae;g__Pseudolabrys;
Leifsonia,20,3,12,18,13,k__Bacteria;p__Actinobacteria;c__unidentified_Actinobacteria;o__Micrococcales;f__Microbacteriaceae;g__Leifsonia;
Deinococcus,20,0,0,2,0,k__Bacteria;p__Deinococcus-Thermus;c__Deinococci;o__Deinococcales;f__Deinococcaceae;g__Deinococcus;
Terrisporobacter,1,2,1,19,0,k__Bacteria;p__Firmicutes;c__Clostridia;o__Clostridiales;f__Peptostreptococcaceae;g__Terrisporobacter;
unidentified_Ruminococcaceae,1,2,1,19,8,k__Bacteria;p__Firmicutes;c__Clostridia;o__Clostridiales;f__Ruminococcaceae;g__unidentified_Ruminococcaceae;
Candidatus_Xiphinematobacter,0,0,8,0,19,k__Bacteria;p__Verrucomicrobia;c__Spartobacteria;o__Chthoniobacterales;f__Xiphinematobacteraceae;g__Candidatus_Xiphinematobacter;
Aeromicrobium,3,0,18,0,0,k__Bacteria;p__Actinobacteria;c__unidentified_Actinobacteria;o__Propionibacteriales;f__Nocardioidaceae;g__Aeromicrobium;
Gemmatimonas,0,0,18,1,4,k__Bacteria;p__Gemmatimonadetes;c__unidentified_Gemmatimonadetes;o__Gemmatimonadales;f__Gemmatimonadaceae;g__Gemmatimonas;
unidentified_Mitochondria,0,0,0,18,0,k__Bacteria;p__Proteobacteria;c__Alphaproteobacteria;o__Rickettsiales;f__Mitochondria;g__unidentified_Mitochondria;
Sarcina,0,0,0,0,18,k__Bacteria;p__Firmicutes;c__Clostridia;o__Clostridiales;f__Clostridiaceae_1;g__Sarcina;
Illumatobacter,0,0,17,0,4,k__Bacteria;p__Actinobacteria;c__Acidimicrobiia;o__Acidimicrobiales;f__Acidimicrobiaceae;g__Illumatobacter;
unidentified_Gemmatimonadetes,0,0,15,2,16,k__Bacteria;p__Gemmatimonadetes;c__unidentified_Gemmatimonadetes;o__Gemmatimonadales;f__Gemmatimonadaceae;g__unidentified_Gemmatimonadetes;
Morganella,0,0,0,0,15,k__Bacteria;p__Proteobacteria;c__Gammaproteobacteria;o__Enterobacteriales;f__Enterobacteriaceae;g__Morganella;
Rubellimicrobium,0,0,3,0,15,k__Bacteria;p__Proteobacteria;c__Alphaproteobacteria;o__Rhodobacterales;f__Rhodobacteraceae;g__Rubellimicrobium;
unidentified_Chloroplast,5,2,4,4,15,k__Bacteria;p__Cyanobacteria;c__Chloroplast;o__unidentified_Chloroplast;f__unidentified_Chloroplast;g__unidentified_Chloroplast;
Candidatus_Solibacter,9,1,15,0,13,k__Bacteria;p__Acidobacteria;c__unidentified_Acidobacteria;o__Subgroup_3;f__unidentified_Acidobacteria;g__Candidatus_Solibacter;
Sandaracinus,0,0,6,0,15,k__Bacteria;p__Proteobacteria;c__Deltaproteobacteria;o__Myxococcales;f__Sandaracinaceae;g__Sandaracinus;
Reyranella,5,3,15,1,7,k__Bacteria;p__Proteobacteria;c__Alphaproteobacteria;o__Rhodospirillales;f__unidentified_Rhodospirillales;g__Reyranella;
Corynebacterium_1,15,1,0,1,0,k__Bacteria;p__Actinobacteria;c__unidentified_Actinobacteria;o__Corynebacteriales;f__Corynebacteriaceae;g__Corynebacterium_1;
Pontibacter,14,0,3,0,0,k__Bacteria;p__Bacteroidetes;c__Cytophagia;o__Cytophagales;f__Cytophagaceae;g__Pontibacter;
Oscillibacter,3,0,1,13,0,k__Bacteria;p__Firmicutes;c__Clostridia;o__Clostridiales;f__Ruminococcaceae;g__Oscillibacter;
unidentified_Gaiellales,13,4,5,3,6,k__Bacteria;p__Actinobacteria;c__Thermoleophilia;o__Gaiellales;f__unidentified_Gaiellales;g__unidentified_Gaiellales;
unidentified_Nitrosomonadaceae,13,0,10,1,8,k__Bacteria;p__Proteobacteria;c__Betaproteobacteria;o__Nitrosomonadales;f__Nitrosomonadaceae;g__unidentified_Nitrosomonadaceae;
Sporichthya,1,0,13,0,0,k__Bacteria;p__Actinobacteria;c__unidentified_Actinobacteria;o__Frankiales;f__Sporichthyaceae;g__Sporichthya;
Aneurinibacillus,1,13,1,1,0,k__Bacteria;p__Firmicutes;c__Bacilli;o__Bacillales;f__Paenibacillaceae;g__Aneurinibacillus;
Defluviicoccus,9,2,4,2,13,k__Bacteria;p__Proteobacteria;c__Alphaproteobacteria;o__Rhodospirillales;f__Rhodospirillaceae;g__Defluviicoccus;
Alistipes,1,0,0,13,0,k__Bacteria;p__Bacteroidetes;c__Bacteroidia;o__Bacteroidales;f__Rikenellaceae;g__Alistipes;
Azospirillum,13,3,0,3,0,k__Bacteria;p__Proteobacteria;c__Alphaproteobacteria;o__Rhodospirillales;f__Rhodospirillaceae;g__Azospirillum;
Anaerotruncus,0,0,0,0,13,k__Bacteria;p__Firmicutes;c__Clostridia;o__Clostridiales;f__Ruminococcaceae;g__Anaerotruncus;
Pseudoduganella,1,0,8,1,12,k__Bacteria;p__Proteobacteria;c__Betaproteobacteria;o__Burkholderiales;f__Oxalobacteraceae;g__Pseudoduganella;
unidentified_Syntrophaceae,0,0,1,0,12,k__Bacteria;p__Proteobacteria;c__Deltaproteobacteria;o__Syntrophobacterales;f__Syntrophaceae;g__unidentified_Syntrophaceae;
Alcaligenes,12,10,3,2,0,k__Bacteria;p__Proteobacteria;c__Betaproteobacteria;o__Burkholderiales;f__Alcaligenaceae;g__Alcaligenes;
Terrimonas,1,0,6,1,12,k__Bacteria;p__Bacteroidetes;c__Sphingobacteriia;o__Sphingobacteriales;f__Chitinophagaceae;g__Terrimonas;
Eubacterium,0,0,0,0,12,k__Bacteria;p__Firmicutes;c__Clostridia;o__Clostridiales;f__Eubacteriaceae;g__Eubacterium;
Acidobacterium,11,0,4,4,0,k__Bacteria;p__Acidobacteria;c__unidentified_Acidobacteria;o__Acidobacteriales;f__Acidobacteriaceae_.Subgroup_1.;g__Acidobacterium;
Flavihumibacter,2,0,0,0,11,k__Bacteria;p__Bacteroidetes;c__Sphingobacteriia;o__Sphingobacteriales;f__Chitinophagaceae;g__Flavihumibacter;
Paenalcaligenes,0,1,0,11,0,k__Bacteria;p__Proteobacteria;c__Betaproteobacteria;o__Burkholderiales;f__Alcaligenaceae;g__Paenalcaligenes;
Devosia,2,1,11,2,3,k__Bacteria;p__Proteobacteria;c__Alphaproteobacteria;o__Rhizobiales;f__Hyphomicrobiaceae;g__Devosia;
Allobaculum,11,4,1,7,0,k__Bacteria;p__Firmicutes;c__Erysipelotrichia;o__Erysipelotrichales;f__Erysipelotrichaceae;g__Allobaculum;
Ruminiclostridium,0,0,0,0,11,k__Bacteria;p__Firmicutes;c__Clostridia;o__Clostridiales;f__Ruminococcaceae;g__Ruminiclostridium;
Granulosicoccus,11,3,1,5,1,k__Bacteria;p__Proteobacteria;c__Gammaproteobacteria;o__Chromatiales;f__Granulosicoccaceae;g__Granulosicoccus;
Sphingosinicella,1,0,11,0,0,k__Bacteria;p__Proteobacteria;c__Alphaproteobacteria;o__Sphingomonadales;f__Sphingomonadaceae;g__Sphingosinicella;
Brachybacterium,10,0,0,0,0,k__Bacteria;p__Actinobacteria;c__unidentified_Actinobacteria;o__Micrococcales;f__Dermabacteraceae;g__Brachybacterium;
Streptomyces,10,6,2,1,0,k__Bacteria;p__Actinobacteria;c__unidentified_Actinobacteria;o__Streptomycetales;f__Streptomycetaceae;g__Streptomyces;
Isosphaera,0,0,10,0,0,k__Bacteria;p__Planctomycetes;c__Planctomycetacia;o__Planctomycetales;f__Planctomycetaceae;g__Isosphaera;
Litorilinea,1,0,10,0,0,k__Bacteria;p__Chloroflexi;c__Caldilineae;o__Caldilineales;f__Caldilineaceae;g__Litorilinea;
Rhodopirellula,0,0,9,0,0,k__Bacteria;p__Planctomycetes;c__Planctomycetacia;o__Planctomycetales;f__Planctomycetaceae;g__Rhodopirellula;
Mycobacterium,9,0,2,0,3,k__Bacteria;p__Actinobacteria;c__unidentified_Actinobacteria;o__Corynebacteriales;f__Mycobacteriaceae;g__Mycobacterium;
Rickettsiella,9,2,0,0,0,k__Bacteria;p__Proteobacteria;c__Gammaproteobacteria;o__Legionellales;f__Coxiellaceae;g__Rickettsiella;
Zavarzinella,0,0,9,0,0,k__Bacteria;p__Planctomycetes;c__Planctomycetacia;o__Planctomycetales;f__Planctomycetaceae;g__Zavarzinella;
Euzebya,0,0,9,0,0,k__Bacteria;p__Actinobacteria;c__Nitriliruptoria;o__Euzebyales;f__Euzebyaceae;g__Euzebya;
Alterococcus,9,0,0,0,0,k__Bacteria;p__Verrucomicrobia;c__Opitutae;o__Opitutales;f__Opitutaceae;g__Alterococcus;
Hirschia,7,5,9,3,1,k__Bacteria;p__Proteobacteria;c__Alphaproteobacteria;o__Caulobacterales;f__Hyphomonadaceae;g__Hirschia;
Olivibacter,9,1,1,1,0,k__Bacteria;p__Bacteroidetes;c__Sphingobacteriia;o__Sphingobacteriales;f__Sphingobacteriaceae;g__Olivibacter;
Porphyromonas,1,1,0,9,0,k__Bacteria;p__Bacteroidetes;c__Bacteroidia;o__Bacteroidales;f__Porphyromonadaceae;g__Porphyromonas;
Parvularcula,0,0,7,0,9,k__Bacteria;p__Proteobacteria;c__Alphaproteobacteria;o__Parvularculales;f__Parvularculaceae;g__Parvularcula;
Nitrosomonas,3,0,2,2,9,k__Bacteria;p__Proteobacteria;c__Betaproteobacteria;o__Nitrosomonadales;f__Nitrosomonadaceae;g__Nitrosomonas;
vadinBC27_wastewater-sludge_group,0,0,0,9,0,k__Bacteria;p__Bacteroidetes;c__Bacteroidia;o__Bacteroidales;f__Rikenellaceae;g__vadinBC27_wastewater-sludge_group;
Photobacterium,0,0,0,0,9,k__Bacteria;p__Proteobacteria;c__Gammaproteobacteria;o__Vibrionales;f__Vibrionaceae;g__Photobacterium;
Singulisphaera,0,0,9,0,1,k__Bacteria;p__Planctomycetes;c__Planctomycetacia;o__Planctomycetales;f__Planctomycetaceae;g__Singulisphaera;
unidentified_GR-WP33-30,0,1,6,0,8,k__Bacteria;p__Proteobacteria;c__Deltaproteobacteria;o__GR-WP33-30;f__unidentified_GR-WP33-30;g__unidentified_GR-WP33-30;
Nocardia,0,0,0,0,8,k__Bacteria;p__Actinobacteria;c__unidentified_Actinobacteria;o__Corynebacteriales;f__Nocardiaceae;g__Nocardia;
Amaricoccus,2,0,7,1,8,k__Bacteria;p__Proteobacteria;c__Alphaproteobacteria;o__Rhodobacterales;f__Rhodobacteraceae;g__Amaricoccus;
Lactococcus,1,3,0,0,8,k__Bacteria;p__Firmicutes;c__Bacilli;o__Lactobacillales;f__Streptococcaceae;g__Lactococcus;
Roseiflexus,0,0,8,0,3,k__Bacteria;p__Chloroflexi;c__Chloroflexia;o__Chloroflexales;f__Roseiflexaceae;g__Roseiflexus;
Mizugakiibacter,8,1,0,2,0,k__Bacteria;p__Proteobacteria;c__Gammaproteobacteria;o__Xanthomonadales;f__Xanthomonadaceae;g__Mizugakiibacter;
Micrococcus,0,0,1,8,1,k__Bacteria;p__Actinobacteria;c__unidentified_Actinobacteria;o__Micrococcales;f__Micrococcaceae;g__Micrococcus;
Effusibacillus,0,8,0,1,0,k__Bacteria;p__Firmicutes;c__Bacilli;o__Bacillales;f__Alicyclobacillaceae;g__Effusibacillus;
Sutterella,7,1,0,0,8,k__Bacteria;p__Proteobacteria;c__Betaproteobacteria;o__Burkholderiales;f__Alcaligenaceae;g__Sutterella;
Rothia,0,0,0,0,8,k__Bacteria;p__Actinobacteria;c__unidentified_Actinobacteria;o__Micrococcales;f__Micrococcaceae;g__Rothia;
Nesterenkonia,8,0,0,1,1,k__Bacteria;p__Actinobacteria;c__unidentified_Actinobacteria;o__Micrococcales;f__Micrococcaceae;g__Nesterenkonia;
Panacagrimonas,2,1,8,0,2,k__Bacteria;p__Proteobacteria;c__Gammaproteobacteria;o__Xanthomonadales;f__Xanthomonadaceae;g__Panacagrimonas;
Nannocystis,1,0,8,0,0,k__Bacteria;p__Proteobacteria;c__Deltaproteobacteria;o__Myxococcales;f__Nannocystaceae;g__Nannocystis;
Phaselicystis,0,0,8,0,1,k__Bacteria;p__Proteobacteria;c__Deltaproteobacteria;o__Myxococcales;f__Phaselicystidaceae;g__Phaselicystis;
Pedobacter,0,0,0,0,7,k__Bacteria;p__Bacteroidetes;c__Sphingobacteriia;o__Sphingobacteriales;f__Sphingobacteriaceae;g__Pedobacter;
Ruminococcaceae_UCG-002,7,0,0,1,0,k__Bacteria;p__Firmicutes;c__Clostridia;o__Clostridiales;f__Ruminococcaceae;g__Ruminococcaceae_UCG-002;
Melittangium,7,0,0,1,0,k__Bacteria;p__Proteobacteria;c__Deltaproteobacteria;o__Myxococcales;f__Cystobacteraceae;g__Melittangium;
Flavobacterium,0,0,0,7,0,k__Bacteria;p__Bacteroidetes;c__Flavobacteriia;o__Flavobacteriales;f__Flavobacteriaceae;g__Flavobacterium;
Helicobacter,0,1,0,7,1,k__Bacteria;p__Proteobacteria;c__Epsilonproteobacteria;o__Campylobacterales;f__Helicobacteraceae;g__Helicobacter;
Rhodomicrobium,0,0,7,0,2,k__Bacteria;p__Proteobacteria;c__Alphaproteobacteria;o__Rhizobiales;f__Hyphomicrobiaceae;g__Rhodomicrobium;
Stella,0,0,5,1,7,k__Bacteria;p__Proteobacteria;c__Alphaproteobacteria;o__Rhodospirillales;f__Acetobacteraceae;g__Stella;
Megasphaera,0,0,0,0,6,k__Bacteria;p__Firmicutes;c__Negativicutes;o__Selenomonadales;f__Veillonellaceae;g__Megasphaera;
Clostridiisalibacter,0,0,0,0,6,k__Bacteria;p__Firmicutes;c__Clostridia;o__Clostridiales;f__Clostridiaceae_3;g__Clostridiisalibacter;
Lentibacillus,6,0,0,0,0,k__Bacteria;p__Firmicutes;c__Bacilli;o__Bacillales;f__Bacillaceae;g__Lentibacillus;
Fibrobacter,6,0,0,1,0,k__Bacteria;p__Fibrobacteres;c__Fibrobacteria;o__Fibrobacterales;f__Fibrobacteraceae;g__Fibrobacter;
Phenylobacterium,1,0,6,0,2,k__Bacteria;p__Proteobacteria;c__Alphaproteobacteria;o__Caulobacterales;f__Caulobacteraceae;g__Phenylobacterium;
unidentified_NKB5,2,1,6,1,0,k__Bacteria;p__Proteobacteria;c__Gammaproteobacteria;o__NKB5;f__unidentified_NKB5;g__unidentified_NKB5;
Moraxella,5,3,1,2,6,k__Bacteria;p__Proteobacteria;c__Gammaproteobacteria;o__Pseudomonadales;f__Moraxellaceae;g__Moraxella;
Candidatus_Competibacter,6,0,1,1,0,k__Bacteria;p__Proteobacteria;c__Gammaproteobacteria;o__Xanthomonadales;f__unidentified_Xanthomonadales;g__Candidatus_Competibacter;
Chryseolinea,0,2,6,2,3,k__Bacteria;p__Bacteroidetes;c__Cytophagia;o__Cytophagales;f__Cytophagaceae;g__Chryseolinea;
Peredibacter,0,0,2,0,6,k__Bacteria;p__Proteobacteria;c__Deltaproteobacteria;o__Bdellovibrionales;f__Bacteriovoracaceae;g__Peredibacter;
Frondihabitans,3,0,4,0,6,k__Bacteria;p__Actinobacteria;c__unidentified_Actinobacteria;o__Micrococcales;f__Microbacteriaceae;g__Frondihabitans;
Sphingobacterium,5,0,1,4,1,k__Bacteria;p__Bacteroidetes;c__Sphingobacteriia;o__Sphingobacteriales;f__Sphingobacteriaceae;g__Sphingobacterium;
Selenomonas,0,0,0,0,5,k__Bacteria;p__Firmicutes;c__Negativicutes;o__Selenomonadales;f__Veillonellaceae;g__Selenomonas;
Gemmobacter,5,2,3,1,1,k__Bacteria;p__Proteobacteria;c__Alphaproteobacteria;o__Rhodobacterales;f__Rhodobacteraceae;g__Gemmobacter;
Thermicanus,0,1,0,5,0,k__Bacteria;p__Firmicutes;c__Bacilli;o__Bacillales;f__Family_X;g__Thermicanus;
unidentified_OM190,0,0,5,0,0,k__Bacteria;p__Planctomycetes;c__OM190;o__unidentified_OM190;f__unidentified_OM190;g__unidentified_OM190;
Candidatus_Rhabdochlamydia,0,0,1,0,5,k__Bacteria;p__Chlamydiae;c__unidentified_Chlamydiae;o__Chlamydiales;f__Simkaniaceae;g__Candidatus_Rhabdochlamydia;
unidentified_Chitinophagaceae,1,0,5,1,0,k__Bacteria;p__Bacteroidetes;c__Sphingobacteriia;o__Sphingobacteriales;f__Chitinophagaceae;g__unidentified_Chitinophagaceae;
Acidiferrobacter,1,0,2,0,5,k__Bacteria;p__Proteobacteria;c__Gammaproteobacteria;o__Chromatiales;f__Ectothiorhodospiraceae;g__Acidiferrobacter;
Sandaracinobacter,5,2,1,1,0,k__Bacteria;p__Proteobacteria;c__Alphaproteobacteria;o__Sphingomonadales;f__Sphingomonadaceae;g__Sandaracinobacter;
Gluconobacter,4,0,0,0,0,k__Bacteria;p__Proteobacteria;c__Alphaproteobacteria;o__Rhodospirillales;f__Acetobacteraceae;g__Gluconobacter;
Romboutsia,0,4,0,1,2,k__Bacteria;p__Firmicutes;c__Clostridia;o__Clostridiales;f__Peptostreptococcaceae;g__Romboutsia;
Prevotella_9,1,4,0,0,1,k__Bacteria;p__Bacteroidetes;c__Bacteroidia;o__Bacteroidales;f__Prevotellaceae;g__Prevotella_9;
Cellvibrio,4,0,2,1,1,k__Bacteria;p__Proteobacteria;c__Gammaproteobacteria;o__Cellvibrionales;f__Cellvibrionaceae;g__Cellvibrio;
Sphingopyxis,0,1,0,1,4,k__Bacteria;p__Proteobacteria;c__Alphaproteobacteria;o__Sphingomonadales;f__Sphingomonadaceae;g__Sphingopyxis;
Cellulosimicrobium,4,0,2,0,1,k__Bacteria;p__Actinobacteria;c__unidentified_Actinobacteria;o__Micrococcales;f__Promicromonosporaceae;g__Cellulosimicrobium;
Leptotrichia,2,1,0,4,0,k__Bacteria;p__Fusobacteria;c__Fusobacteriia;o__Fusobacteriales;f__Leptotrichiaceae;g__Leptotrichia;
unidentified_Moraxellaceae,0,1,4,0,0,k__Bacteria;p__Proteobacteria;c__Gammaproteobacteria;o__Pseudomonadales;f__Moraxellaceae;g__unidentified_Moraxellaceae;
Parvimonas,0,0,0,0,4,k__Bacteria;p__Firmicutes;c__Clostridia;o__Clostridiales;f__Family_XI;g__Parvimonas;
Atopobium,4,0,0,0,0,k__Bacteria;p__Actinobacteria;c__Coriobacteriia;o__Coriobacteriales;f__Coriobacteriaceae;g__Atopobium;
Aerococcus,4,1,0,0,3,k__Bacteria;p__Firmicutes;c__Bacilli;o__Lactobacillales;f__Aerococcaceae;g__Aerococcus;
unidentified_34P16,1,0,4,0,0,k__Bacteria;p__Proteobacteria;c__Gammaproteobacteria;o__34P16;f__unidentified_34P16;g__unidentified_34P16;
Paenibacillus,1,1,4,0,4,k__Bacteria;p__Firmicutes;c__Bacilli;o__Bacillales;f__Paenibacillaceae;g__Paenibacillus;
Capnocytophaga,1,0,0,3,0,k__Bacteria;p__Bacteroidetes;c__Flavobacteriia;o__Flavobacteriales;f__Flavobacteriaceae;g__Capnocytophaga;
Ruminococcaceae_UCG-005,3,0,0,0,0,k__Bacteria;p__Firmicutes;c__Clostridia;o__Clostridiales;f__Ruminococcaceae;g__Ruminococcaceae_UCG-005;
Vibrio,0,0,0,0,3,k__Bacteria;p__Proteobacteria;c__Gammaproteobacteria;o__Vibrionales;f__Vibrionaceae;g__Vibrio;
Erythrobacter,3,1,0,1,0,k__Bacteria;p__Proteobacteria;c__Alphaproteobacteria;o__Sphingomonadales;f__Erythrobacteraceae;g__Erythrobacter;
Lachnoanaerobaculum,0,0,0,0,3,k__Bacteria;p__Firmicutes;c__Clostridia;o__Clostridiales;f__Lachnospiraceae;g__Lachnoanaerobaculum;
Agromyces,0,0,3,0,2,k__Bacteria;p__Actinobacteria;c__unidentified_Actinobacteria;o__Micrococcales;f__Microbacteriaceae;g__Agromyces;
Microvirga,0,1,1,3,0,k__Bacteria;p__Proteobacteria;c__Alphaproteobacteria;o__Rhizobiales;f__Methylobacteriaceae;g__Microvirga;
Candidatus_Accumulibacter,3,0,0,0,0,k__Bacteria;p__Proteobacteria;c__Betaproteobacteria;o__Rhodocyclales;f__Rhodocyclaceae;g__Candidatus_Accumulibacter;
Rheinheimera,3,2,0,1,0,k__Bacteria;p__Proteobacteria;c__Gammaproteobacteria;o__Chromatiales;f__Chromatiaceae;g__Rheinheimera;
Geobacter,1,3,0,0,0,k__Bacteria;p__Proteobacteria;c__Deltaproteobacteria;o__Desulfuromonadales;f__Geobacteraceae;g__Geobacter;
Leptospirillum,0,0,1,0,3,k__Bacteria;p__Nitrospirae;c__Nitrospira;o__Nitrospirales;f__Nitrospiraceae;g__Leptospirillum;
Acetitomaculum,0,0,0,0,3,k__Bacteria;p__Firmicutes;c__Clostridia;o__Clostridiales;f__Lachnospiraceae;g__Acetitomaculum;
Jeotgalicoccus,0,0,0,0,3,k__Bacteria;p__Firmicutes;c__Bacilli;o__Bacillales;f__Staphylococcaceae;g__Jeotgalicoccus;
Mobiluncus,0,0,0,0,3,k__Bacteria;p__Actinobacteria;c__unidentified_Actinobacteria;o__Actinomycetales;f__Actinomycetaceae;g__Mobiluncus;
Pseudofulvimonas,2,0,3,1,0,k__Bacteria;p__Proteobacteria;c__Gammaproteobacteria;o__Xanthomonadales;f__Xanthomonadaceae;g__Pseudofulvimonas;
Altererythrobacter,0,0,3,0,3,k__Bacteria;p__Proteobacteria;c__Alphaproteobacteria;o__Sphingomonadales;f__Erythrobacteraceae;g__Altererythrobacter;
Rhodococcus,0,0,0,0,3,k__Bacteria;p__Actinobacteria;c__unidentified_Actinobacteria;o__Corynebacteriales;f__Nocardiaceae;g__Rhodococcus;
CL500-29_marine_group,0,0,3,0,0,k__Bacteria;p__Actinobacteria;c__Acidimicrobiia;o__Acidimicrobiales;f__Acidimicrobiaceae;g__CL500-29_marine_group;
Campylobacter,1,1,3,1,0,k__Bacteria;p__Proteobacteria;c__Epsilonproteobacteria;o__Campylobacterales;f__Campylobacteraceae;g__Campylobacter;
Clostridium_sensu_stricto_1,0,3,3,1,3,k__Bacteria;p__Firmicutes;c__Clostridia;o__Clostridiales;f__Clostridiaceae_1;g__Clostridium_sensu_stricto_1;
Inhella,0,0,2,0,3,k__Bacteria;p__Proteobacteria;c__Betaproteobacteria;o__Burkholderiales;f__Comamonadaceae;g__Inhella;
Luteolibacter,0,0,3,0,0,k__Bacteria;p__Verrucomicrobia;c__Verrucomicrobiae;o__Verrucomicrobiales;f__Verrucomicrobiaceae;g__Luteolibacter;
Peptococcus,0,0,0,0,3,k__Bacteria;p__Firmicutes;c__Clostridia;o__Clostridiales;f__Peptococcaceae;g__Peptococcus;
Actinomyces,0,0,0,0,3,k__Bacteria;p__Actinobacteria;c__unidentified_Actinobacteria;o__Actinomycetales;f__Actinomycetaceae;g__Actinomyces;
Ruminococcaceae_UCG-004,0,0,0,0,3,k__Bacteria;p__Firmicutes;c__Clostridia;o__Clostridiales;f__Ruminococcaceae;g__Ruminococcaceae_UCG-004;
Actinophytocola,0,2,3,0,0,k__Bacteria;p__Actinobacteria;c__unidentified_Actinobacteria;o__Pseudonocardiales;f__Pseudonocardiaceae;g__Actinophytocola;
Leuconostoc,1,0,0,0,2,k__Bacteria;p__Firmicutes;c__Bacilli;o__Lactobacillales;f__Leuconostocaceae;g__Leuconostoc;
Algisphaera,0,0,2,0,0,k__Bacteria;p__Planctomycetes;c__Phycisphaerae;o__Phycisphaerales;f__Phycisphaeraceae;g__Algisphaera;
Caldithrix,0,0,0,0,2,k__Bacteria;p__Deferribacteres;c__unidentified_Deferribacteres;o__unidentified_Deferribacteres;f__unidentified_Deferribacteres;g__Caldithrix;
Candidatus_Methylacidiphilum,0,0,2,0,0,k__Bacteria;p__Verrucomicrobia;c__unidentified_Verrucomicrobia;o__unidentified_Verrucomicrobia;f__unidentified_Verrucomicrobia;g__Candidatus_Methylacidiphilum;
Anaerobiospirillum,2,0,0,0,0,k__Bacteria;p__Proteobacteria;c__Gammaproteobacteria;o__Aeromonadales;f__Succinivibrionaceae;g__Anaerobiospirillum;
Promicromonospora,1,0,2,0,0,k__Bacteria;p__Actinobacteria;c__unidentified_Actinobacteria;o__Micrococcales;f__Promicromonosporaceae;g__Promicromonospora;
Corynebacterium,0,0,0,0,2,k__Bacteria;p__Actinobacteria;c__unidentified_Actinobacteria;o__Corynebacteriales;f__Corynebacteriaceae;g__Corynebacterium;
Urania-1B-19_marine_sediment_group,0,0,2,0,0,k__Bacteria;p__Planctomycetes;c__Phycisphaerae;o__Phycisphaerales;f__Phycisphaeraceae;g__Urania-1B-19_marine_sediment_group;
Asaia,1,0,2,1,0,k__Bacteria;p__Proteobacteria;c__Alphaproteobacteria;o__Rhodospirillales;f__Acetobacteraceae;g__Asaia;
Opitutus,0,0,2,0,0,k__Bacteria;p__Verrucomicrobia;c__Opitutae;o__Opitutales;f__Opitutaceae;g__Opitutus;
Paenochrobactrum,1,2,0,0,0,k__Bacteria;p__Proteobacteria;c__Alphaproteobacteria;o__Rhizobiales;f__Brucellaceae;g__Paenochrobactrum;
Plasticicumulans,0,0,0,0,2,k__Bacteria;p__Proteobacteria;c__Gammaproteobacteria;o__Xanthomonadales;f__unidentified_Xanthomonadales;g__Plasticicumulans;
Coxiella,0,0,2,0,2,k__Bacteria;p__Proteobacteria;c__Gammaproteobacteria;o__Legionellales;f__Coxiellaceae;g__Coxiella;
Polyangium,1,0,1,0,1,k__Bacteria;p__Proteobacteria;c__Deltaproteobacteria;o__Myxococcales;f__Polyangiaceae;g__Polyangium;
unidentified_Hydrogenedentes,1,0,1,0,0,k__Bacteria;p__Hydrogenedentes;c__unidentified_Hydrogenedentes;o__unidentified_Hydrogenedentes;f__unidentified_Hydrogenedentes;g__unidentified_Hydrogenedentes;
Others,6198,12869,18964,4099,13304,Others
