,Phylum,abundance
Pseudomonas,Proteobacteria,13889.4
Psychrobacillus,Firmicutes,4449
Akkermansia,Verrucomicrobia,1119
Halomonas,Proteobacteria,1243.4
Lactobacillus,Firmicutes,592
Silanimonas,Proteobacteria,843.8
Bacillus,Firmicutes,483.4
Shewanella,Proteobacteria,326.6
Lysobacter,Proteobacteria,371.8
Eubacterium_coprostanoligenes_group,Firmicutes,129.4
Pir4_lineage,Planctomycetes,121.4
Enterorhabdus,Actinobacteria,117.6
Acidovorax,Proteobacteria,249.8
Thermus,Others,159.4
Acinetobacter,Proteobacteria,189.8
Stenotrophomonas,Proteobacteria,166.6
Arthrobacter,Actinobacteria,134.4
Erysipelatoclostridium,Firmicutes,75.4
Sporolactobacillus,Firmicutes,74.4
Gemmata,Planctomycetes,89.4
Planctomyces,Planctomycetes,64.6
Pirellula,Planctomycetes,61.6
Pasteurella,Proteobacteria,56
Aquabacterium,Proteobacteria,92.4
Streptococcus,Firmicutes,83.2
Blastocatella,Acidobacteria,73.4
Massilia,Proteobacteria,59.8
Brevundimonas,Proteobacteria,110.6
Nitrosococcus,Proteobacteria,55.6
Sphingomonas,Proteobacteria,112.2
Pedomicrobium,Proteobacteria,83.4
Lachnospiraceae_NK4A136_group,Firmicutes,45.8
Crossiella,Actinobacteria,44
Actinobacillus,Proteobacteria,38
Candidatus_Alysiosphaera,Proteobacteria,39
Polaromonas,Proteobacteria,47.6
Haliangium,Proteobacteria,73.6
Woodsholea,Proteobacteria,48
Bordetella,Proteobacteria,83.4
Bythopirellula,Planctomycetes,29.6
Candidatus_Saccharimonas,Others,28.2
Buchnera,Proteobacteria,33.4
Veillonella,Firmicutes,24.8
Desulfovibrio,Proteobacteria,30.2
Dietzia,Actinobacteria,23.4
Pseudoxanthomonas,Proteobacteria,65
Roseomonas,Proteobacteria,34.4
Bacteroides,Bacteroidetes,26.2
Brucella,Proteobacteria,53.2
Nordella,Proteobacteria,37.8
Arenimonas,Proteobacteria,29.6
unidentified_0319-6A21,Nitrospirae,35.8
Nitrosospira,Proteobacteria,24
Blastopirellula,Planctomycetes,20
Methylophilus,Proteobacteria,27.8
Bifidobacterium,Actinobacteria,29.6
Burkholderia,Proteobacteria,22.6
Rubrobacter,Actinobacteria,20.2
Ruminiclostridium_9,Firmicutes,20
Acidibacter,Proteobacteria,38.8
Steroidobacter,Proteobacteria,38.4
Pseudonocardia,Actinobacteria,29.8
Lachnoclostridium,Firmicutes,17.2
Aeromonas,Proteobacteria,33.4
Rhizobium,Proteobacteria,34
Prevotella_2,Bacteroidetes,15.6
Fusobacterium,Others,19
Hyphomicrobium,Proteobacteria,49.6
Lachnospiraceae_UCG-006,Firmicutes,16.6
Butyricimonas,Bacteroidetes,13.6
Gaiella,Actinobacteria,42
Methylobacterium,Proteobacteria,17.2
Eubacterium_brachy_group,Firmicutes,14.6
unidentified_Acidobacteria,Acidobacteria,18.8
Lachnospiraceae_UCG-010,Firmicutes,16
SM1A02,Planctomycetes,12
Psychrobacter,Proteobacteria,18.8
Paracocccus,Proteobacteria,30.4
Hungatella,Firmicutes,11.6
Blautia,Firmicutes,13.2
Ruminiclostridium_6,Firmicutes,15.2
Bryobacter,Acidobacteria,14.4
Beggiatoa,Proteobacteria,10.2
Comamonas,Proteobacteria,21.8
Brochothrix,Firmicutes,12.8
Flavonifractor,Firmicutes,9.2
GAL15,Others,11.6
Tyzzerella,Firmicutes,9.2
Nocardioides,Actinobacteria,14
Weissella,Firmicutes,9
Marinomonas,Proteobacteria,11.8
Geobacillus,Firmicutes,11.2
unidentified_Planctomycetaceae,Planctomycetes,8.8
Christensenellaceae_R-7_group,Firmicutes,10
unidentified_Lachnospiraceae,Firmicutes,10.8
Smithella,Proteobacteria,10.6
Ruminococcaceae_UCG-014,Firmicutes,14
unidentified_Nitrospiraceae,Nitrospirae,17.4
Polycyclovorans,Proteobacteria,14.6
Phascolarctobacterium,Firmicutes,10
AKYG587,Planctomycetes,7.6
Bosea,Proteobacteria,11
Candidatus_Stoquefichus,Firmicutes,7.4
Geothermobacter,Proteobacteria,8.2
Neisseria,Proteobacteria,8.8
unidentified_Erysipelotrichaceae,Firmicutes,6.8
Iamia,Actinobacteria,11.2
Luedemannella,Actinobacteria,8.8
Bauldia,Proteobacteria,12.4
Chthoniobacter,Verrucomicrobia,10.4
unidentified_Rhodospirillaceae,Proteobacteria,10
Candidatus_Entotheonella,Proteobacteria,10.8
Aquicella,Proteobacteria,9
Brevibacillus,Firmicutes,8.6
Propionibacterium,Actinobacteria,6.6
Tyzzerella_4,Firmicutes,5.6
Sorangium,Proteobacteria,11.4
Castellaniella,Proteobacteria,5.4
Staphylococcus,Firmicutes,13.6
Cupriavidus,Proteobacteria,5.2
Parabacteroides,Bacteroidetes,7.8
Candidatus_Methylomirabilis,Nitrospirae,4.8
Dokdonella,Proteobacteria,7.6
Ruminiclostridium_5,Firmicutes,5.4
Sphingobium,Proteobacteria,5.2
Legionella,Proteobacteria,10.6
Enterococcus,Firmicutes,4.4
Gemella,Firmicutes,4.4
Pseudolabrys,Proteobacteria,6
Leifsonia,Actinobacteria,13.2
Deinococcus,Others,4.4
Terrisporobacter,Firmicutes,4.6
unidentified_Ruminococcaceae,Firmicutes,6.2
Candidatus_Xiphinematobacter,Verrucomicrobia,5.4
Aeromicrobium,Actinobacteria,4.2
Gemmatimonas,Gemmatimonadetes,4.6
unidentified_Mitochondria,Proteobacteria,3.6
Sarcina,Firmicutes,3.6
Illumatobacter,Actinobacteria,4.2
unidentified_Gemmatimonadetes,Gemmatimonadetes,6.6
Morganella,Proteobacteria,3
Rubellimicrobium,Proteobacteria,3.6
unidentified_Chloroplast,Others,6
Candidatus_Solibacter,Acidobacteria,7.6
Sandaracinus,Proteobacteria,4.2
Reyranella,Proteobacteria,6.2
Corynebacterium_1,Actinobacteria,3.4
Pontibacter,Bacteroidetes,3.4
Oscillibacter,Firmicutes,3.4
unidentified_Gaiellales,Actinobacteria,6.2
unidentified_Nitrosomonadaceae,Proteobacteria,6.4
Sporichthya,Actinobacteria,2.8
Aneurinibacillus,Firmicutes,3.2
Defluviicoccus,Proteobacteria,6
Alistipes,Bacteroidetes,2.8
Azospirillum,Proteobacteria,3.8
Anaerotruncus,Firmicutes,2.6
Pseudoduganella,Proteobacteria,4.4
unidentified_Syntrophaceae,Proteobacteria,2.6
Alcaligenes,Proteobacteria,5.4
Terrimonas,Bacteroidetes,4
Eubacterium,Firmicutes,2.4
Acidobacterium,Acidobacteria,3.8
Flavihumibacter,Bacteroidetes,2.6
Paenalcaligenes,Proteobacteria,2.4
Devosia,Proteobacteria,3.8
Allobaculum,Firmicutes,4.6
Ruminiclostridium,Firmicutes,2.2
Granulosicoccus,Proteobacteria,4.2
Sphingosinicella,Proteobacteria,2.4
Brachybacterium,Actinobacteria,2
Streptomyces,Actinobacteria,3.8
Isosphaera,Planctomycetes,2
Litorilinea,Chloroflexi,2.2
Rhodopirellula,Planctomycetes,1.8
Mycobacterium,Actinobacteria,2.8
Rickettsiella,Proteobacteria,2.2
Zavarzinella,Planctomycetes,1.8
Euzebya,Actinobacteria,1.8
Alterococcus,Verrucomicrobia,1.8
Hirschia,Proteobacteria,5
Olivibacter,Bacteroidetes,2.4
Porphyromonas,Bacteroidetes,2.2
Parvularcula,Proteobacteria,3.2
Nitrosomonas,Proteobacteria,3.2
vadinBC27_wastewater-sludge_group,Bacteroidetes,1.8
Photobacterium,Proteobacteria,1.8
Singulisphaera,Planctomycetes,2
unidentified_GR-WP33-30,Proteobacteria,3
Nocardia,Actinobacteria,1.6
Amaricoccus,Proteobacteria,3.6
Lactococcus,Firmicutes,2.4
Roseiflexus,Chloroflexi,2.2
Mizugakiibacter,Proteobacteria,2.2
Micrococcus,Actinobacteria,2
Effusibacillus,Firmicutes,1.8
Sutterella,Proteobacteria,3.2
Rothia,Actinobacteria,1.6
Nesterenkonia,Actinobacteria,2
Panacagrimonas,Proteobacteria,2.6
Nannocystis,Proteobacteria,1.8
Phaselicystis,Proteobacteria,1.8
Pedobacter,Bacteroidetes,1.4
Ruminococcaceae_UCG-002,Firmicutes,1.6
Melittangium,Proteobacteria,1.6
Flavobacterium,Bacteroidetes,1.4
Helicobacter,Proteobacteria,1.8
Rhodomicrobium,Proteobacteria,1.8
Stella,Proteobacteria,2.6
Megasphaera,Firmicutes,1.2
Clostridiisalibacter,Firmicutes,1.2
Lentibacillus,Firmicutes,1.2
Fibrobacter,Others,1.4
Phenylobacterium,Proteobacteria,1.8
unidentified_NKB5,Proteobacteria,2
Moraxella,Proteobacteria,3.4
Candidatus_Competibacter,Proteobacteria,1.6
Chryseolinea,Bacteroidetes,2.6
Peredibacter,Proteobacteria,1.6
Frondihabitans,Actinobacteria,2.6
Sphingobacterium,Bacteroidetes,2.2
Selenomonas,Firmicutes,1
Gemmobacter,Proteobacteria,2.4
Thermicanus,Firmicutes,1.2
unidentified_OM190,Planctomycetes,1
Candidatus_Rhabdochlamydia,Others,1.2
unidentified_Chitinophagaceae,Bacteroidetes,1.4
Acidiferrobacter,Proteobacteria,1.6
Sandaracinobacter,Proteobacteria,1.8
Gluconobacter,Proteobacteria,0.8
Romboutsia,Firmicutes,1.4
Prevotella_9,Bacteroidetes,1.2
Cellvibrio,Proteobacteria,1.6
Sphingopyxis,Proteobacteria,1.2
Cellulosimicrobium,Actinobacteria,1.4
Leptotrichia,Others,1.4
unidentified_Moraxellaceae,Proteobacteria,1
Parvimonas,Firmicutes,0.8
Atopobium,Actinobacteria,0.8
Aerococcus,Firmicutes,1.6
unidentified_34P16,Proteobacteria,1
Paenibacillus,Firmicutes,2
Capnocytophaga,Bacteroidetes,0.8
Ruminococcaceae_UCG-005,Firmicutes,0.6
Vibrio,Proteobacteria,0.6
Erythrobacter,Proteobacteria,1
Lachnoanaerobaculum,Firmicutes,0.6
Agromyces,Actinobacteria,1
Microvirga,Proteobacteria,1
Candidatus_Accumulibacter,Proteobacteria,0.6
Rheinheimera,Proteobacteria,1.2
Geobacter,Proteobacteria,0.8
Leptospirillum,Nitrospirae,0.8
Acetitomaculum,Firmicutes,0.6
Jeotgalicoccus,Firmicutes,0.6
Mobiluncus,Actinobacteria,0.6
Pseudofulvimonas,Proteobacteria,1.2
Altererythrobacter,Proteobacteria,1.2
Rhodococcus,Actinobacteria,0.6
CL500-29_marine_group,Actinobacteria,0.6
Campylobacter,Proteobacteria,1.2
Clostridium_sensu_stricto_1,Firmicutes,2
Inhella,Proteobacteria,1
Luteolibacter,Verrucomicrobia,0.6
Peptococcus,Firmicutes,0.6
Actinomyces,Actinobacteria,0.6
Ruminococcaceae_UCG-004,Firmicutes,0.6
Actinophytocola,Actinobacteria,1
Leuconostoc,Firmicutes,0.6
Algisphaera,Planctomycetes,0.4
Caldithrix,Others,0.4
Candidatus_Methylacidiphilum,Verrucomicrobia,0.4
Anaerobiospirillum,Proteobacteria,0.4
Promicromonospora,Actinobacteria,0.6
Corynebacterium,Actinobacteria,0.4
Urania-1B-19_marine_sediment_group,Planctomycetes,0.4
Asaia,Proteobacteria,0.8
Opitutus,Verrucomicrobia,0.4
Paenochrobactrum,Proteobacteria,0.6
Plasticicumulans,Proteobacteria,0.4
Coxiella,Proteobacteria,0.8
Polyangium,Proteobacteria,0.6
unidentified_Hydrogenedentes,Others,0.4
Others,Others,11086.8
