,Phylum,abundance
Pseudomonas,Proteobacteria,20863.6
Halomonas,Proteobacteria,7948
Salinisphaera,Proteobacteria,2217.2
Blastocatella,Acidobacteria,936.4
Massilia,Proteobacteria,934
Pseudonocardia,Actinobacteria,1013
Weissella,Firmicutes,457.2
Hyphomicrobium,Proteobacteria,590
Clostridium_sensu_stricto_1,Firmicutes,710.8
Lactobacillus,Firmicutes,227.8
Lysobacter,Proteobacteria,352.4
Citrobacter,Proteobacteria,560.6
Escherichia-Shigella,Proteobacteria,343
Bacteroides,Bacteroidetes,222.8
Gemmata,Planctomycetes,213
Nocardioides,Actinobacteria,224.6
Polaromonas,Proteobacteria,189.8
Bacillus,Firmicutes,298.4
Arcobacter,Proteobacteria,257.2
Acinetobacter,Proteobacteria,391.6
Arthrobacter,Actinobacteria,303.8
Dokdonella,Proteobacteria,154.6
Lysinibacillus,Firmicutes,241.2
Sporichthya,Actinobacteria,181.8
Vagococcus,Firmicutes,188
Enterococcus,Firmicutes,185.6
Aeromicrobium,Actinobacteria,142.4
Agromyces,Actinobacteria,138.4
Crossiella,Actinobacteria,177.6
Pseudoxanthomonas,Proteobacteria,142.4
Turicibacter,Firmicutes,103.2
Erysipelothrix,Firmicutes,152.2
Hydrogenophaga,Proteobacteria,196
Nordella,Proteobacteria,150.8
Sphingomonas,Proteobacteria,327.8
Lactococcus,Firmicutes,83
Flavobacterium,Bacteroidetes,96.8
Nitrosococcus,Proteobacteria,130.6
Nitrosospira,Proteobacteria,85.8
Polycyclovorans,Proteobacteria,81.4
Pedomicrobium,Proteobacteria,105.8
Panacagrimonas,Proteobacteria,86.2
Pseudoduganella,Proteobacteria,73.4
Azospirillum,Proteobacteria,112.4
Gaiella,Actinobacteria,150.8
Aquicella,Proteobacteria,86
Beggiatoa,Proteobacteria,105.2
Haliangium,Proteobacteria,160.6
Blautia,Firmicutes,45.2
Acidovorax,Proteobacteria,88.8
Iamia,Actinobacteria,119.6
Geodermatophilus,Actinobacteria,54.4
Arenimonas,Proteobacteria,128.2
Brevundimonas,Proteobacteria,83.8
Cupriavidus,Proteobacteria,42.4
Terrimonas,Bacteroidetes,51
Acholeplasma,Others,62.8
Steroidobacter,Proteobacteria,69.8
Devosia,Proteobacteria,44.4
GAL15,Others,66
Nitrococcus,Proteobacteria,39.8
Clostridium_sensu_stricto_2,Firmicutes,73.8
Streptomyces,Actinobacteria,51.8
Planctomyces,Planctomycetes,65.4
Actinokineospora,Actinobacteria,49
Truepera,Others,27.6
Legionella,Proteobacteria,67.8
Acidibacter,Proteobacteria,48.6
Methylophilus,Proteobacteria,67.8
unidentified_Gaiellales,Actinobacteria,39.6
Pir4_lineage,Planctomycetes,69.4
Thiobacillus,Proteobacteria,68.2
Chiayiivirga,Proteobacteria,27.4
Streptococcus,Firmicutes,22
Stenotrophomonas,Proteobacteria,63.4
Rubrobacter,Actinobacteria,44.6
Anaerolinea,Chloroflexi,54.6
Azotobacter,Proteobacteria,39.8
unidentified_Lachnospiraceae,Firmicutes,21.2
Helicobacter,Proteobacteria,19.4
Yersinia,Proteobacteria,32
Bradyrhizobium,Proteobacteria,64.6
Novosphingobium,Proteobacteria,29.4
Nitriliruptor,Actinobacteria,20.4
Pelomonas,Proteobacteria,30
unidentified_0319-6A21,Nitrospirae,27.2
Sphingopyxis,Proteobacteria,44.6
Acidothermus,Actinobacteria,18.6
Mycobacterium,Actinobacteria,41.6
unidentified_Thaumarchaeota,Thaumarchaeota,22.2
unidentified_Nitrospiraceae,Nitrospirae,33.8
Woodsholea,Proteobacteria,43.4
Paracocccus,Proteobacteria,17.4
Defluviicoccus,Proteobacteria,52.6
Flavihumibacter,Bacteroidetes,19.4
Chryseolinea,Bacteroidetes,38.4
Marmoricola,Actinobacteria,36
Bdellovibrio,Proteobacteria,18.2
unidentified_Acidobacteria,Acidobacteria,55.2
Candidatus_Solibacter,Acidobacteria,30.8
Sorangium,Proteobacteria,30.4
Myroides,Bacteroidetes,29.4
Silanimonas,Proteobacteria,32.6
Desulfobacca,Proteobacteria,41.4
Solirubrobacter,Actinobacteria,34.6
unidentified_Syntrophaceae,Proteobacteria,22.2
Bryobacter,Acidobacteria,46
Burkholderia,Proteobacteria,14
Perlucidibaca,Proteobacteria,17.8
Illumatobacter,Actinobacteria,17.6
SM1A02,Planctomycetes,20
Bilophila,Proteobacteria,13
Kurthia,Firmicutes,29.8
Fictibacillus,Firmicutes,32.4
Candidatus_Nitrosoarchaeum,Thaumarchaeota,22.4
Reyranella,Proteobacteria,43.2
Pirellula,Planctomycetes,25.2
Sarcina,Firmicutes,11.6
Syntrophobacter,Proteobacteria,39.2
Pseudolabrys,Proteobacteria,27.2
Paenibacillus,Firmicutes,23.8
Rhodococcus,Actinobacteria,17.6
Caulobacter,Proteobacteria,37.8
Candidatus_Entotheonella,Proteobacteria,24
Cellulosilyticum,Firmicutes,9.8
unidentified_Nitrosomonadaceae,Proteobacteria,33.2
Rhizobium,Proteobacteria,25.6
Peptoclostridium,Firmicutes,16.4
Desulfobulbus,Proteobacteria,27.2
Bergeyella,Bacteroidetes,13.6
Bacteriovorax,Proteobacteria,13.8
Nitrosomonas,Proteobacteria,23
Phenylobacterium,Proteobacteria,25.2
Dongia,Proteobacteria,31.6
Geothrix,Acidobacteria,9
Marinicella,Proteobacteria,21.8
Terrisporobacter,Firmicutes,9.8
Clostridium_sensu_stricto_13,Firmicutes,23
Parvularcula,Proteobacteria,17.4
Candidatus_Xiphinematobacter,Others,10
Anaerofilum,Firmicutes,9
Sva0081_sediment_group,Proteobacteria,18.8
Amaricoccus,Proteobacteria,8
Actinotalea,Actinobacteria,9.2
Peptostreptococcus,Firmicutes,13
Chthoniobacter,Others,13
Gemmatimonas,Gemmatimonadetes,23
Variibacter,Proteobacteria,14.2
Desulfocapsa,Proteobacteria,19.2
Flavisolibacter,Bacteroidetes,15.2
Syntrophorhabdus,Proteobacteria,20.2
Globicatella,Firmicutes,15.8
Roseomonas,Proteobacteria,17.4
Ignavibacterium,Others,18
unidentified_Xanthomonadales,Proteobacteria,27.6
Tyzzerella_4,Firmicutes,7
Thermus,Others,15
Leuconostoc,Firmicutes,6.8
Isoptericola,Actinobacteria,8.2
Christensenellaceae_R-7_group,Firmicutes,18.6
Methylobacterium,Proteobacteria,14.4
Morganella,Proteobacteria,18
Megamonas,Firmicutes,7
Tumebacillus,Firmicutes,18
Altererythrobacter,Proteobacteria,17.6
Veillonella,Firmicutes,6.2
Ferruginibacter,Bacteroidetes,9.4
Hirschia,Proteobacteria,18.6
Methylobacter,Proteobacteria,16.8
Candidatus_Nitrotoga,Proteobacteria,23
Geothermobacter,Proteobacteria,14.8
Solitalea,Bacteroidetes,13.4
Euzebya,Actinobacteria,6.8
Noviherbaspirillum,Proteobacteria,14
Geobacter,Proteobacteria,22.4
Desulfatiglans,Proteobacteria,19.8
Lachnoclostridium,Firmicutes,6.8
Phaselicystis,Proteobacteria,16.2
Opitutus,Others,18.2
Bosea,Proteobacteria,10.2
Mesorhizobium,Proteobacteria,12.6
Leucobacter,Actinobacteria,5.4
Peredibacter,Proteobacteria,9.8
unidentified_GR-WP33-30,Proteobacteria,20.8
[Eubacterium]_brachy_group,Firmicutes,14.6
Anaeromyxobacter,Proteobacteria,19.2
Porphyrobacter,Proteobacteria,11.2
Byssovorax,Proteobacteria,9.6
Coxiella,Proteobacteria,13.6
Rhodomicrobium,Proteobacteria,17.2
Flavitalea,Bacteroidetes,5.4
Romboutsia,Firmicutes,9
unidentified_DB1-14,Proteobacteria,5.2
Candidatus_Koribacter,Acidobacteria,13.2
Zymomonas,Proteobacteria,5.6
Patulibacter,Actinobacteria,12.2
Desulfosporosinus,Firmicutes,17.2
Haloactinopolyspora,Actinobacteria,11.2
Bauldia,Proteobacteria,12.6
Microvirga,Proteobacteria,10
Azoarcus,Proteobacteria,11
Inhella,Proteobacteria,4.2
Nannocystis,Proteobacteria,13.4
Proteus,Proteobacteria,8.2
Bythopirellula,Planctomycetes,9.2
Isosphaera,Planctomycetes,11.4
Syntrophus,Proteobacteria,11.8
Parvimonas,Firmicutes,7.2
Tropicimonas,Proteobacteria,11.4
Fonticella,Firmicutes,9.8
Sphingosinicella,Proteobacteria,7.2
Clostridium_sensu_stricto_12,Firmicutes,12
Adhaeribacter,Bacteroidetes,6.8
Chthonomonas,Others,5.8
Croceibacter,Bacteroidetes,3.8
Rhizomicrobium,Proteobacteria,12
Glycomyces,Actinobacteria,3.4
Aciditerrimonas,Actinobacteria,10
Tomitella,Actinobacteria,3.6
Sutterella,Proteobacteria,3
Kribbella,Actinobacteria,9.2
Kaistia,Proteobacteria,4.6
unidentified_Gemmatimonadetes,Gemmatimonadetes,12.8
CL500-29_marine_group,Actinobacteria,4.8
Clostridium_sensu_stricto_8,Firmicutes,8.8
Urania-1B-19_marine_sediment_group,Planctomycetes,3.6
Ruminiclostridium_1,Firmicutes,8
Thioalkalispira,Proteobacteria,7.6
Mobilitalea,Firmicutes,6.6
Nocardia,Actinobacteria,7
Polyangium,Proteobacteria,3.8
Skermanella,Proteobacteria,7.6
Chitinophaga,Bacteroidetes,8.6
Butyricicoccus,Firmicutes,2.8
Pontibacter,Bacteroidetes,6.8
Methylosarcina,Proteobacteria,7.2
unidentified_Chloroplast,Others,3.6
Candidatus_Odyssella,Proteobacteria,5
Sandaracinus,Proteobacteria,9.6
Constrictibacter,Proteobacteria,4
Candidatus_Planktophila,Actinobacteria,6.2
Ohtaekwangia,Bacteroidetes,6
Clostridium_sensu_stricto_11,Firmicutes,7.6
Dyella,Proteobacteria,5
unidentified_NKB5,Proteobacteria,5.2
C1-B045,Proteobacteria,3.2
Pelagibacterium,Proteobacteria,3.2
Erysipelatoclostridium,Firmicutes,3.2
Angustibacter,Actinobacteria,5.6
Sandaracinobacter,Proteobacteria,5.8
Cellvibrio,Proteobacteria,8.8
Actinophytocola,Actinobacteria,3
Eggerthella,Actinobacteria,2.2
Acidobacterium,Acidobacteria,2.2
Tardiphaga,Proteobacteria,7
unidentified_Anaerolineaceae,Chloroflexi,5
Blastococcus,Actinobacteria,4.2
Labrys,Proteobacteria,4
Smaragdicoccus,Actinobacteria,2.4
Candidatus_Microthrix,Actinobacteria,3.4
Candidatus_Alysiosphaera,Proteobacteria,5
Algoriphagus,Bacteroidetes,4
Sporomusa,Firmicutes,5.6
Saccharofermentans,Firmicutes,2.4
I-8,Planctomycetes,3.4
Hyphomonas,Proteobacteria,4.6
Fusibacter,Firmicutes,3.4
unidentified_OM190,Planctomycetes,2.6
Promicromonospora,Actinobacteria,2.6
Sedimentibacter,Firmicutes,4
Smithella,Proteobacteria,6.2
Acetivibrio,Firmicutes,4.6
Candidatus_Rhabdochlamydia,Others,2.8
Staphylococcus,Firmicutes,3.6
Fastidiosipila,Firmicutes,5
Desulfovirga,Proteobacteria,6.8
Lutispora,Firmicutes,5.4
Simiduia,Proteobacteria,1.8
Edaphobacter,Acidobacteria,1.6
Mucilaginibacter,Bacteroidetes,3.4
Bifidobacterium,Actinobacteria,2.2
Aeromonas,Proteobacteria,4.8
Roseimicrobium,Others,3.4
Microbacterium,Actinobacteria,3.4
Sediminibacterium,Bacteroidetes,4.4
Phreatobacter,Proteobacteria,2.8
Bordetella,Proteobacteria,4.8
Ruminococcaceae_UCG-005,Firmicutes,2.2
Planosporangium,Actinobacteria,2.4
Thalassobaculum,Proteobacteria,4.6
Granulicella,Acidobacteria,1.4
Clostridium_sensu_stricto_10,Firmicutes,2.8
Methylomonas,Proteobacteria,6.2
Desulforhabdus,Proteobacteria,3.4
AKYG587,Planctomycetes,2.6
Clostridium_sensu_stricto_5,Firmicutes,2.6
Parafilimonas,Bacteroidetes,3.6
Saccharothrix,Actinobacteria,2.4
Candidatus_Fritschea,Others,1.4
Longispora,Actinobacteria,2
Phaeodactylibacter,Bacteroidetes,2
Desulfomonile,Proteobacteria,4.4
Herpetosiphon,Chloroflexi,2
Deferrisoma,Proteobacteria,5
Inquilinus,Proteobacteria,1.8
Tunicatimonas,Bacteroidetes,1.4
Subdoligranulum,Firmicutes,3
Alkanindiges,Proteobacteria,1.2
[Eubacterium]_coprostanoligenes_group,Firmicutes,3.4
Armatimonas,Others,1.2
Treponema_2,Others,2.2
unidentified_Acidobacteria1,Acidobacteria,1.2
Paraeggerthella,Actinobacteria,1.2
Candidatus_Methylomirabilis,Nitrospirae,1.2
Actinomadura,Actinobacteria,2.8
Roseiflexus,Chloroflexi,3.6
Clostridium_sensu_stricto_15,Firmicutes,1.2
unidentified_Clostridiaceae_1,Firmicutes,1.6
Thiocapsa,Proteobacteria,3.2
Cohnella,Firmicutes,2.2
Neochlamydia,Others,1.8
Cytophaga,Bacteroidetes,1.2
Syntrophomonas,Firmicutes,2
unidentified_OPB35_soil_group,Others,2.6
Candidatus_Acetothermus,Others,1
Amycolatopsis,Actinobacteria,1.6
unidentified_WCHB1-69,Bacteroidetes,2
Akkermansia,Others,1.2
Sphingobacterium,Bacteroidetes,2.4
Rubellimicrobium,Proteobacteria,2.4
Vibrio,Proteobacteria,2.8
Fusobacterium,Others,2.8
unidentified_Family_XI,Firmicutes,1.4
Tamlana,Bacteroidetes,1.4
Rheinheimera,Proteobacteria,1.6
Cloacibacterium,Bacteroidetes,2
Thermoanaerobaculum,Acidobacteria,1.6
unidentified_Cytophagaceae,Bacteroidetes,2.4
Luteolibacter,Others,1.6
Acidaminococcus,Firmicutes,2.4
Shewanella,Proteobacteria,2
Turneriella,Others,0.8
Azonexus,Proteobacteria,2.2
Lacibacter,Bacteroidetes,2.6
Sporacetigenium,Firmicutes,2.2
Blastopirellula,Planctomycetes,1.4
Pelagibius,Proteobacteria,0.8
Jeongeupia,Proteobacteria,0.8
Flectobacillus,Bacteroidetes,1.6
Singulisphaera,Planctomycetes,1.2
Methylocaldum,Proteobacteria,2.2
Helcococcus,Firmicutes,0.8
Jatrophihabitans,Actinobacteria,1.4
Ruminococcaceae_UCG-002,Firmicutes,2.4
Atopobium,Actinobacteria,1
Oxalophagus,Firmicutes,0.8
unidentified_Paenibacillaceae,Firmicutes,0.8
Zavarzinella,Planctomycetes,1
Desulfomicrobium,Proteobacteria,2.2
Desulfitobacterium,Firmicutes,2
Thermoflavimicrobium,Firmicutes,1.2
Verrucomicrobium,Others,1.2
Rhizocola,Actinobacteria,1
Candidatus_Arthromitus,Firmicutes,1.2
Blastochloris,Proteobacteria,0.8
Rhodopirellula,Planctomycetes,1.2
vadinBC27_wastewater-sludge_group,Bacteroidetes,0.8
Stella,Proteobacteria,2
Epulopiscium,Firmicutes,1.4
Sulfuricurvum,Proteobacteria,1
Geoalkalibacter,Proteobacteria,1.8
Candidatus_Methylacidiphilum,Others,1.2
unidentified_ML635J-21,Others,1
unidentified_Sandaracinaceae,Proteobacteria,1.6
Clostridium_sensu_stricto_3,Firmicutes,1.2
Luedemannella,Actinobacteria,1.8
Methanosarcina,Others,0.8
Anaerosporobacter,Firmicutes,1.4
unidentified_Xanthomonadaceae,Proteobacteria,1
Planomonospora,Actinobacteria,1
Tahibacter,Proteobacteria,1.2
Intestinibacter,Firmicutes,1.2
Parasegetibacter,Bacteroidetes,1.2
Limnobacter,Proteobacteria,1.4
Reichenbachiella,Bacteroidetes,0.8
Acetobacter,Proteobacteria,0.6
Thermoactinomyces,Firmicutes,1.6
Acidiferrobacter,Proteobacteria,2.2
Fluviicola,Bacteroidetes,0.4
Parvibaculum,Proteobacteria,0.8
Crocinitomix,Bacteroidetes,1.4
Ferrovibrio,Proteobacteria,0.4
Litorilinea,Chloroflexi,0.4
Megasphaera,Firmicutes,0.4
Leptolyngbya,Others,0.8
Chryseobacterium,Bacteroidetes,0.6
Candidatus_Competibacter,Proteobacteria,0.4
Flindersiella,Actinobacteria,1
Pelosinus,Firmicutes,0.8
Levilinea,Chloroflexi,0.8
unidentified_Saccharibacteria,Others,0.4
Owenweeksia,Bacteroidetes,0.6
Sandarakinorhabdus,Proteobacteria,0.8
Parapedobacter,Bacteroidetes,0.6
Clostridium_sensu_stricto_16,Firmicutes,0.8
Rubribacterium,Proteobacteria,0.6
unidentified_Microgenomates,Others,0.4
unidentified_TM6,Others,0.4
Rhodovastum,Proteobacteria,0.4
unidentified_Hydrogenedentes,Others,1
Thermopolyspora,Actinobacteria,0.6
Phormidium,Others,0.4
Rhodopseudomonas,Proteobacteria,1.2
Lachnospira,Firmicutes,0.4
Planktothrix,Others,1
Ruminiclostridium_5,Firmicutes,0.4
Haloferula,Others,0.6
unidentified_DA101_soil_group,Others,0.8
Rikenellaceae_RC9_gut_group,Bacteroidetes,0.6
Leptospirillum,Nitrospirae,0.6
unidentified_DTB120,Proteobacteria,0.6
Anaerosinus,Firmicutes,1
Luteimonas,Proteobacteria,0.6
Desulfovibrio,Proteobacteria,1.2
Ruminiclostridium_9,Firmicutes,0.4
Dechloromonas,Proteobacteria,0.8
Dialister,Firmicutes,1
Tyzzerella,Firmicutes,0.6
Propionivibrio,Proteobacteria,0.8
unidentified_SC-I-84,Proteobacteria,1.2
Faecalibacterium,Firmicutes,1
Lachnoclostridium_5,Firmicutes,1.4
Lachnospiraceae_UCG-010,Firmicutes,0.6
Microbispora,Actinobacteria,1
Erysipelotrichaceae_UCG-004,Firmicutes,0.8
Caldithrix,Others,0.4
unidentified_Latescibacteria,Others,0.8
Hydrotalea,Bacteroidetes,1
Campylobacter,Proteobacteria,1
unidentified_Planctomycetaceae,Planctomycetes,1
Anaerotruncus,Firmicutes,0.4
Geminicoccus,Proteobacteria,1
unidentified_Mitochondria,Proteobacteria,0.6
Symbiobacterium,Firmicutes,0.8
Rummeliibacillus,Firmicutes,1.4
unidentified_SK259,Proteobacteria,1
Ruminococcaceae_NK4A214_group,Firmicutes,0.4
Planifilum,Firmicutes,0.6
Pseudospirillum,Proteobacteria,0.4
unidentified_OPB54,Firmicutes,0.6
Arenibacter,Bacteroidetes,0.4
Granulosicoccus,Proteobacteria,0.6
Coriobacteriaceae_UCG-003,Actinobacteria,0.4
unidentified_Ruminococcaceae,Firmicutes,0.6
unidentified_Moraxellaceae,Proteobacteria,0.4
Ruminococcaceae_UCG-010,Firmicutes,0.6
Collinsella,Actinobacteria,0.6
Alkalibacter,Firmicutes,0.4
Desulfococcus,Proteobacteria,0.8
Pseudofulvimonas,Proteobacteria,0.6
Methanoregula,Others,0.4
unidentified_Oligoflexaceae,Proteobacteria,0.4
Propionicicella,Actinobacteria,0.4
Pir2_lineage,Planctomycetes,0.4
Roseococcus,Proteobacteria,0.6
Sinosporangium,Actinobacteria,0.6
Others,Others,18229.6
