Taxonomy,Az,Jz,Sz,Tz,Xz,Tax_detail
Pseudomonas,36032,51387,2595,13318,986,k__Bacteria;p__Proteobacteria;c__Gammaproteobacteria;o__Pseudomonadales;f__Pseudomonadaceae;g__Pseudomonas;
Halomonas,526,577,2312,28684,7641,k__Bacteria;p__Proteobacteria;c__Gammaproteobacteria;o__Oceanospirillales;f__Halomonadaceae;g__Halomonas;
Salinisphaera,161,164,10539,139,83,k__Bacteria;p__Proteobacteria;c__Gammaproteobacteria;o__Salinisphaerales;f__Salinisphaeraceae;g__Salinisphaera;
Blastocatella,64,145,120,449,3904,k__Bacteria;p__Acidobacteria;c__unidentified_Acidobacteria;o__Subgroup_4;f__unidentified_Acidobacteria;g__Blastocatella;
Massilia,161,3807,200,418,84,k__Bacteria;p__Proteobacteria;c__Betaproteobacteria;o__Burkholderiales;f__Oxalobacteraceae;g__Massilia;
Pseudonocardia,191,651,3652,46,525,k__Bacteria;p__Actinobacteria;c__unidentified_Actinobacteria;o__Pseudonocardiales;f__Pseudonocardiaceae;g__Pseudonocardia;
Weissella,1,1,2283,1,0,k__Bacteria;p__Firmicutes;c__Bacilli;o__Lactobacillales;f__Leuconostocaceae;g__Weissella;
Hyphomicrobium,109,71,597,355,1818,k__Bacteria;p__Proteobacteria;c__Alphaproteobacteria;o__Rhizobiales;f__Hyphomicrobiaceae;g__Hyphomicrobium;
Clostridium_sensu_stricto_1,522,1187,515,373,957,k__Bacteria;p__Firmicutes;c__Clostridia;o__Clostridiales;f__Clostridiaceae_1;g__Clostridium_sensu_stricto_1;
Lactobacillus,18,8,13,1093,7,k__Bacteria;p__Firmicutes;c__Bacilli;o__Lactobacillales;f__Lactobacillaceae;g__Lactobacillus;
Lysobacter,72,71,153,1033,433,k__Bacteria;p__Proteobacteria;c__Gammaproteobacteria;o__Xanthomonadales;f__Xanthomonadaceae;g__Lysobacter;
Citrobacter,74,1024,102,633,970,k__Bacteria;p__Proteobacteria;c__Gammaproteobacteria;o__Enterobacteriales;f__Enterobacteriaceae;g__Citrobacter;
Escherichia-Shigella,667,52,928,34,34,k__Bacteria;p__Proteobacteria;c__Gammaproteobacteria;o__Enterobacteriales;f__Enterobacteriaceae;g__Escherichia-Shigella;
Bacteroides,862,165,13,41,33,k__Bacteria;p__Bacteroidetes;c__Bacteroidia;o__Bacteroidales;f__Bacteroidaceae;g__Bacteroides;
Gemmata,58,23,36,135,813,k__Bacteria;p__Planctomycetes;c__Planctomycetacia;o__Planctomycetales;f__Planctomycetaceae;g__Gemmata;
Nocardioides,41,56,803,35,188,k__Bacteria;p__Actinobacteria;c__unidentified_Actinobacteria;o__Propionibacteriales;f__Nocardioidaceae;g__Nocardioides;
Polaromonas,25,23,28,802,71,k__Bacteria;p__Proteobacteria;c__Betaproteobacteria;o__Burkholderiales;f__Comamonadaceae;g__Polaromonas;
Bacillus,88,113,87,457,747,k__Bacteria;p__Firmicutes;c__Bacilli;o__Bacillales;f__Bacillaceae;g__Bacillus;
Arcobacter,1,300,1,276,708,k__Bacteria;p__Proteobacteria;c__Epsilonproteobacteria;o__Campylobacterales;f__Campylobacteraceae;g__Arcobacter;
Acinetobacter,92,367,201,641,657,k__Bacteria;p__Proteobacteria;c__Gammaproteobacteria;o__Pseudomonadales;f__Moraxellaceae;g__Acinetobacter;
Arthrobacter,94,286,303,655,181,k__Bacteria;p__Actinobacteria;c__unidentified_Actinobacteria;o__Micrococcales;f__Micrococcaceae;g__Arthrobacter;
Dokdonella,49,29,647,29,19,k__Bacteria;p__Proteobacteria;c__Gammaproteobacteria;o__Xanthomonadales;f__Xanthomonadaceae;g__Dokdonella;
Lysinibacillus,140,65,644,300,57,k__Bacteria;p__Firmicutes;c__Bacilli;o__Bacillales;f__Planococcaceae;g__Lysinibacillus;
Sporichthya,37,47,606,170,49,k__Bacteria;p__Actinobacteria;c__unidentified_Actinobacteria;o__Frankiales;f__Sporichthyaceae;g__Sporichthya;
Vagococcus,6,587,2,125,220,k__Bacteria;p__Firmicutes;c__Bacilli;o__Lactobacillales;f__Enterococcaceae;g__Vagococcus;
Enterococcus,584,154,38,40,112,k__Bacteria;p__Firmicutes;c__Bacilli;o__Lactobacillales;f__Enterococcaceae;g__Enterococcus;
Aeromicrobium,12,23,580,10,87,k__Bacteria;p__Actinobacteria;c__unidentified_Actinobacteria;o__Propionibacteriales;f__Nocardioidaceae;g__Aeromicrobium;
Agromyces,35,29,542,59,27,k__Bacteria;p__Actinobacteria;c__unidentified_Actinobacteria;o__Micrococcales;f__Microbacteriaceae;g__Agromyces;
Crossiella,23,302,540,12,11,k__Bacteria;p__Actinobacteria;c__unidentified_Actinobacteria;o__Pseudonocardiales;f__Pseudonocardiaceae;g__Crossiella;
Pseudoxanthomonas,26,50,51,50,535,k__Bacteria;p__Proteobacteria;c__Gammaproteobacteria;o__Xanthomonadales;f__Xanthomonadaceae;g__Pseudoxanthomonas;
Turicibacter,1,1,512,1,1,k__Bacteria;p__Firmicutes;c__Erysipelotrichia;o__Erysipelotrichales;f__Erysipelotrichaceae;g__Turicibacter;
Erysipelothrix,0,13,5,236,507,k__Bacteria;p__Firmicutes;c__Erysipelotrichia;o__Erysipelotrichales;f__Erysipelotrichaceae;g__Erysipelothrix;
Hydrogenophaga,45,44,58,352,481,k__Bacteria;p__Proteobacteria;c__Betaproteobacteria;o__Burkholderiales;f__Comamonadaceae;g__Hydrogenophaga;
Nordella,66,32,32,157,467,k__Bacteria;p__Proteobacteria;c__Alphaproteobacteria;o__Rhizobiales;f__unidentified_Rhizobiales;g__Nordella;
Sphingomonas,213,438,336,423,229,k__Bacteria;p__Proteobacteria;c__Alphaproteobacteria;o__Sphingomonadales;f__Sphingomonadaceae;g__Sphingomonas;
Lactococcus,11,3,399,0,2,k__Bacteria;p__Firmicutes;c__Bacilli;o__Lactobacillales;f__Streptococcaceae;g__Lactococcus;
Flavobacterium,12,17,11,385,59,k__Bacteria;p__Bacteroidetes;c__Flavobacteriia;o__Flavobacteriales;f__Flavobacteriaceae;g__Flavobacterium;
Nitrosococcus,343,31,32,59,188,k__Bacteria;p__Proteobacteria;c__Gammaproteobacteria;o__Chromatiales;f__Chromatiaceae;g__Nitrosococcus;
Nitrosospira,25,23,323,50,8,k__Bacteria;p__Proteobacteria;c__Betaproteobacteria;o__Nitrosomonadales;f__Nitrosomonadaceae;g__Nitrosospira;
Polycyclovorans,36,24,16,319,12,k__Bacteria;p__Proteobacteria;c__Gammaproteobacteria;o__Xanthomonadales;f__Solimonadaceae;g__Polycyclovorans;
Pedomicrobium,77,25,31,82,314,k__Bacteria;p__Proteobacteria;c__Alphaproteobacteria;o__Rhizobiales;f__Hyphomicrobiaceae;g__Pedomicrobium;
Panacagrimonas,35,17,21,313,45,k__Bacteria;p__Proteobacteria;c__Gammaproteobacteria;o__Xanthomonadales;f__Xanthomonadaceae;g__Panacagrimonas;
Pseudoduganella,13,17,29,298,10,k__Bacteria;p__Proteobacteria;c__Betaproteobacteria;o__Burkholderiales;f__Oxalobacteraceae;g__Pseudoduganella;
Azospirillum,21,276,53,197,15,k__Bacteria;p__Proteobacteria;c__Alphaproteobacteria;o__Rhodospirillales;f__Rhodospirillaceae;g__Azospirillum;
Gaiella,107,123,114,272,138,k__Bacteria;p__Actinobacteria;c__Thermoleophilia;o__Gaiellales;f__Gaiellaceae;g__Gaiella;
Aquicella,24,28,27,79,272,k__Bacteria;p__Proteobacteria;c__Gammaproteobacteria;o__Legionellales;f__Coxiellaceae;g__Aquicella;
Beggiatoa,269,26,37,45,149,k__Bacteria;p__Proteobacteria;c__Gammaproteobacteria;o__Thiotrichales;f__Thiotrichaceae;g__Beggiatoa;
Haliangium,94,140,209,241,119,k__Bacteria;p__Proteobacteria;c__Deltaproteobacteria;o__Myxococcales;f__Haliangiaceae;g__Haliangium;
Blautia,220,1,2,1,2,k__Bacteria;p__Firmicutes;c__Clostridia;o__Clostridiales;f__Lachnospiraceae;g__Blautia;
Acidovorax,21,119,21,220,63,k__Bacteria;p__Proteobacteria;c__Betaproteobacteria;o__Burkholderiales;f__Comamonadaceae;g__Acidovorax;
Iamia,82,37,166,113,200,k__Bacteria;p__Actinobacteria;c__Acidimicrobiia;o__Acidimicrobiales;f__Iamiaceae;g__Iamia;
Geodermatophilus,8,55,199,6,4,k__Bacteria;p__Actinobacteria;c__unidentified_Actinobacteria;o__Frankiales;f__Geodermatophilaceae;g__Geodermatophilus;
Arenimonas,87,102,177,189,86,k__Bacteria;p__Proteobacteria;c__Gammaproteobacteria;o__Xanthomonadales;f__Xanthomonadaceae;g__Arenimonas;
Brevundimonas,44,40,115,186,34,k__Bacteria;p__Proteobacteria;c__Alphaproteobacteria;o__Caulobacterales;f__Caulobacteraceae;g__Brevundimonas;
Cupriavidus,15,8,5,181,3,k__Bacteria;p__Proteobacteria;c__Betaproteobacteria;o__Burkholderiales;f__Burkholderiaceae;g__Cupriavidus;
Terrimonas,21,13,12,29,180,k__Bacteria;p__Bacteroidetes;c__Sphingobacteriia;o__Sphingobacteriales;f__Chitinophagaceae;g__Terrimonas;
Acholeplasma,1,49,0,88,176,k__Bacteria;p__Tenericutes;c__Mollicutes;o__Acholeplasmatales;f__Acholeplasmataceae;g__Acholeplasma;
Steroidobacter,172,81,31,41,24,k__Bacteria;p__Proteobacteria;c__Gammaproteobacteria;o__Xanthomonadales;f__unidentified_Xanthomonadales;g__Steroidobacter;
Devosia,18,12,168,13,11,k__Bacteria;p__Proteobacteria;c__Alphaproteobacteria;o__Rhizobiales;f__Hyphomicrobiaceae;g__Devosia;
GAL15,10,8,9,164,139,k__Bacteria;p__Thermotogae;c__unidentified_Thermotogae;o__Thermotogales;f__Thermotogaceae;g__GAL15;
Nitrococcus,8,17,161,9,4,k__Bacteria;p__Proteobacteria;c__Gammaproteobacteria;o__Chromatiales;f__Ectothiorhodospiraceae;g__Nitrococcus;
Clostridium_sensu_stricto_2,38,55,0,131,145,k__Bacteria;p__Firmicutes;c__Clostridia;o__Clostridiales;f__Clostridiaceae_1;g__Clostridium_sensu_stricto_2;
Streptomyces,41,36,144,26,12,k__Bacteria;p__Actinobacteria;c__unidentified_Actinobacteria;o__Streptomycetales;f__Streptomycetaceae;g__Streptomyces;
Planctomyces,24,24,143,62,74,k__Bacteria;p__Planctomycetes;c__Planctomycetacia;o__Planctomycetales;f__Planctomycetaceae;g__Planctomyces;
Actinokineospora,9,27,131,19,59,k__Bacteria;p__Actinobacteria;c__unidentified_Actinobacteria;o__Pseudonocardiales;f__Pseudonocardiaceae;g__Actinokineospora;
Truepera,3,4,124,4,3,k__Bacteria;p__Deinococcus-Thermus;c__Deinococci;o__Deinococcales;f__Trueperaceae;g__Truepera;
Legionella,20,31,53,121,114,k__Bacteria;p__Proteobacteria;c__Gammaproteobacteria;o__Legionellales;f__Legionellaceae;g__Legionella;
Acidibacter,53,25,30,118,17,k__Bacteria;p__Proteobacteria;c__Gammaproteobacteria;o__Xanthomonadales;f__unidentified_Xanthomonadales;g__Acidibacter;
Methylophilus,37,116,52,95,39,k__Bacteria;p__Proteobacteria;c__Betaproteobacteria;o__Methylophilales;f__Methylophilaceae;g__Methylophilus;
unidentified_Gaiellales,18,17,8,41,114,k__Bacteria;p__Actinobacteria;c__Thermoleophilia;o__Gaiellales;f__unidentified_Gaiellales;g__unidentified_Gaiellales;
Pir4_lineage,41,54,91,49,112,k__Bacteria;p__Planctomycetes;c__Planctomycetacia;o__Planctomycetales;f__Planctomycetaceae;g__Pir4_lineage;
Thiobacillus,49,91,111,54,36,k__Bacteria;p__Proteobacteria;c__Betaproteobacteria;o__Hydrogenophilales;f__Hydrogenophilaceae;g__Thiobacillus;
Chiayiivirga,5,5,12,5,110,k__Bacteria;p__Proteobacteria;c__Gammaproteobacteria;o__Xanthomonadales;f__Xanthomonadaceae;g__Chiayiivirga;
Streptococcus,1,1,107,0,1,k__Bacteria;p__Firmicutes;c__Bacilli;o__Lactobacillales;f__Streptococcaceae;g__Streptococcus;
Stenotrophomonas,33,60,41,80,103,k__Bacteria;p__Proteobacteria;c__Gammaproteobacteria;o__Xanthomonadales;f__Xanthomonadaceae;g__Stenotrophomonas;
Rubrobacter,11,101,89,11,11,k__Bacteria;p__Actinobacteria;c__Rubrobacteria;o__Rubrobacterales;f__Rubrobacteriaceae;g__Rubrobacter;
Anaerolinea,54,43,100,58,18,k__Bacteria;p__Chloroflexi;c__Anaerolineae;o__Anaerolineales;f__Anaerolineaceae;g__Anaerolinea;
Azotobacter,24,57,14,100,4,k__Bacteria;p__Proteobacteria;c__Gammaproteobacteria;o__Pseudomonadales;f__Pseudomonadaceae;g__Azotobacter;
unidentified_Lachnospiraceae,98,3,3,1,1,k__Bacteria;p__Firmicutes;c__Clostridia;o__Clostridiales;f__Lachnospiraceae;g__unidentified_Lachnospiraceae;
Helicobacter,97,0,0,0,0,k__Bacteria;p__Proteobacteria;c__Epsilonproteobacteria;o__Campylobacterales;f__Helicobacteraceae;g__Helicobacter;
Yersinia,95,15,21,13,16,k__Bacteria;p__Proteobacteria;c__Gammaproteobacteria;o__Enterobacteriales;f__Enterobacteriaceae;g__Yersinia;
Bradyrhizobium,48,40,56,85,94,k__Bacteria;p__Proteobacteria;c__Alphaproteobacteria;o__Rhizobiales;f__Bradyrhizobiaceae;g__Bradyrhizobium;
Novosphingobium,15,16,15,91,10,k__Bacteria;p__Proteobacteria;c__Alphaproteobacteria;o__Sphingomonadales;f__Sphingomonadaceae;g__Novosphingobium;
Nitriliruptor,6,5,87,2,2,k__Bacteria;p__Actinobacteria;c__Nitriliruptoria;o__Nitriliruptorales;f__Nitriliruptoraceae;g__Nitriliruptor;
Pelomonas,13,10,9,86,32,k__Bacteria;p__Proteobacteria;c__Betaproteobacteria;o__Burkholderiales;f__Comamonadaceae;g__Pelomonas;
unidentified_0319-6A21,18,2,11,85,20,k__Bacteria;p__Nitrospirae;c__Nitrospira;o__Nitrospirales;f__0319-6A21;g__unidentified_0319-6A21;
Sphingopyxis,30,31,45,84,33,k__Bacteria;p__Proteobacteria;c__Alphaproteobacteria;o__Sphingomonadales;f__Sphingomonadaceae;g__Sphingopyxis;
Acidothermus,3,1,6,83,0,k__Bacteria;p__Actinobacteria;c__unidentified_Actinobacteria;o__Frankiales;f__Acidothermaceae;g__Acidothermus;
Mycobacterium,30,35,77,41,25,k__Bacteria;p__Actinobacteria;c__unidentified_Actinobacteria;o__Corynebacteriales;f__Mycobacteriaceae;g__Mycobacterium;
unidentified_Thaumarchaeota,36,0,0,75,0,k__Archaea;p__Thaumarchaeota;c__unidentified_Thaumarchaeota;o__unidentified_Thaumarchaeota;f__unidentified_Thaumarchaeota;g__unidentified_Thaumarchaeota;
unidentified_Nitrospiraceae,75,24,29,28,13,k__Bacteria;p__Nitrospirae;c__Nitrospira;o__Nitrospirales;f__Nitrospiraceae;g__unidentified_Nitrospiraceae;
Woodsholea,75,40,20,52,30,k__Bacteria;p__Proteobacteria;c__Alphaproteobacteria;o__Caulobacterales;f__Hyphomonadaceae;g__Woodsholea;
Paracocccus,6,1,2,3,75,k__Bacteria;p__Proteobacteria;c__Alphaproteobacteria;o__Rhodobacterales;f__Rhodobacteraceae;g__Paracocccus;
Defluviicoccus,46,55,74,52,36,k__Bacteria;p__Proteobacteria;c__Alphaproteobacteria;o__Rhodospirillales;f__Rhodospirillaceae;g__Defluviicoccus;
Flavihumibacter,5,1,7,10,74,k__Bacteria;p__Bacteroidetes;c__Sphingobacteriia;o__Sphingobacteriales;f__Chitinophagaceae;g__Flavihumibacter;
Chryseolinea,74,26,52,19,21,k__Bacteria;p__Bacteroidetes;c__Cytophagia;o__Cytophagales;f__Cytophagaceae;g__Chryseolinea;
Marmoricola,31,44,73,14,18,k__Bacteria;p__Actinobacteria;c__unidentified_Actinobacteria;o__Propionibacteriales;f__Nocardioidaceae;g__Marmoricola;
Bdellovibrio,5,4,8,71,3,k__Bacteria;p__Proteobacteria;c__Deltaproteobacteria;o__Bdellovibrionales;f__Bdellovibrionaceae;g__Bdellovibrio;
unidentified_Acidobacteria,53,41,56,70,56,k__Bacteria;p__Acidobacteria;c__unidentified_Acidobacteria;o__Subgroup_6;f__unidentified_Acidobacteria;g__unidentified_Acidobacteria;
Candidatus_Solibacter,43,13,26,70,2,k__Bacteria;p__Acidobacteria;c__unidentified_Acidobacteria;o__Subgroup_3;f__unidentified_Acidobacteria;g__Candidatus_Solibacter;
Sorangium,17,17,34,69,15,k__Bacteria;p__Proteobacteria;c__Deltaproteobacteria;o__Myxococcales;f__Polyangiaceae;g__Sorangium;
Myroides,0,45,0,35,67,k__Bacteria;p__Bacteroidetes;c__Flavobacteriia;o__Flavobacteriales;f__Flavobacteriaceae;g__Myroides;
Silanimonas,6,62,20,67,8,k__Bacteria;p__Proteobacteria;c__Gammaproteobacteria;o__Xanthomonadales;f__Xanthomonadaceae;g__Silanimonas;
Desulfobacca,39,43,65,32,28,k__Bacteria;p__Proteobacteria;c__Deltaproteobacteria;o__Syntrophobacterales;f__Syntrophaceae;g__Desulfobacca;
Solirubrobacter,43,64,41,12,13,k__Bacteria;p__Actinobacteria;c__Thermoleophilia;o__Solirubrobacterales;f__Solirubrobacteraceae;g__Solirubrobacter;
unidentified_Syntrophaceae,11,3,5,64,28,k__Bacteria;p__Proteobacteria;c__Deltaproteobacteria;o__Syntrophobacterales;f__Syntrophaceae;g__unidentified_Syntrophaceae;
Bryobacter,43,39,64,59,25,k__Bacteria;p__Acidobacteria;c__unidentified_Acidobacteria;o__Subgroup_3;f__unidentified_Acidobacteria;g__Bryobacter;
Burkholderia,6,0,1,62,1,k__Bacteria;p__Proteobacteria;c__Betaproteobacteria;o__Burkholderiales;f__Burkholderiaceae;g__Burkholderia;
Perlucidibaca,5,15,5,62,2,k__Bacteria;p__Proteobacteria;c__Gammaproteobacteria;o__Pseudomonadales;f__Moraxellaceae;g__Perlucidibaca;
Illumatobacter,7,6,62,6,7,k__Bacteria;p__Actinobacteria;c__Acidimicrobiia;o__Acidimicrobiales;f__Acidimicrobiaceae;g__Illumatobacter;
SM1A02,17,5,62,10,6,k__Bacteria;p__Planctomycetes;c__Phycisphaerae;o__Phycisphaerales;f__Phycisphaeraceae;g__SM1A02;
Bilophila,61,1,2,0,1,k__Bacteria;p__Proteobacteria;c__Deltaproteobacteria;o__Desulfovibrionales;f__Desulfovibrionaceae;g__Bilophila;
Kurthia,10,53,61,17,8,k__Bacteria;p__Firmicutes;c__Bacilli;o__Bacillales;f__Planococcaceae;g__Kurthia;
Fictibacillus,30,25,59,27,21,k__Bacteria;p__Firmicutes;c__Bacilli;o__Bacillales;f__Bacillaceae;g__Fictibacillus;
Candidatus_Nitrosoarchaeum,49,1,1,58,3,k__Archaea;p__Thaumarchaeota;c__unidentified_Thaumarchaeota;o__unidentified_Thaumarchaeota;f__unidentified_Thaumarchaeota;g__Candidatus_Nitrosoarchaeum;
Reyranella,56,57,41,43,19,k__Bacteria;p__Proteobacteria;c__Alphaproteobacteria;o__Rhodospirillales;f__unidentified_Rhodospirillales;g__Reyranella;
Pirellula,54,7,12,17,36,k__Bacteria;p__Planctomycetes;c__Planctomycetacia;o__Planctomycetales;f__Planctomycetaceae;g__Pirellula;
Sarcina,0,1,54,0,3,k__Bacteria;p__Firmicutes;c__Clostridia;o__Clostridiales;f__Clostridiaceae_1;g__Sarcina;
Syntrophobacter,40,37,53,33,33,k__Bacteria;p__Proteobacteria;c__Deltaproteobacteria;o__Syntrophobacterales;f__Syntrophobacteraceae;g__Syntrophobacter;
Pseudolabrys,29,23,52,18,14,k__Bacteria;p__Proteobacteria;c__Alphaproteobacteria;o__Rhizobiales;f__Xanthobacteraceae;g__Pseudolabrys;
Paenibacillus,27,12,52,24,4,k__Bacteria;p__Firmicutes;c__Bacilli;o__Bacillales;f__Paenibacillaceae;g__Paenibacillus;
Rhodococcus,18,4,51,9,6,k__Bacteria;p__Actinobacteria;c__unidentified_Actinobacteria;o__Corynebacteriales;f__Nocardiaceae;g__Rhodococcus;
Caulobacter,35,36,51,48,19,k__Bacteria;p__Proteobacteria;c__Alphaproteobacteria;o__Caulobacterales;f__Caulobacteraceae;g__Caulobacter;
Candidatus_Entotheonella,48,8,10,50,4,k__Bacteria;p__Proteobacteria;c__Deltaproteobacteria;o__Desulfobacterales;f__Nitrospinaceae;g__Candidatus_Entotheonella;
Cellulosilyticum,0,0,48,0,1,k__Bacteria;p__Firmicutes;c__Clostridia;o__Clostridiales;f__Lachnospiraceae;g__Cellulosilyticum;
unidentified_Nitrosomonadaceae,22,26,31,46,41,k__Bacteria;p__Proteobacteria;c__Betaproteobacteria;o__Nitrosomonadales;f__Nitrosomonadaceae;g__unidentified_Nitrosomonadaceae;
Rhizobium,19,46,18,38,7,k__Bacteria;p__Proteobacteria;c__Alphaproteobacteria;o__Rhizobiales;f__Rhizobiaceae;g__Rhizobium;
Peptoclostridium,1,17,1,19,44,k__Bacteria;p__Firmicutes;c__Clostridia;o__Clostridiales;f__Peptostreptococcaceae;g__Peptoclostridium;
Desulfobulbus,24,35,44,17,16,k__Bacteria;p__Proteobacteria;c__Deltaproteobacteria;o__Desulfobacterales;f__Desulfobulbaceae;g__Desulfobulbus;
Bergeyella,0,11,0,13,44,k__Bacteria;p__Bacteroidetes;c__Flavobacteriia;o__Flavobacteriales;f__Flavobacteriaceae;g__Bergeyella;
Bacteriovorax,4,5,10,44,6,k__Bacteria;p__Proteobacteria;c__Deltaproteobacteria;o__Bdellovibrionales;f__Bacteriovoracaceae;g__Bacteriovorax;
Nitrosomonas,13,23,28,43,8,k__Bacteria;p__Proteobacteria;c__Betaproteobacteria;o__Nitrosomonadales;f__Nitrosomonadaceae;g__Nitrosomonas;
Phenylobacterium,19,17,43,28,19,k__Bacteria;p__Proteobacteria;c__Alphaproteobacteria;o__Caulobacterales;f__Caulobacteraceae;g__Phenylobacterium;
Dongia,31,31,43,35,18,k__Bacteria;p__Proteobacteria;c__Alphaproteobacteria;o__Rhodospirillales;f__Rhodospirillaceae;g__Dongia;
Geothrix,2,1,0,42,0,k__Bacteria;p__Acidobacteria;c__Holophagae;o__Holophagales;f__Holophagaceae;g__Geothrix;
Marinicella,18,17,41,19,14,k__Bacteria;p__Proteobacteria;c__Gammaproteobacteria;o__unidentified_Gammaproteobacteria;f__unidentified_Gammaproteobacteria;g__Marinicella;
Terrisporobacter,3,2,41,1,2,k__Bacteria;p__Firmicutes;c__Clostridia;o__Clostridiales;f__Peptostreptococcaceae;g__Terrisporobacter;
Clostridium_sensu_stricto_13,15,21,34,5,40,k__Bacteria;p__Firmicutes;c__Clostridia;o__Clostridiales;f__Clostridiaceae_1;g__Clostridium_sensu_stricto_13;
Parvularcula,4,36,3,40,4,k__Bacteria;p__Proteobacteria;c__Alphaproteobacteria;o__Parvularculales;f__Parvularculaceae;g__Parvularcula;
Candidatus_Xiphinematobacter,1,3,3,40,3,k__Bacteria;p__Verrucomicrobia;c__Spartobacteria;o__Chthoniobacterales;f__Xiphinematobacteraceae;g__Candidatus_Xiphinematobacter;
Anaerofilum,40,0,5,0,0,k__Bacteria;p__Firmicutes;c__Clostridia;o__Clostridiales;f__Ruminococcaceae;g__Anaerofilum;
Sva0081_sediment_group,14,20,40,10,10,k__Bacteria;p__Proteobacteria;c__Deltaproteobacteria;o__Desulfobacterales;f__Desulfobacteraceae;g__Sva0081_sediment_group;
Amaricoccus,0,1,0,0,39,k__Bacteria;p__Proteobacteria;c__Alphaproteobacteria;o__Rhodobacterales;f__Rhodobacteraceae;g__Amaricoccus;
Actinotalea,3,0,38,3,2,k__Bacteria;p__Actinobacteria;c__unidentified_Actinobacteria;o__Micrococcales;f__Cellulomonadaceae;g__Actinotalea;
Peptostreptococcus,38,6,0,1,20,k__Bacteria;p__Firmicutes;c__Clostridia;o__Clostridiales;f__Peptostreptococcaceae;g__Peptostreptococcus;
Chthoniobacter,5,2,10,10,38,k__Bacteria;p__Verrucomicrobia;c__Spartobacteria;o__Chthoniobacterales;f__Chthoniobacteraceae;g__Chthoniobacter;
Gemmatimonas,38,12,25,31,9,k__Bacteria;p__Gemmatimonadetes;c__unidentified_Gemmatimonadetes;o__Gemmatimonadales;f__Gemmatimonadaceae;g__Gemmatimonas;
Variibacter,10,7,10,37,7,k__Bacteria;p__Proteobacteria;c__Alphaproteobacteria;o__Rhizobiales;f__Xanthobacteraceae;g__Variibacter;
Desulfocapsa,17,15,37,22,5,k__Bacteria;p__Proteobacteria;c__Deltaproteobacteria;o__Desulfobacterales;f__Desulfobulbaceae;g__Desulfocapsa;
Flavisolibacter,37,6,14,6,13,k__Bacteria;p__Bacteroidetes;c__Sphingobacteriia;o__Sphingobacteriales;f__Chitinophagaceae;g__Flavisolibacter;
Syntrophorhabdus,15,27,36,14,9,k__Bacteria;p__Proteobacteria;c__Deltaproteobacteria;o__unidentified_Deltaproteobacteria;f__Syntrophorhabdaceae;g__Syntrophorhabdus;
Globicatella,0,36,0,7,36,k__Bacteria;p__Firmicutes;c__Bacilli;o__Lactobacillales;f__Aerococcaceae;g__Globicatella;
Roseomonas,16,13,15,36,7,k__Bacteria;p__Proteobacteria;c__Alphaproteobacteria;o__Rhodospirillales;f__Acetobacteraceae;g__Roseomonas;
Ignavibacterium,16,14,36,13,11,k__Bacteria;p__Chlorobi;c__Ignavibacteria;o__Ignavibacteriales;f__Ignavibacteriaceae;g__Ignavibacterium;
unidentified_Xanthomonadales,20,35,33,30,20,k__Bacteria;p__Proteobacteria;c__Gammaproteobacteria;o__Xanthomonadales;f__unidentified_Xanthomonadales;g__unidentified_Xanthomonadales;
Tyzzerella_4,35,0,0,0,0,k__Bacteria;p__Firmicutes;c__Clostridia;o__Clostridiales;f__Lachnospiraceae;g__Tyzzerella_4;
Thermus,34,9,5,13,14,k__Bacteria;p__Deinococcus-Thermus;c__Deinococci;o__Thermales;f__Thermaceae;g__Thermus;
Leuconostoc,0,0,34,0,0,k__Bacteria;p__Firmicutes;c__Bacilli;o__Lactobacillales;f__Leuconostocaceae;g__Leuconostoc;
Isoptericola,0,3,34,4,0,k__Bacteria;p__Actinobacteria;c__unidentified_Actinobacteria;o__Micrococcales;f__Promicromonosporaceae;g__Isoptericola;
Christensenellaceae_R-7_group,23,14,33,12,11,k__Bacteria;p__Firmicutes;c__Clostridia;o__Clostridiales;f__Christensenellaceae;g__Christensenellaceae_R-7_group;
Methylobacterium,3,5,17,14,33,k__Bacteria;p__Proteobacteria;c__Alphaproteobacteria;o__Rhizobiales;f__Methylobacteriaceae;g__Methylobacterium;
Morganella,12,25,1,19,33,k__Bacteria;p__Proteobacteria;c__Gammaproteobacteria;o__Enterobacteriales;f__Enterobacteriaceae;g__Morganella;
Megamonas,33,1,1,0,0,k__Bacteria;p__Firmicutes;c__Negativicutes;o__Selenomonadales;f__Veillonellaceae;g__Megamonas;
Tumebacillus,12,26,32,12,8,k__Bacteria;p__Firmicutes;c__Bacilli;o__Bacillales;f__Alicyclobacillaceae;g__Tumebacillus;
Altererythrobacter,16,16,32,13,11,k__Bacteria;p__Proteobacteria;c__Alphaproteobacteria;o__Sphingomonadales;f__Erythrobacteraceae;g__Altererythrobacter;
Veillonella,0,0,31,0,0,k__Bacteria;p__Firmicutes;c__Negativicutes;o__Selenomonadales;f__Veillonellaceae;g__Veillonella;
Ferruginibacter,8,4,2,2,31,k__Bacteria;p__Bacteroidetes;c__Sphingobacteriia;o__Sphingobacteriales;f__Chitinophagaceae;g__Ferruginibacter;
Hirschia,14,17,15,16,31,k__Bacteria;p__Proteobacteria;c__Alphaproteobacteria;o__Caulobacterales;f__Hyphomonadaceae;g__Hirschia;
Methylobacter,15,17,30,10,12,k__Bacteria;p__Proteobacteria;c__Gammaproteobacteria;o__Methylococcales;f__Methylococcaceae;g__Methylobacter;
Candidatus_Nitrotoga,19,21,29,30,16,k__Bacteria;p__Proteobacteria;c__Betaproteobacteria;o__Nitrosomonadales;f__Gallionellaceae;g__Candidatus_Nitrotoga;
Geothermobacter,14,10,29,10,11,k__Bacteria;p__Proteobacteria;c__Deltaproteobacteria;o__Desulfuromonadales;f__Geobacteraceae;g__Geothermobacter;
Solitalea,5,1,5,29,27,k__Bacteria;p__Bacteroidetes;c__Sphingobacteriia;o__Sphingobacteriales;f__Sphingobacteriaceae;g__Solitalea;
Euzebya,1,2,29,0,2,k__Bacteria;p__Actinobacteria;c__Nitriliruptoria;o__Euzebyales;f__Euzebyaceae;g__Euzebya;
Noviherbaspirillum,5,12,18,29,6,k__Bacteria;p__Proteobacteria;c__Betaproteobacteria;o__Burkholderiales;f__Oxalobacteraceae;g__Noviherbaspirillum;
Geobacter,14,25,21,24,28,k__Bacteria;p__Proteobacteria;c__Deltaproteobacteria;o__Desulfuromonadales;f__Geobacteraceae;g__Geobacter;
Desulfatiglans,28,24,21,14,12,k__Bacteria;p__Proteobacteria;c__Deltaproteobacteria;o__Desulfarculales;f__Desulfarculaceae;g__Desulfatiglans;
Lachnoclostridium,28,0,3,2,1,k__Bacteria;p__Firmicutes;c__Clostridia;o__Clostridiales;f__Lachnospiraceae;g__Lachnoclostridium;
Phaselicystis,26,16,15,14,10,k__Bacteria;p__Proteobacteria;c__Deltaproteobacteria;o__Myxococcales;f__Phaselicystidaceae;g__Phaselicystis;
Opitutus,21,16,26,16,12,k__Bacteria;p__Verrucomicrobia;c__Opitutae;o__Opitutales;f__Opitutaceae;g__Opitutus;
Bosea,4,2,8,26,11,k__Bacteria;p__Proteobacteria;c__Alphaproteobacteria;o__Rhizobiales;f__Bradyrhizobiaceae;g__Bosea;
Mesorhizobium,6,5,21,5,26,k__Bacteria;p__Proteobacteria;c__Alphaproteobacteria;o__Rhizobiales;f__Phyllobacteriaceae;g__Mesorhizobium;
Leucobacter,0,0,26,1,0,k__Bacteria;p__Actinobacteria;c__unidentified_Actinobacteria;o__Micrococcales;f__Microbacteriaceae;g__Leucobacter;
Peredibacter,8,3,8,25,5,k__Bacteria;p__Proteobacteria;c__Deltaproteobacteria;o__Bdellovibrionales;f__Bacteriovoracaceae;g__Peredibacter;
unidentified_GR-WP33-30,24,20,14,25,21,k__Bacteria;p__Proteobacteria;c__Deltaproteobacteria;o__GR-WP33-30;f__unidentified_GR-WP33-30;g__unidentified_GR-WP33-30;
[Eubacterium]_brachy_group,12,15,24,13,9,k__Bacteria;p__Firmicutes;c__Clostridia;o__Clostridiales;f__Family_XIII;g__[Eubacterium]_brachy_group;
Anaeromyxobacter,22,15,22,24,13,k__Bacteria;p__Proteobacteria;c__Deltaproteobacteria;o__Myxococcales;f__Cystobacteraceae;g__Anaeromyxobacter;
Porphyrobacter,11,7,23,7,8,k__Bacteria;p__Proteobacteria;c__Alphaproteobacteria;o__Sphingomonadales;f__Erythrobacteraceae;g__Porphyrobacter;
Byssovorax,6,6,8,23,5,k__Bacteria;p__Proteobacteria;c__Deltaproteobacteria;o__Myxococcales;f__Polyangiaceae;g__Byssovorax;
Coxiella,23,8,7,11,19,k__Bacteria;p__Proteobacteria;c__Gammaproteobacteria;o__Legionellales;f__Coxiellaceae;g__Coxiella;
Rhodomicrobium,14,14,22,17,19,k__Bacteria;p__Proteobacteria;c__Alphaproteobacteria;o__Rhizobiales;f__Hyphomicrobiaceae;g__Rhodomicrobium;
Flavitalea,1,2,2,0,22,k__Bacteria;p__Bacteroidetes;c__Sphingobacteriia;o__Sphingobacteriales;f__Chitinophagaceae;g__Flavitalea;
Romboutsia,5,6,22,10,2,k__Bacteria;p__Firmicutes;c__Clostridia;o__Clostridiales;f__Peptostreptococcaceae;g__Romboutsia;
unidentified_DB1-14,1,1,1,22,1,k__Bacteria;p__Proteobacteria;c__Alphaproteobacteria;o__DB1-14;f__unidentified_DB1-14;g__unidentified_DB1-14;
Candidatus_Koribacter,9,8,22,20,7,k__Bacteria;p__Acidobacteria;c__unidentified_Acidobacteria;o__Acidobacteriales;f__Acidobacteriaceae_.Subgroup_1.;g__Candidatus_Koribacter;
Zymomonas,1,0,0,5,22,k__Bacteria;p__Proteobacteria;c__Alphaproteobacteria;o__Sphingomonadales;f__Sphingomonadaceae;g__Zymomonas;
Patulibacter,2,14,21,7,17,k__Bacteria;p__Actinobacteria;c__Thermoleophilia;o__Solirubrobacterales;f__Patulibacteraceae;g__Patulibacter;
Desulfosporosinus,19,17,21,11,18,k__Bacteria;p__Firmicutes;c__Clostridia;o__Clostridiales;f__Peptococcaceae;g__Desulfosporosinus;
Haloactinopolyspora,20,5,21,4,6,k__Bacteria;p__Actinobacteria;c__unidentified_Actinobacteria;o__Propionibacteriales;f__Propionibacteriaceae;g__Haloactinopolyspora;
Bauldia,21,6,5,15,16,k__Bacteria;p__Proteobacteria;c__Alphaproteobacteria;o__Rhizobiales;f__unidentified_Rhizobiales;g__Bauldia;
Microvirga,9,11,20,7,3,k__Bacteria;p__Proteobacteria;c__Alphaproteobacteria;o__Rhizobiales;f__Methylobacteriaceae;g__Microvirga;
Azoarcus,10,9,20,10,6,k__Bacteria;p__Proteobacteria;c__Betaproteobacteria;o__Rhodocyclales;f__Rhodocyclaceae;g__Azoarcus;
Inhella,0,0,1,20,0,k__Bacteria;p__Proteobacteria;c__Betaproteobacteria;o__Burkholderiales;f__Comamonadaceae;g__Inhella;
Nannocystis,8,19,16,13,11,k__Bacteria;p__Proteobacteria;c__Deltaproteobacteria;o__Myxococcales;f__Nannocystaceae;g__Nannocystis;
Proteus,1,12,3,6,19,k__Bacteria;p__Proteobacteria;c__Gammaproteobacteria;o__Enterobacteriales;f__Enterobacteriaceae;g__Proteus;
Bythopirellula,9,11,3,4,19,k__Bacteria;p__Planctomycetes;c__Planctomycetacia;o__Planctomycetales;f__Planctomycetaceae;g__Bythopirellula;
Isosphaera,7,11,19,14,6,k__Bacteria;p__Planctomycetes;c__Planctomycetacia;o__Planctomycetales;f__Planctomycetaceae;g__Isosphaera;
Syntrophus,9,13,19,10,8,k__Bacteria;p__Proteobacteria;c__Deltaproteobacteria;o__Syntrophobacterales;f__Syntrophaceae;g__Syntrophus;
Parvimonas,0,13,0,4,19,k__Bacteria;p__Firmicutes;c__Clostridia;o__Clostridiales;f__Family_XI;g__Parvimonas;
Tropicimonas,13,16,18,8,2,k__Bacteria;p__Proteobacteria;c__Alphaproteobacteria;o__Rhodobacterales;f__Rhodobacteraceae;g__Tropicimonas;
Fonticella,8,4,17,12,8,k__Bacteria;p__Firmicutes;c__Clostridia;o__Clostridiales;f__Clostridiaceae_1;g__Fonticella;
Sphingosinicella,2,8,0,9,17,k__Bacteria;p__Proteobacteria;c__Alphaproteobacteria;o__Sphingomonadales;f__Sphingomonadaceae;g__Sphingosinicella;
Clostridium_sensu_stricto_12,9,13,17,13,8,k__Bacteria;p__Firmicutes;c__Clostridia;o__Clostridiales;f__Clostridiaceae_1;g__Clostridium_sensu_stricto_12;
Adhaeribacter,10,2,5,16,1,k__Bacteria;p__Bacteroidetes;c__Cytophagia;o__Cytophagales;f__Cytophagaceae;g__Adhaeribacter;
Chthonomonas,2,6,4,16,1,k__Bacteria;p__Armatimonadetes;c__Chthonomonadetes;o__Chthonomonadales;f__Chthonomonadaceae;g__Chthonomonas;
Croceibacter,1,0,16,1,1,k__Bacteria;p__Bacteroidetes;c__Flavobacteriia;o__Flavobacteriales;f__Flavobacteriaceae;g__Croceibacter;
Rhizomicrobium,12,11,16,15,6,k__Bacteria;p__Proteobacteria;c__Alphaproteobacteria;o__Rhizobiales;f__unidentified_Rhizobiales;g__Rhizomicrobium;
Glycomyces,0,0,16,0,1,k__Bacteria;p__Actinobacteria;c__unidentified_Actinobacteria;o__Glycomycetales;f__Glycomycetaceae;g__Glycomyces;
Aciditerrimonas,8,6,16,16,4,k__Bacteria;p__Actinobacteria;c__Acidimicrobiia;o__Acidimicrobiales;f__unidentified_Acidimicrobiales;g__Aciditerrimonas;
Tomitella,0,0,15,3,0,k__Bacteria;p__Actinobacteria;c__unidentified_Actinobacteria;o__Corynebacteriales;f__unidentified_Actinobacteria;g__Tomitella;
Sutterella,0,15,0,0,0,k__Bacteria;p__Proteobacteria;c__Betaproteobacteria;o__Burkholderiales;f__Alcaligenaceae;g__Sutterella;
Kribbella,12,11,15,5,3,k__Bacteria;p__Actinobacteria;c__unidentified_Actinobacteria;o__Propionibacteriales;f__Nocardioidaceae;g__Kribbella;
Kaistia,3,1,4,15,0,k__Bacteria;p__Proteobacteria;c__Alphaproteobacteria;o__Rhizobiales;f__Rhizobiaceae;g__Kaistia;
unidentified_Gemmatimonadetes,13,15,13,9,14,k__Bacteria;p__Gemmatimonadetes;c__unidentified_Gemmatimonadetes;o__Gemmatimonadales;f__Gemmatimonadaceae;g__unidentified_Gemmatimonadetes;
CL500-29_marine_group,3,2,4,0,15,k__Bacteria;p__Actinobacteria;c__Acidimicrobiia;o__Acidimicrobiales;f__Acidimicrobiaceae;g__CL500-29_marine_group;
Clostridium_sensu_stricto_8,6,14,12,7,5,k__Bacteria;p__Firmicutes;c__Clostridia;o__Clostridiales;f__Clostridiaceae_1;g__Clostridium_sensu_stricto_8;
Urania-1B-19_marine_sediment_group,3,0,0,14,1,k__Bacteria;p__Planctomycetes;c__Phycisphaerae;o__Phycisphaerales;f__Phycisphaeraceae;g__Urania-1B-19_marine_sediment_group;
Ruminiclostridium_1,10,5,14,4,7,k__Bacteria;p__Firmicutes;c__Clostridia;o__Clostridiales;f__Ruminococcaceae;g__Ruminiclostridium_1;
Thioalkalispira,14,9,3,7,5,k__Bacteria;p__Proteobacteria;c__Gammaproteobacteria;o__Chromatiales;f__Ectothiorhodospiraceae;g__Thioalkalispira;
Mobilitalea,14,6,7,4,2,k__Bacteria;p__Firmicutes;c__Clostridia;o__Clostridiales;f__Lachnospiraceae;g__Mobilitalea;
Nocardia,3,2,14,7,9,k__Bacteria;p__Actinobacteria;c__unidentified_Actinobacteria;o__Corynebacteriales;f__Nocardiaceae;g__Nocardia;
Polyangium,1,3,1,13,1,k__Bacteria;p__Proteobacteria;c__Deltaproteobacteria;o__Myxococcales;f__Polyangiaceae;g__Polyangium;
Skermanella,8,7,13,6,4,k__Bacteria;p__Proteobacteria;c__Alphaproteobacteria;o__Rhodospirillales;f__Rhodospirillaceae;g__Skermanella;
Chitinophaga,10,4,10,13,6,k__Bacteria;p__Bacteroidetes;c__Sphingobacteriia;o__Sphingobacteriales;f__Chitinophagaceae;g__Chitinophaga;
Butyricicoccus,13,0,0,0,1,k__Bacteria;p__Firmicutes;c__Clostridia;o__Clostridiales;f__Ruminococcaceae;g__Butyricicoccus;
Pontibacter,13,5,13,1,2,k__Bacteria;p__Bacteroidetes;c__Cytophagia;o__Cytophagales;f__Cytophagaceae;g__Pontibacter;
Methylosarcina,13,9,8,1,5,k__Bacteria;p__Proteobacteria;c__Gammaproteobacteria;o__Methylococcales;f__Methylococcaceae;g__Methylosarcina;
unidentified_Chloroplast,2,0,13,2,1,k__Bacteria;p__Cyanobacteria;c__Chloroplast;o__unidentified_Chloroplast;f__unidentified_Chloroplast;g__unidentified_Chloroplast;
Candidatus_Odyssella,2,0,6,13,4,k__Bacteria;p__Proteobacteria;c__Alphaproteobacteria;o__Rickettsiales;f__unidentified_Rickettsiales;g__Candidatus_Odyssella;
Sandaracinus,6,4,13,12,13,k__Bacteria;p__Proteobacteria;c__Deltaproteobacteria;o__Myxococcales;f__Sandaracinaceae;g__Sandaracinus;
Constrictibacter,5,1,12,0,2,k__Bacteria;p__Proteobacteria;c__Alphaproteobacteria;o__Rickettsiales;f__unidentified_Rickettsiales;g__Constrictibacter;
Candidatus_Planktophila,2,8,12,6,3,k__Bacteria;p__Actinobacteria;c__unidentified_Actinobacteria;o__Frankiales;f__Sporichthyaceae;g__Candidatus_Planktophila;
Ohtaekwangia,12,2,9,4,3,k__Bacteria;p__Bacteroidetes;c__Cytophagia;o__Cytophagales;f__Cytophagaceae;g__Ohtaekwangia;
Clostridium_sensu_stricto_11,6,12,11,2,7,k__Bacteria;p__Firmicutes;c__Clostridia;o__Clostridiales;f__Clostridiaceae_1;g__Clostridium_sensu_stricto_11;
Dyella,3,4,12,3,3,k__Bacteria;p__Proteobacteria;c__Gammaproteobacteria;o__Xanthomonadales;f__Xanthomonadaceae;g__Dyella;
unidentified_NKB5,1,0,3,12,10,k__Bacteria;p__Proteobacteria;c__Gammaproteobacteria;o__NKB5;f__unidentified_NKB5;g__unidentified_NKB5;
C1-B045,2,2,0,12,0,k__Bacteria;p__Proteobacteria;c__Gammaproteobacteria;o__Cellvibrionales;f__Porticoccaceae;g__C1-B045;
Pelagibacterium,1,0,12,2,1,k__Bacteria;p__Proteobacteria;c__Alphaproteobacteria;o__Rhizobiales;f__Hyphomicrobiaceae;g__Pelagibacterium;
Erysipelatoclostridium,12,0,3,0,1,k__Bacteria;p__Firmicutes;c__Erysipelotrichia;o__Erysipelotrichales;f__Erysipelotrichaceae;g__Erysipelatoclostridium;
Angustibacter,8,3,11,4,2,k__Bacteria;p__Actinobacteria;c__unidentified_Actinobacteria;o__Kineosporiales;f__Kineosporiaceae;g__Angustibacter;
Sandaracinobacter,0,5,11,9,4,k__Bacteria;p__Proteobacteria;c__Alphaproteobacteria;o__Sphingomonadales;f__Sphingomonadaceae;g__Sandaracinobacter;
Cellvibrio,11,11,8,8,6,k__Bacteria;p__Proteobacteria;c__Gammaproteobacteria;o__Cellvibrionales;f__Cellvibrionaceae;g__Cellvibrio;
Actinophytocola,1,3,11,0,0,k__Bacteria;p__Actinobacteria;c__unidentified_Actinobacteria;o__Pseudonocardiales;f__Pseudonocardiaceae;g__Actinophytocola;
Eggerthella,11,0,0,0,0,k__Bacteria;p__Actinobacteria;c__Coriobacteriia;o__Coriobacteriales;f__Coriobacteriaceae;g__Eggerthella;
Acidobacterium,0,0,0,11,0,k__Bacteria;p__Acidobacteria;c__unidentified_Acidobacteria;o__Acidobacteriales;f__Acidobacteriaceae_.Subgroup_1.;g__Acidobacterium;
Tardiphaga,6,7,11,7,4,k__Bacteria;p__Proteobacteria;c__Alphaproteobacteria;o__Rhizobiales;f__Bradyrhizobiaceae;g__Tardiphaga;
unidentified_Anaerolineaceae,6,2,10,5,2,k__Bacteria;p__Chloroflexi;c__Anaerolineae;o__Anaerolineales;f__Anaerolineaceae;g__unidentified_Anaerolineaceae;
Blastococcus,1,6,10,2,2,k__Bacteria;p__Actinobacteria;c__unidentified_Actinobacteria;o__Frankiales;f__Geodermatophilaceae;g__Blastococcus;
Labrys,1,0,7,10,2,k__Bacteria;p__Proteobacteria;c__Alphaproteobacteria;o__Rhizobiales;f__Xanthobacteraceae;g__Labrys;
Smaragdicoccus,0,1,0,1,10,k__Bacteria;p__Actinobacteria;c__unidentified_Actinobacteria;o__Corynebacteriales;f__Nocardiaceae;g__Smaragdicoccus;
Candidatus_Microthrix,3,2,10,2,0,k__Bacteria;p__Actinobacteria;c__Acidimicrobiia;o__Acidimicrobiales;f__unidentified_Acidimicrobiales;g__Candidatus_Microthrix;
Candidatus_Alysiosphaera,4,3,5,3,10,k__Bacteria;p__Proteobacteria;c__Alphaproteobacteria;o__Rhodospirillales;f__unidentified_Rhodospirillales;g__Candidatus_Alysiosphaera;
Algoriphagus,3,2,10,3,2,k__Bacteria;p__Bacteroidetes;c__Cytophagia;o__Cytophagales;f__Cyclobacteriaceae;g__Algoriphagus;
Sporomusa,6,5,10,5,2,k__Bacteria;p__Firmicutes;c__Negativicutes;o__Selenomonadales;f__Veillonellaceae;g__Sporomusa;
Saccharofermentans,2,0,9,0,1,k__Bacteria;p__Firmicutes;c__Clostridia;o__Clostridiales;f__Ruminococcaceae;g__Saccharofermentans;
I-8,9,0,0,8,0,k__Bacteria;p__Planctomycetes;c__Phycisphaerae;o__Phycisphaerales;f__Phycisphaeraceae;g__I-8;
Hyphomonas,5,9,6,0,3,k__Bacteria;p__Proteobacteria;c__Alphaproteobacteria;o__Caulobacterales;f__Hyphomonadaceae;g__Hyphomonas;
Fusibacter,9,2,5,1,0,k__Bacteria;p__Firmicutes;c__Clostridia;o__Clostridiales;f__Family_XII;g__Fusibacter;
unidentified_OM190,0,0,0,9,4,k__Bacteria;p__Planctomycetes;c__OM190;o__unidentified_OM190;f__unidentified_OM190;g__unidentified_OM190;
Promicromonospora,2,1,9,1,0,k__Bacteria;p__Actinobacteria;c__unidentified_Actinobacteria;o__Micrococcales;f__Promicromonosporaceae;g__Promicromonospora;
Sedimentibacter,3,3,9,3,2,k__Bacteria;p__Firmicutes;c__Clostridia;o__Clostridiales;f__Family_XI;g__Sedimentibacter;
Smithella,5,8,9,5,4,k__Bacteria;p__Proteobacteria;c__Deltaproteobacteria;o__Syntrophobacterales;f__Syntrophaceae;g__Smithella;
Acetivibrio,9,2,8,2,2,k__Bacteria;p__Firmicutes;c__Clostridia;o__Clostridiales;f__Ruminococcaceae;g__Acetivibrio;
Candidatus_Rhabdochlamydia,2,1,1,9,1,k__Bacteria;p__Chlamydiae;c__unidentified_Chlamydiae;o__Chlamydiales;f__Simkaniaceae;g__Candidatus_Rhabdochlamydia;
Staphylococcus,1,4,3,1,9,k__Bacteria;p__Firmicutes;c__Bacilli;o__Bacillales;f__Staphylococcaceae;g__Staphylococcus;
Fastidiosipila,3,7,9,3,3,k__Bacteria;p__Firmicutes;c__Clostridia;o__Clostridiales;f__Ruminococcaceae;g__Fastidiosipila;
Desulfovirga,3,6,9,7,9,k__Bacteria;p__Proteobacteria;c__Deltaproteobacteria;o__Syntrophobacterales;f__Syntrophobacteraceae;g__Desulfovirga;
Lutispora,4,4,9,5,5,k__Bacteria;p__Firmicutes;c__Clostridia;o__Clostridiales;f__Gracilibacteraceae;g__Lutispora;
Simiduia,0,0,9,0,0,k__Bacteria;p__Proteobacteria;c__Gammaproteobacteria;o__Cellvibrionales;f__Cellvibrionaceae;g__Simiduia;
Edaphobacter,0,0,0,8,0,k__Bacteria;p__Acidobacteria;c__unidentified_Acidobacteria;o__Acidobacteriales;f__Acidobacteriaceae_.Subgroup_1.;g__Edaphobacter;
Mucilaginibacter,7,8,0,1,1,k__Bacteria;p__Bacteroidetes;c__Sphingobacteriia;o__Sphingobacteriales;f__Sphingobacteriaceae;g__Mucilaginibacter;
Bifidobacterium,8,0,2,1,0,k__Bacteria;p__Actinobacteria;c__unidentified_Actinobacteria;o__Bifidobacteriales;f__Bifidobacteriaceae;g__Bifidobacterium;
Aeromonas,1,6,2,8,7,k__Bacteria;p__Proteobacteria;c__Gammaproteobacteria;o__Aeromonadales;f__Aeromonadaceae;g__Aeromonas;
Roseimicrobium,2,0,3,4,8,k__Bacteria;p__Verrucomicrobia;c__Verrucomicrobiae;o__Verrucomicrobiales;f__Verrucomicrobiaceae;g__Roseimicrobium;
Microbacterium,3,1,8,0,5,k__Bacteria;p__Actinobacteria;c__unidentified_Actinobacteria;o__Micrococcales;f__Microbacteriaceae;g__Microbacterium;
Sediminibacterium,3,8,0,7,4,k__Bacteria;p__Bacteroidetes;c__Sphingobacteriia;o__Sphingobacteriales;f__Chitinophagaceae;g__Sediminibacterium;
Phreatobacter,0,0,2,4,8,k__Bacteria;p__Proteobacteria;c__Alphaproteobacteria;o__Rhizobiales;f__unidentified_Rhizobiales;g__Phreatobacter;
Bordetella,2,2,6,6,8,k__Bacteria;p__Proteobacteria;c__Betaproteobacteria;o__Burkholderiales;f__Alcaligenaceae;g__Bordetella;
Ruminococcaceae_UCG-005,1,2,8,0,0,k__Bacteria;p__Firmicutes;c__Clostridia;o__Clostridiales;f__Ruminococcaceae;g__Ruminococcaceae_UCG-005;
Planosporangium,0,2,7,3,0,k__Bacteria;p__Actinobacteria;c__unidentified_Actinobacteria;o__Micromonosporales;f__Micromonosporaceae;g__Planosporangium;
Thalassobaculum,4,5,7,3,4,k__Bacteria;p__Proteobacteria;c__Alphaproteobacteria;o__Rhodospirillales;f__Rhodospirillaceae;g__Thalassobaculum;
Granulicella,0,0,0,7,0,k__Bacteria;p__Acidobacteria;c__unidentified_Acidobacteria;o__Acidobacteriales;f__Acidobacteriaceae_.Subgroup_1.;g__Granulicella;
Clostridium_sensu_stricto_10,2,2,7,2,1,k__Bacteria;p__Firmicutes;c__Clostridia;o__Clostridiales;f__Clostridiaceae_1;g__Clostridium_sensu_stricto_10;
Methylomonas,5,7,7,7,5,k__Bacteria;p__Proteobacteria;c__Gammaproteobacteria;o__Methylococcales;f__Methylococcaceae;g__Methylomonas;
Desulforhabdus,4,7,2,2,2,k__Bacteria;p__Proteobacteria;c__Deltaproteobacteria;o__Syntrophobacterales;f__Syntrophobacteraceae;g__Desulforhabdus;
AKYG587,3,1,1,1,7,k__Bacteria;p__Planctomycetes;c__Phycisphaerae;o__Phycisphaerales;f__Phycisphaeraceae;g__AKYG587;
Clostridium_sensu_stricto_5,2,1,7,2,1,k__Bacteria;p__Firmicutes;c__Clostridia;o__Clostridiales;f__Clostridiaceae_1;g__Clostridium_sensu_stricto_5;
Parafilimonas,6,4,7,0,1,k__Bacteria;p__Bacteroidetes;c__Sphingobacteriia;o__Sphingobacteriales;f__Chitinophagaceae;g__Parafilimonas;
Saccharothrix,1,0,2,7,2,k__Bacteria;p__Actinobacteria;c__unidentified_Actinobacteria;o__Pseudonocardiales;f__Pseudonocardiaceae;g__Saccharothrix;
Candidatus_Fritschea,0,0,0,7,0,k__Bacteria;p__Chlamydiae;c__unidentified_Chlamydiae;o__Chlamydiales;f__Simkaniaceae;g__Candidatus_Fritschea;
Longispora,1,0,1,1,7,k__Bacteria;p__Actinobacteria;c__unidentified_Actinobacteria;o__Micromonosporales;f__Micromonosporaceae;g__Longispora;
Phaeodactylibacter,2,0,0,7,1,k__Bacteria;p__Bacteroidetes;c__Sphingobacteriia;o__Sphingobacteriales;f__Saprospiraceae;g__Phaeodactylibacter;
Desulfomonile,4,7,6,2,3,k__Bacteria;p__Proteobacteria;c__Deltaproteobacteria;o__Syntrophobacterales;f__Syntrophaceae;g__Desulfomonile;
Herpetosiphon,3,0,0,0,7,k__Bacteria;p__Chloroflexi;c__Chloroflexia;o__Herpetosiphonales;f__Herpetosiphonaceae;g__Herpetosiphon;
Deferrisoma,5,5,7,3,5,k__Bacteria;p__Proteobacteria;c__Deltaproteobacteria;o__Bdellovibrionales;f__Bacteriovoracaceae;g__Deferrisoma;
Inquilinus,1,0,6,1,1,k__Bacteria;p__Proteobacteria;c__Alphaproteobacteria;o__Rhodospirillales;f__Rhodospirillaceae;g__Inquilinus;
Tunicatimonas,0,0,6,0,1,k__Bacteria;p__Bacteroidetes;c__Cytophagia;o__Cytophagales;f__Flammeovirgaceae;g__Tunicatimonas;
Subdoligranulum,2,0,6,2,5,k__Bacteria;p__Firmicutes;c__Clostridia;o__Clostridiales;f__Ruminococcaceae;g__Subdoligranulum;
Alkanindiges,0,0,0,6,0,k__Bacteria;p__Proteobacteria;c__Gammaproteobacteria;o__Pseudomonadales;f__Moraxellaceae;g__Alkanindiges;
[Eubacterium]_coprostanoligenes_group,6,2,4,3,2,k__Bacteria;p__Firmicutes;c__Clostridia;o__Clostridiales;f__Ruminococcaceae;g__[Eubacterium]_coprostanoligenes_group;
Armatimonas,0,0,0,0,6,k__Bacteria;p__Armatimonadetes;c__Armatimonadia;o__Armatimonadales;f__Armatimonadaceae;g__Armatimonas;
Treponema_2,0,0,6,1,4,k__Bacteria;p__Spirochaetes;c__unidentified_Spirochaetes;o__Spirochaetales;f__Spirochaetaceae;g__Treponema_2;
unidentified_Acidobacteria1,0,0,0,6,0,k__Bacteria;p__Acidobacteria;c__unidentified_Acidobacteria;o__Subgroup_2;f__unidentified_Acidobacteria;g__unidentified_Acidobacteria;
Paraeggerthella,6,0,0,0,0,k__Bacteria;p__Actinobacteria;c__Coriobacteriia;o__Coriobacteriales;f__Coriobacteriaceae;g__Paraeggerthella;
Candidatus_Methylomirabilis,0,0,0,6,0,k__Bacteria;p__Nitrospirae;c__Nitrospira;o__Nitrospirales;f__unidentified_Nitrospirales;g__Candidatus_Methylomirabilis;
Actinomadura,4,1,6,1,2,k__Bacteria;p__Actinobacteria;c__unidentified_Actinobacteria;o__Streptosporangiales;f__Thermomonosporaceae;g__Actinomadura;
Roseiflexus,2,4,4,6,2,k__Bacteria;p__Chloroflexi;c__Chloroflexia;o__Chloroflexales;f__Roseiflexaceae;g__Roseiflexus;
Clostridium_sensu_stricto_15,0,1,0,0,5,k__Bacteria;p__Firmicutes;c__Clostridia;o__Clostridiales;f__Clostridiaceae_1;g__Clostridium_sensu_stricto_15;
unidentified_Clostridiaceae_1,0,2,5,0,1,k__Bacteria;p__Firmicutes;c__Clostridia;o__Clostridiales;f__Clostridiaceae_1;g__unidentified_Clostridiaceae_1;
Thiocapsa,4,3,2,5,2,k__Bacteria;p__Proteobacteria;c__Gammaproteobacteria;o__Chromatiales;f__Chromatiaceae;g__Thiocapsa;
Cohnella,4,0,2,5,0,k__Bacteria;p__Firmicutes;c__Bacilli;o__Bacillales;f__Paenibacillaceae;g__Cohnella;
Neochlamydia,2,0,1,5,1,k__Bacteria;p__Chlamydiae;c__unidentified_Chlamydiae;o__Chlamydiales;f__Parachlamydiaceae;g__Neochlamydia;
Cytophaga,0,1,0,5,0,k__Bacteria;p__Bacteroidetes;c__Cytophagia;o__Cytophagales;f__Cytophagaceae;g__Cytophaga;
Syntrophomonas,2,0,5,1,2,k__Bacteria;p__Firmicutes;c__Clostridia;o__Clostridiales;f__Syntrophomonadaceae;g__Syntrophomonas;
unidentified_OPB35_soil_group,5,1,4,0,3,k__Bacteria;p__Verrucomicrobia;c__OPB35_soil_group;o__unidentified_OPB35_soil_group;f__unidentified_OPB35_soil_group;g__unidentified_OPB35_soil_group;
Candidatus_Acetothermus,0,0,0,5,0,k__Bacteria;p__Acetothermia;c__unidentified_Acetothermia;o__unidentified_Acetothermia;f__unidentified_Acetothermia;g__Candidatus_Acetothermus;
Amycolatopsis,1,0,5,0,2,k__Bacteria;p__Actinobacteria;c__unidentified_Actinobacteria;o__Pseudonocardiales;f__Pseudonocardiaceae;g__Amycolatopsis;
unidentified_WCHB1-69,5,2,2,1,0,k__Bacteria;p__Bacteroidetes;c__Sphingobacteriia;o__Sphingobacteriales;f__WCHB1-69;g__unidentified_WCHB1-69;
Akkermansia,5,0,1,0,0,k__Bacteria;p__Verrucomicrobia;c__Verrucomicrobiae;o__Verrucomicrobiales;f__Verrucomicrobiaceae;g__Akkermansia;
Sphingobacterium,3,1,5,2,1,k__Bacteria;p__Bacteroidetes;c__Sphingobacteriia;o__Sphingobacteriales;f__Sphingobacteriaceae;g__Sphingobacterium;
Rubellimicrobium,2,3,5,0,2,k__Bacteria;p__Proteobacteria;c__Alphaproteobacteria;o__Rhodobacterales;f__Rhodobacteraceae;g__Rubellimicrobium;
Vibrio,1,4,1,5,3,k__Bacteria;p__Proteobacteria;c__Gammaproteobacteria;o__Vibrionales;f__Vibrionaceae;g__Vibrio;
Fusobacterium,0,5,4,1,4,k__Bacteria;p__Fusobacteria;c__Fusobacteriia;o__Fusobacteriales;f__Fusobacteriaceae;g__Fusobacterium;
unidentified_Family_XI,0,1,0,2,4,k__Bacteria;p__Firmicutes;c__Clostridia;o__Clostridiales;f__Family_XI;g__unidentified_Family_XI;
Tamlana,4,3,0,0,0,k__Bacteria;p__Bacteroidetes;c__Flavobacteriia;o__Flavobacteriales;f__Flavobacteriaceae;g__Tamlana;
Rheinheimera,1,4,1,2,0,k__Bacteria;p__Proteobacteria;c__Gammaproteobacteria;o__Chromatiales;f__Chromatiaceae;g__Rheinheimera;
Cloacibacterium,0,4,1,3,2,k__Bacteria;p__Bacteroidetes;c__Flavobacteriia;o__Flavobacteriales;f__Flavobacteriaceae;g__Cloacibacterium;
Thermoanaerobaculum,2,1,4,1,0,k__Bacteria;p__Acidobacteria;c__Holophagae;o__unidentified_Holophagae;f__unidentified_Holophagae;g__Thermoanaerobaculum;
unidentified_Cytophagaceae,2,1,3,4,2,k__Bacteria;p__Bacteroidetes;c__Cytophagia;o__Cytophagales;f__Cytophagaceae;g__unidentified_Cytophagaceae;
Luteolibacter,1,1,4,1,1,k__Bacteria;p__Verrucomicrobia;c__Verrucomicrobiae;o__Verrucomicrobiales;f__Verrucomicrobiaceae;g__Luteolibacter;
Acidaminococcus,1,3,4,2,2,k__Bacteria;p__Firmicutes;c__Negativicutes;o__Selenomonadales;f__Acidaminococcaceae;g__Acidaminococcus;
Shewanella,1,4,0,3,2,k__Bacteria;p__Proteobacteria;c__Gammaproteobacteria;o__Alteromonadales;f__Shewanellaceae;g__Shewanella;
Turneriella,0,0,0,4,0,k__Bacteria;p__Spirochaetes;c__unidentified_Spirochaetes;o__Spirochaetales;f__Leptospiraceae;g__Turneriella;
Azonexus,2,3,2,4,0,k__Bacteria;p__Proteobacteria;c__Betaproteobacteria;o__Rhodocyclales;f__Rhodocyclaceae;g__Azonexus;
Lacibacter,2,1,3,4,3,k__Bacteria;p__Bacteroidetes;c__Sphingobacteriia;o__Sphingobacteriales;f__Chitinophagaceae;g__Lacibacter;
Sporacetigenium,4,2,4,0,1,k__Bacteria;p__Firmicutes;c__Clostridia;o__Clostridiales;f__Peptostreptococcaceae;g__Sporacetigenium;
Blastopirellula,0,0,1,2,4,k__Bacteria;p__Planctomycetes;c__Planctomycetacia;o__Planctomycetales;f__Planctomycetaceae;g__Blastopirellula;
Pelagibius,0,0,4,0,0,k__Bacteria;p__Proteobacteria;c__Alphaproteobacteria;o__Rhodospirillales;f__Rhodospirillaceae;g__Pelagibius;
Jeongeupia,0,0,0,4,0,k__Bacteria;p__Proteobacteria;c__Betaproteobacteria;o__Neisseriales;f__Neisseriaceae;g__Jeongeupia;
Flectobacillus,0,4,0,4,0,k__Bacteria;p__Bacteroidetes;c__Cytophagia;o__Cytophagales;f__Cytophagaceae;g__Flectobacillus;
Singulisphaera,2,4,0,0,0,k__Bacteria;p__Planctomycetes;c__Planctomycetacia;o__Planctomycetales;f__Planctomycetaceae;g__Singulisphaera;
Methylocaldum,1,2,4,2,2,k__Bacteria;p__Proteobacteria;c__Gammaproteobacteria;o__Methylococcales;f__Methylococcaceae;g__Methylocaldum;
Helcococcus,0,0,0,0,4,k__Bacteria;p__Firmicutes;c__Clostridia;o__Clostridiales;f__Family_XI;g__Helcococcus;
Jatrophihabitans,1,1,1,0,4,k__Bacteria;p__Actinobacteria;c__unidentified_Actinobacteria;o__Frankiales;f__Frankiaceae;g__Jatrophihabitans;
Ruminococcaceae_UCG-002,3,2,2,4,1,k__Bacteria;p__Firmicutes;c__Clostridia;o__Clostridiales;f__Ruminococcaceae;g__Ruminococcaceae_UCG-002;
Atopobium,0,1,3,1,0,k__Bacteria;p__Actinobacteria;c__Coriobacteriia;o__Coriobacteriales;f__Coriobacteriaceae;g__Atopobium;
Oxalophagus,3,0,1,0,0,k__Bacteria;p__Firmicutes;c__Bacilli;o__Bacillales;f__Paenibacillaceae;g__Oxalophagus;
unidentified_Paenibacillaceae,3,1,0,0,0,k__Bacteria;p__Firmicutes;c__Bacilli;o__Bacillales;f__Paenibacillaceae;g__unidentified_Paenibacillaceae;
Zavarzinella,3,1,0,0,1,k__Bacteria;p__Planctomycetes;c__Planctomycetacia;o__Planctomycetales;f__Planctomycetaceae;g__Zavarzinella;
Desulfomicrobium,3,3,2,3,0,k__Bacteria;p__Proteobacteria;c__Deltaproteobacteria;o__Desulfovibrionales;f__Desulfomicrobiaceae;g__Desulfomicrobium;
Desulfitobacterium,1,2,3,2,2,k__Bacteria;p__Firmicutes;c__Clostridia;o__Clostridiales;f__Peptococcaceae;g__Desulfitobacterium;
Thermoflavimicrobium,0,1,3,1,1,k__Bacteria;p__Firmicutes;c__Bacilli;o__Bacillales;f__Thermoactinomycetaceae;g__Thermoflavimicrobium;
Verrucomicrobium,1,0,1,3,1,k__Bacteria;p__Verrucomicrobia;c__Verrucomicrobiae;o__Verrucomicrobiales;f__Verrucomicrobiaceae;g__Verrucomicrobium;
Rhizocola,1,0,1,3,0,k__Bacteria;p__Actinobacteria;c__unidentified_Actinobacteria;o__Micromonosporales;f__Micromonosporaceae;g__Rhizocola;
Candidatus_Arthromitus,0,2,3,0,1,k__Bacteria;p__Firmicutes;c__Clostridia;o__Clostridiales;f__Clostridiaceae_1;g__Candidatus_Arthromitus;
Blastochloris,0,0,1,3,0,k__Bacteria;p__Proteobacteria;c__Alphaproteobacteria;o__Rhizobiales;f__Hyphomicrobiaceae;g__Blastochloris;
Rhodopirellula,1,1,3,1,0,k__Bacteria;p__Planctomycetes;c__Planctomycetacia;o__Planctomycetales;f__Planctomycetaceae;g__Rhodopirellula;
vadinBC27_wastewater-sludge_group,3,0,0,1,0,k__Bacteria;p__Bacteroidetes;c__Bacteroidia;o__Bacteroidales;f__Rikenellaceae;g__vadinBC27_wastewater-sludge_group;
Stella,1,2,2,3,2,k__Bacteria;p__Proteobacteria;c__Alphaproteobacteria;o__Rhodospirillales;f__Acetobacteraceae;g__Stella;
Epulopiscium,2,0,3,0,2,k__Bacteria;p__Firmicutes;c__Clostridia;o__Clostridiales;f__Lachnospiraceae;g__Epulopiscium;
Sulfuricurvum,0,1,1,0,3,k__Bacteria;p__Proteobacteria;c__Epsilonproteobacteria;o__Campylobacterales;f__Helicobacteraceae;g__Sulfuricurvum;
Geoalkalibacter,2,1,1,2,3,k__Bacteria;p__Proteobacteria;c__Deltaproteobacteria;o__Desulfuromonadales;f__Geobacteraceae;g__Geoalkalibacter;
Candidatus_Methylacidiphilum,1,3,1,0,1,k__Bacteria;p__Verrucomicrobia;c__unidentified_Verrucomicrobia;o__unidentified_Verrucomicrobia;f__unidentified_Verrucomicrobia;g__Candidatus_Methylacidiphilum;
unidentified_ML635J-21,0,1,3,0,1,k__Bacteria;p__Cyanobacteria;c__ML635J-21;o__unidentified_ML635J-21;f__unidentified_ML635J-21;g__unidentified_ML635J-21;
unidentified_Sandaracinaceae,3,2,1,1,1,k__Bacteria;p__Proteobacteria;c__Deltaproteobacteria;o__Myxococcales;f__Sandaracinaceae;g__unidentified_Sandaracinaceae;
Clostridium_sensu_stricto_3,3,1,1,0,1,k__Bacteria;p__Firmicutes;c__Clostridia;o__Clostridiales;f__Clostridiaceae_1;g__Clostridium_sensu_stricto_3;
Luedemannella,1,3,3,2,0,k__Bacteria;p__Actinobacteria;c__unidentified_Actinobacteria;o__Micromonosporales;f__Micromonosporaceae;g__Luedemannella;
Methanosarcina,0,0,3,1,0,k__Archaea;p__Euryarchaeota;c__Methanomicrobia;o__Methanosarcinales;f__Methanosarcinaceae;g__Methanosarcina;
Anaerosporobacter,2,3,2,0,0,k__Bacteria;p__Firmicutes;c__Clostridia;o__Clostridiales;f__Lachnospiraceae;g__Anaerosporobacter;
unidentified_Xanthomonadaceae,1,0,0,1,3,k__Bacteria;p__Proteobacteria;c__Gammaproteobacteria;o__Xanthomonadales;f__Xanthomonadaceae;g__unidentified_Xanthomonadaceae;
Planomonospora,3,0,0,1,1,k__Bacteria;p__Actinobacteria;c__unidentified_Actinobacteria;o__Streptosporangiales;f__Streptosporangiaceae;g__Planomonospora;
Tahibacter,0,2,0,1,3,k__Bacteria;p__Proteobacteria;c__Gammaproteobacteria;o__Xanthomonadales;f__Xanthomonadaceae;g__Tahibacter;
Intestinibacter,2,0,0,1,3,k__Bacteria;p__Firmicutes;c__Clostridia;o__Clostridiales;f__Peptostreptococcaceae;g__Intestinibacter;
Parasegetibacter,0,2,3,0,1,k__Bacteria;p__Bacteroidetes;c__Sphingobacteriia;o__Sphingobacteriales;f__Chitinophagaceae;g__Parasegetibacter;
Limnobacter,2,3,2,0,0,k__Bacteria;p__Proteobacteria;c__Betaproteobacteria;o__Burkholderiales;f__Burkholderiaceae;g__Limnobacter;
Reichenbachiella,3,0,0,1,0,k__Bacteria;p__Bacteroidetes;c__Cytophagia;o__Cytophagales;f__Flammeovirgaceae;g__Reichenbachiella;
Acetobacter,0,0,0,3,0,k__Bacteria;p__Proteobacteria;c__Alphaproteobacteria;o__Rhodospirillales;f__Acetobacteraceae;g__Acetobacter;
Thermoactinomyces,2,2,3,1,0,k__Bacteria;p__Firmicutes;c__Bacilli;o__Bacillales;f__Thermoactinomycetaceae;g__Thermoactinomyces;
Acidiferrobacter,3,2,2,3,1,k__Bacteria;p__Proteobacteria;c__Gammaproteobacteria;o__Chromatiales;f__Ectothiorhodospiraceae;g__Acidiferrobacter;
Fluviicola,0,2,0,0,0,k__Bacteria;p__Bacteroidetes;c__Flavobacteriia;o__Flavobacteriales;f__Cryomorphaceae;g__Fluviicola;
Parvibaculum,0,0,1,2,1,k__Bacteria;p__Proteobacteria;c__Alphaproteobacteria;o__Rhizobiales;f__Rhodobiaceae;g__Parvibaculum;
Crocinitomix,2,0,2,2,1,k__Bacteria;p__Bacteroidetes;c__Flavobacteriia;o__Flavobacteriales;f__Cryomorphaceae;g__Crocinitomix;
Ferrovibrio,0,0,2,0,0,k__Bacteria;p__Proteobacteria;c__Alphaproteobacteria;o__Rhodospirillales;f__Rhodospirillaceae;g__Ferrovibrio;
Litorilinea,0,0,0,0,2,k__Bacteria;p__Chloroflexi;c__Caldilineae;o__Caldilineales;f__Caldilineaceae;g__Litorilinea;
Megasphaera,2,0,0,0,0,k__Bacteria;p__Firmicutes;c__Negativicutes;o__Selenomonadales;f__Veillonellaceae;g__Megasphaera;
Leptolyngbya,1,0,2,1,0,k__Bacteria;p__Cyanobacteria;c__unidentified_Cyanobacteria;o__SubsectionIII;f__FamilyI;g__Leptolyngbya;
Chryseobacterium,0,0,0,2,1,k__Bacteria;p__Bacteroidetes;c__Flavobacteriia;o__Flavobacteriales;f__Flavobacteriaceae;g__Chryseobacterium;
Candidatus_Competibacter,2,0,0,0,0,k__Bacteria;p__Proteobacteria;c__Gammaproteobacteria;o__Xanthomonadales;f__unidentified_Xanthomonadales;g__Candidatus_Competibacter;
Flindersiella,2,0,2,1,0,k__Bacteria;p__Actinobacteria;c__unidentified_Actinobacteria;o__Propionibacteriales;f__Nocardioidaceae;g__Flindersiella;
Pelosinus,1,2,1,0,0,k__Bacteria;p__Firmicutes;c__Negativicutes;o__Selenomonadales;f__Veillonellaceae;g__Pelosinus;
Levilinea,2,0,0,2,0,k__Bacteria;p__Chloroflexi;c__Anaerolineae;o__Anaerolineales;f__Anaerolineaceae;g__Levilinea;
unidentified_Saccharibacteria,0,0,0,0,2,k__Bacteria;p__Saccharibacteria;c__unidentified_Saccharibacteria;o__unidentified_Saccharibacteria;f__unidentified_Saccharibacteria;g__unidentified_Saccharibacteria;
Owenweeksia,1,0,2,0,0,k__Bacteria;p__Bacteroidetes;c__Flavobacteriia;o__Flavobacteriales;f__Cryomorphaceae;g__Owenweeksia;
Sandarakinorhabdus,1,2,1,0,0,k__Bacteria;p__Proteobacteria;c__Alphaproteobacteria;o__Sphingomonadales;f__Sphingomonadaceae;g__Sandarakinorhabdus;
Parapedobacter,1,0,2,0,0,k__Bacteria;p__Bacteroidetes;c__Sphingobacteriia;o__Sphingobacteriales;f__Sphingobacteriaceae;g__Parapedobacter;
Clostridium_sensu_stricto_16,0,2,1,0,1,k__Bacteria;p__Firmicutes;c__Clostridia;o__Clostridiales;f__Clostridiaceae_1;g__Clostridium_sensu_stricto_16;
Rubribacterium,1,0,0,2,0,k__Bacteria;p__Proteobacteria;c__Alphaproteobacteria;o__Rhodobacterales;f__Rhodobacteraceae;g__Rubribacterium;
unidentified_Microgenomates,0,0,0,2,0,k__Bacteria;p__Microgenomates;c__unidentified_Microgenomates;o__unidentified_Microgenomates;f__unidentified_Microgenomates;g__unidentified_Microgenomates;
unidentified_TM6,0,2,0,0,0,k__Bacteria;p__TM6;c__unidentified_TM6;o__unidentified_TM6;f__unidentified_TM6;g__unidentified_TM6;
Rhodovastum,0,0,0,2,0,k__Bacteria;p__Proteobacteria;c__Alphaproteobacteria;o__Rhodospirillales;f__Acetobacteraceae;g__Rhodovastum;
unidentified_Hydrogenedentes,1,0,0,2,2,k__Bacteria;p__Hydrogenedentes;c__unidentified_Hydrogenedentes;o__unidentified_Hydrogenedentes;f__unidentified_Hydrogenedentes;g__unidentified_Hydrogenedentes;
Thermopolyspora,0,1,2,0,0,k__Bacteria;p__Actinobacteria;c__unidentified_Actinobacteria;o__Streptosporangiales;f__Streptosporangiaceae;g__Thermopolyspora;
Phormidium,0,0,0,0,2,k__Bacteria;p__Cyanobacteria;c__unidentified_Cyanobacteria;o__SubsectionIII;f__FamilyI;g__Phormidium;
Rhodopseudomonas,1,1,2,2,0,k__Bacteria;p__Proteobacteria;c__Alphaproteobacteria;o__Rhizobiales;f__Bradyrhizobiaceae;g__Rhodopseudomonas;
Lachnospira,0,0,2,0,0,k__Bacteria;p__Firmicutes;c__Clostridia;o__Clostridiales;f__Lachnospiraceae;g__Lachnospira;
Planktothrix,0,0,1,2,2,k__Bacteria;p__Cyanobacteria;c__unidentified_Cyanobacteria;o__SubsectionIII;f__FamilyI;g__Planktothrix;
Ruminiclostridium_5,0,0,0,2,0,k__Bacteria;p__Firmicutes;c__Clostridia;o__Clostridiales;f__Ruminococcaceae;g__Ruminiclostridium_5;
Haloferula,0,0,2,1,0,k__Bacteria;p__Verrucomicrobia;c__Verrucomicrobiae;o__Verrucomicrobiales;f__Verrucomicrobiaceae;g__Haloferula;
unidentified_DA101_soil_group,0,1,2,1,0,k__Bacteria;p__Verrucomicrobia;c__Spartobacteria;o__Chthoniobacterales;f__DA101_soil_group;g__unidentified_DA101_soil_group;
Rikenellaceae_RC9_gut_group,1,0,2,0,0,k__Bacteria;p__Bacteroidetes;c__Bacteroidia;o__Bacteroidales;f__Rikenellaceae;g__Rikenellaceae_RC9_gut_group;
Leptospirillum,1,0,0,2,0,k__Bacteria;p__Nitrospirae;c__Nitrospira;o__Nitrospirales;f__Nitrospiraceae;g__Leptospirillum;
unidentified_DTB120,0,2,0,1,0,k__Bacteria;p__Proteobacteria;c__Deltaproteobacteria;o__DTB120;f__unidentified_DTB120;g__unidentified_DTB120;
Anaerosinus,1,0,2,1,1,k__Bacteria;p__Firmicutes;c__Negativicutes;o__Selenomonadales;f__Veillonellaceae;g__Anaerosinus;
Luteimonas,0,0,2,0,1,k__Bacteria;p__Proteobacteria;c__Gammaproteobacteria;o__Xanthomonadales;f__Xanthomonadaceae;g__Luteimonas;
Desulfovibrio,2,1,0,1,2,k__Bacteria;p__Proteobacteria;c__Deltaproteobacteria;o__Desulfovibrionales;f__Desulfovibrionaceae;g__Desulfovibrio;
Ruminiclostridium_9,2,0,0,0,0,k__Bacteria;p__Firmicutes;c__Clostridia;o__Clostridiales;f__Ruminococcaceae;g__Ruminiclostridium_9;
Dechloromonas,2,0,1,1,0,k__Bacteria;p__Proteobacteria;c__Betaproteobacteria;o__Rhodocyclales;f__Rhodocyclaceae;g__Dechloromonas;
Dialister,1,0,1,1,2,k__Bacteria;p__Firmicutes;c__Negativicutes;o__Selenomonadales;f__Veillonellaceae;g__Dialister;
Tyzzerella,2,0,0,0,1,k__Bacteria;p__Firmicutes;c__Clostridia;o__Clostridiales;f__Lachnospiraceae;g__Tyzzerella;
Propionivibrio,1,2,0,1,0,k__Bacteria;p__Proteobacteria;c__Betaproteobacteria;o__Rhodocyclales;f__Rhodocyclaceae;g__Propionivibrio;
unidentified_SC-I-84,2,0,1,2,1,k__Bacteria;p__Proteobacteria;c__Betaproteobacteria;o__SC-I-84;f__unidentified_SC-I-84;g__unidentified_SC-I-84;
Faecalibacterium,0,1,2,2,0,k__Bacteria;p__Firmicutes;c__Clostridia;o__Clostridiales;f__Ruminococcaceae;g__Faecalibacterium;
Lachnoclostridium_5,1,2,1,1,2,k__Bacteria;p__Firmicutes;c__Clostridia;o__Clostridiales;f__Lachnospiraceae;g__Lachnoclostridium_5;
Lachnospiraceae_UCG-010,0,0,2,1,0,k__Bacteria;p__Firmicutes;c__Clostridia;o__Clostridiales;f__Lachnospiraceae;g__Lachnospiraceae_UCG-010;
Microbispora,1,1,2,0,1,k__Bacteria;p__Actinobacteria;c__unidentified_Actinobacteria;o__Streptosporangiales;f__Streptosporangiaceae;g__Microbispora;
Erysipelotrichaceae_UCG-004,2,0,0,2,0,k__Bacteria;p__Firmicutes;c__Erysipelotrichia;o__Erysipelotrichales;f__Erysipelotrichaceae;g__Erysipelotrichaceae_UCG-004;
Caldithrix,0,0,0,2,0,k__Bacteria;p__Deferribacteres;c__unidentified_Deferribacteres;o__unidentified_Deferribacteres;f__unidentified_Deferribacteres;g__Caldithrix;
unidentified_Latescibacteria,2,0,1,0,1,k__Bacteria;p__Latescibacteria;c__unidentified_Latescibacteria;o__unidentified_Latescibacteria;f__unidentified_Latescibacteria;g__unidentified_Latescibacteria;
Hydrotalea,2,2,0,1,0,k__Bacteria;p__Bacteroidetes;c__Sphingobacteriia;o__Sphingobacteriales;f__Chitinophagaceae;g__Hydrotalea;
Campylobacter,1,1,0,1,2,k__Bacteria;p__Proteobacteria;c__Epsilonproteobacteria;o__Campylobacterales;f__Campylobacteraceae;g__Campylobacter;
unidentified_Planctomycetaceae,0,1,2,2,0,k__Bacteria;p__Planctomycetes;c__Planctomycetacia;o__Planctomycetales;f__Planctomycetaceae;g__unidentified_Planctomycetaceae;
Anaerotruncus,0,0,2,0,0,k__Bacteria;p__Firmicutes;c__Clostridia;o__Clostridiales;f__Ruminococcaceae;g__Anaerotruncus;
Geminicoccus,2,2,0,1,0,k__Bacteria;p__Proteobacteria;c__Alphaproteobacteria;o__Rhodospirillales;f__unidentified_Rhodospirillales;g__Geminicoccus;
unidentified_Mitochondria,0,0,1,2,0,k__Bacteria;p__Proteobacteria;c__Alphaproteobacteria;o__Rickettsiales;f__Mitochondria;g__unidentified_Mitochondria;
Symbiobacterium,0,2,0,2,0,k__Bacteria;p__Firmicutes;c__Clostridia;o__Clostridiales;f__Family_XVIII;g__Symbiobacterium;
Rummeliibacillus,1,2,1,1,2,k__Bacteria;p__Firmicutes;c__Bacilli;o__Bacillales;f__Planococcaceae;g__Rummeliibacillus;
unidentified_SK259,2,1,1,1,0,k__Bacteria;p__Proteobacteria;c__SK259;o__unidentified_SK259;f__unidentified_SK259;g__unidentified_SK259;
Ruminococcaceae_NK4A214_group,1,0,1,0,0,k__Bacteria;p__Firmicutes;c__Clostridia;o__Clostridiales;f__Ruminococcaceae;g__Ruminococcaceae_NK4A214_group;
Planifilum,1,1,1,0,0,k__Bacteria;p__Firmicutes;c__Bacilli;o__Bacillales;f__Thermoactinomycetaceae;g__Planifilum;
Pseudospirillum,1,1,0,0,0,k__Bacteria;p__Proteobacteria;c__Gammaproteobacteria;o__Oceanospirillales;f__Oceanospirillaceae;g__Pseudospirillum;
unidentified_OPB54,1,0,1,0,1,k__Bacteria;p__Firmicutes;c__OPB54;o__unidentified_OPB54;f__unidentified_OPB54;g__unidentified_OPB54;
Arenibacter,0,1,0,1,0,k__Bacteria;p__Bacteroidetes;c__Flavobacteriia;o__Flavobacteriales;f__Flavobacteriaceae;g__Arenibacter;
Granulosicoccus,1,1,0,1,0,k__Bacteria;p__Proteobacteria;c__Gammaproteobacteria;o__Chromatiales;f__Granulosicoccaceae;g__Granulosicoccus;
Coriobacteriaceae_UCG-003,1,0,0,1,0,k__Bacteria;p__Actinobacteria;c__Coriobacteriia;o__Coriobacteriales;f__Coriobacteriaceae;g__Coriobacteriaceae_UCG-003;
unidentified_Ruminococcaceae,1,1,1,0,0,k__Bacteria;p__Firmicutes;c__Clostridia;o__Clostridiales;f__Ruminococcaceae;g__unidentified_Ruminococcaceae;
unidentified_Moraxellaceae,0,1,1,0,0,k__Bacteria;p__Proteobacteria;c__Gammaproteobacteria;o__Pseudomonadales;f__Moraxellaceae;g__unidentified_Moraxellaceae;
Ruminococcaceae_UCG-010,0,0,1,1,1,k__Bacteria;p__Firmicutes;c__Clostridia;o__Clostridiales;f__Ruminococcaceae;g__Ruminococcaceae_UCG-010;
Collinsella,0,1,0,1,1,k__Bacteria;p__Actinobacteria;c__Coriobacteriia;o__Coriobacteriales;f__Coriobacteriaceae;g__Collinsella;
Alkalibacter,1,0,0,1,0,k__Bacteria;p__Firmicutes;c__Clostridia;o__Clostridiales;f__Eubacteriaceae;g__Alkalibacter;
Desulfococcus,1,0,1,1,1,k__Bacteria;p__Proteobacteria;c__Deltaproteobacteria;o__Desulfobacterales;f__Desulfobacteraceae;g__Desulfococcus;
Pseudofulvimonas,1,0,1,0,1,k__Bacteria;p__Proteobacteria;c__Gammaproteobacteria;o__Xanthomonadales;f__Xanthomonadaceae;g__Pseudofulvimonas;
Methanoregula,0,0,1,1,0,k__Archaea;p__Euryarchaeota;c__Methanomicrobia;o__Methanomicrobiales;f__Methanoregulaceae;g__Methanoregula;
unidentified_Oligoflexaceae,0,1,0,1,0,k__Bacteria;p__Proteobacteria;c__Deltaproteobacteria;o__Oligoflexales;f__Oligoflexaceae;g__unidentified_Oligoflexaceae;
Propionicicella,1,1,0,0,0,k__Bacteria;p__Actinobacteria;c__unidentified_Actinobacteria;o__Propionibacteriales;f__Propionibacteriaceae;g__Propionicicella;
Pir2_lineage,1,0,1,0,0,k__Bacteria;p__Planctomycetes;c__Planctomycetacia;o__Planctomycetales;f__Planctomycetaceae;g__Pir2_lineage;
Roseococcus,1,1,1,0,0,k__Bacteria;p__Proteobacteria;c__Alphaproteobacteria;o__Rhodospirillales;f__Acetobacteraceae;g__Roseococcus;
Sinosporangium,1,1,1,0,0,k__Bacteria;p__Actinobacteria;c__unidentified_Actinobacteria;o__Streptosporangiales;f__Streptosporangiaceae;g__Sinosporangium;
Others,12069,8543,27812,26720,16004,Others
