Taxonomy,Az,Jz,Sz,Tz,Xz,Tax_detail
Pseudomonas_psychrotolerans,337,4113,1009,9813,290,k__Bacteria;p__Proteobacteria;c__Gammaproteobacteria;o__Pseudomonadales;f__Pseudomonadaceae;g__Pseudomonas;s__Pseudomonas_psychrotolerans;
Citrobacter_freundii,74,1024,102,633,970,k__Bacteria;p__Proteobacteria;c__Gammaproteobacteria;o__Enterobacteriales;f__Enterobacteriaceae;g__Citrobacter;s__Citrobacter_freundii;
Escherichia_coli,667,52,928,34,34,k__Bacteria;p__Proteobacteria;c__Gammaproteobacteria;o__Enterobacteriales;f__Enterobacteriaceae;g__Escherichia-Shigella;s__Escherichia_coli;
Lactobacillus_acetotolerans,0,0,1,722,0,k__Bacteria;p__Firmicutes;c__Bacilli;o__Lactobacillales;f__Lactobacillaceae;g__Lactobacillus;s__Lactobacillus_acetotolerans;
Arcobacter_butzleri,1,300,1,276,708,k__Bacteria;p__Proteobacteria;c__Epsilonproteobacteria;o__Campylobacterales;f__Campylobacteraceae;g__Arcobacter;s__Arcobacter_butzleri;
Lysinibacillus_xylanilyticus,140,65,644,300,57,k__Bacteria;p__Firmicutes;c__Bacilli;o__Bacillales;f__Planococcaceae;g__Lysinibacillus;s__Lysinibacillus_xylanilyticus;
Vagococcus_fluvialis,6,587,2,125,220,k__Bacteria;p__Firmicutes;c__Bacilli;o__Lactobacillales;f__Enterococcaceae;g__Vagococcus;s__Vagococcus_fluvialis;
Pseudomonas_viridiflava,368,575,41,575,24,k__Bacteria;p__Proteobacteria;c__Gammaproteobacteria;o__Pseudomonadales;f__Pseudomonadaceae;g__Pseudomonas;s__Pseudomonas_viridiflava;
Pseudomonas_aeruginosa,63,328,33,550,222,k__Bacteria;p__Proteobacteria;c__Gammaproteobacteria;o__Pseudomonadales;f__Moraxellaceae;g__Acinetobacter;s__Pseudomonas_aeruginosa;
Erysipelothrix_rhusiopathiae,0,12,0,232,500,k__Bacteria;p__Firmicutes;c__Erysipelotrichia;o__Erysipelotrichales;f__Erysipelotrichaceae;g__Erysipelothrix;s__Erysipelothrix_rhusiopathiae;
Bacteroides_fragilis,378,50,13,1,1,k__Bacteria;p__Bacteroidetes;c__Bacteroidia;o__Bacteroidales;f__Bacteroidaceae;g__Bacteroides;s__Bacteroides_fragilis;
Lactococcus_lactis,11,3,364,0,2,k__Bacteria;p__Firmicutes;c__Bacilli;o__Lactobacillales;f__Streptococcaceae;g__Lactococcus;s__Lactococcus_lactis;
Clostridium_celatum,75,290,198,191,278,k__Bacteria;p__Firmicutes;c__Clostridia;o__Clostridiales;f__Clostridiaceae_1;g__Clostridium_sensu_stricto_1;s__Clostridium_celatum;
Arthrobacter_oxydans,78,120,235,86,166,k__Bacteria;p__Actinobacteria;c__unidentified_Actinobacteria;o__Micrococcales;f__Micrococcaceae;g__Arthrobacter;s__Arthrobacter_oxydans;
Acidovorax_defluvii,21,119,21,220,63,k__Bacteria;p__Proteobacteria;c__Betaproteobacteria;o__Burkholderiales;f__Comamonadaceae;g__Acidovorax;s__Acidovorax_defluvii;
Cupriavidus_basilensis,15,8,5,181,3,k__Bacteria;p__Proteobacteria;c__Betaproteobacteria;o__Burkholderiales;f__Burkholderiaceae;g__Cupriavidus;s__Cupriavidus_basilensis;
Acholeplasma_parvum,1,35,0,88,176,k__Bacteria;p__Tenericutes;c__Mollicutes;o__Acholeplasmatales;f__Acholeplasmataceae;g__Acholeplasma;s__Acholeplasma_parvum;
Clostridium_beijerinckii,43,42,163,25,22,k__Bacteria;p__Firmicutes;c__Clostridia;o__Clostridiales;f__Clostridiaceae_1;g__Clostridium_sensu_stricto_1;s__Clostridium_beijerinckii;
Acinetobacter_baumannii,8,20,129,30,162,k__Bacteria;p__Proteobacteria;c__Gammaproteobacteria;o__Pseudomonadales;f__Moraxellaceae;g__Acinetobacter;s__Acinetobacter_baumannii;
Acinetobacter_bohemicus,12,8,12,24,159,k__Bacteria;p__Proteobacteria;c__Gammaproteobacteria;o__Pseudomonadales;f__Moraxellaceae;g__Acinetobacter;s__Acinetobacter_bohemicus;
Sphingomonas_jaspsi,40,82,52,158,118,k__Bacteria;p__Proteobacteria;c__Alphaproteobacteria;o__Sphingomonadales;f__Sphingomonadaceae;g__Sphingomonas;s__Sphingomonas_jaspsi;
Clostridium_hydrogeniformans,1,55,0,131,145,k__Bacteria;p__Firmicutes;c__Clostridia;o__Clostridiales;f__Clostridiaceae_1;g__Clostridium_sensu_stricto_2;s__Clostridium_hydrogeniformans;
Actinokineospora_fastidiosa,9,27,131,19,59,k__Bacteria;p__Actinobacteria;c__unidentified_Actinobacteria;o__Pseudonocardiales;f__Pseudonocardiaceae;g__Actinokineospora;s__Actinokineospora_fastidiosa;
Gaiella_sp._EBR4-R2,18,17,8,41,114,k__Bacteria;p__Actinobacteria;c__Thermoleophilia;o__Gaiellales;f__unidentified_Gaiellales;g__unidentified_Gaiellales;s__Gaiella_sp._EBR4-R2;
Bacteroides_pyogenes,0,111,0,37,31,k__Bacteria;p__Bacteroidetes;c__Bacteroidia;o__Bacteroidales;f__Bacteroidaceae;g__Bacteroides;s__Bacteroides_pyogenes;
Coprococcus_sp._HPP0074,95,0,0,0,0,k__Bacteria;p__Firmicutes;c__Clostridia;o__Clostridiales;f__Lachnospiraceae;g__unidentified_Lachnospiraceae;s__Coprococcus_sp._HPP0074;
Bradyrhizobium_elkanii,48,40,56,85,94,k__Bacteria;p__Proteobacteria;c__Alphaproteobacteria;o__Rhizobiales;f__Bradyrhizobiaceae;g__Bradyrhizobium;s__Bradyrhizobium_elkanii;
bacterium_WX65,18,2,11,85,20,k__Bacteria;p__Nitrospirae;c__Nitrospira;o__Nitrospirales;f__0319-6A21;g__unidentified_0319-6A21;s__bacterium_WX65;
Sphingopyxis_alaskensis,30,31,45,84,33,k__Bacteria;p__Proteobacteria;c__Alphaproteobacteria;o__Sphingomonadales;f__Sphingomonadaceae;g__Sphingopyxis;s__Sphingopyxis_alaskensis;
Bacteroides_ovatus,68,2,0,1,0,k__Bacteria;p__Bacteroidetes;c__Bacteroidia;o__Bacteroidales;f__Bacteroidaceae;g__Bacteroides;s__Bacteroides_ovatus;
Myxococcales_bacterium_enrichment_culture_clone_11380,11,3,5,64,28,k__Bacteria;p__Proteobacteria;c__Deltaproteobacteria;o__Syntrophobacterales;f__Syntrophaceae;g__unidentified_Syntrophaceae;s__Myxococcales_bacterium_enrichment_culture_clone_11380;
Nitrospira_sp._enrichment_culture_clone_80,56,15,5,17,3,k__Bacteria;p__Nitrospirae;c__Nitrospira;o__Nitrospirales;f__Nitrospiraceae;g__unidentified_Nitrospiraceae;s__Nitrospira_sp._enrichment_culture_clone_80;
Planctomycetaceae_bacterium_LX124,13,22,55,12,47,k__Bacteria;p__Planctomycetes;c__Planctomycetacia;o__Planctomycetales;f__Planctomycetaceae;g__Pir4_lineage;s__Planctomycetaceae_bacterium_LX124;
Acidobacteria_bacterium_WWH4,29,30,37,52,15,k__Bacteria;p__Acidobacteria;c__unidentified_Acidobacteria;o__Subgroup_6;f__unidentified_Acidobacteria;g__unidentified_Acidobacteria;s__Acidobacteria_bacterium_WWH4;
Bacteroides_uniformis,50,1,0,1,0,k__Bacteria;p__Bacteroidetes;c__Bacteroidia;o__Bacteroidales;f__Bacteroidaceae;g__Bacteroides;s__Bacteroides_uniformis;
[Clostridium]_mangenotii,1,13,1,19,44,k__Bacteria;p__Firmicutes;c__Clostridia;o__Clostridiales;f__Peptostreptococcaceae;g__Peptoclostridium;s__[Clostridium]_mangenotii;
bacterium_Ellin6067,19,18,24,41,23,k__Bacteria;p__Proteobacteria;c__Betaproteobacteria;o__Nitrosomonadales;f__Nitrosomonadaceae;g__unidentified_Nitrosomonadaceae;s__bacterium_Ellin6067;
delta_proteobacterium_enrichment_culture_clone_AP-FeEnrich12,14,20,39,9,10,k__Bacteria;p__Proteobacteria;c__Deltaproteobacteria;o__Desulfobacterales;f__Desulfobacteraceae;g__Sva0081_sediment_group;s__delta_proteobacterium_enrichment_culture_clone_AP-FeEnrich12;
Peptostreptococcus_russellii,38,6,0,1,20,k__Bacteria;p__Firmicutes;c__Clostridia;o__Clostridiales;f__Peptostreptococcaceae;g__Peptostreptococcus;s__Peptostreptococcus_russellii;
Lactococcus_garvieae,0,0,35,0,0,k__Bacteria;p__Firmicutes;c__Bacilli;o__Lactobacillales;f__Streptococcaceae;g__Lactococcus;s__Lactococcus_garvieae;
Gemmata_sp._Wa1-6,0,3,0,0,35,k__Bacteria;p__Planctomycetes;c__Planctomycetacia;o__Planctomycetales;f__Planctomycetaceae;g__Gemmata;s__Gemmata_sp._Wa1-6;
Steroidobacter_sp._WWH78,20,35,33,30,20,k__Bacteria;p__Proteobacteria;c__Gammaproteobacteria;o__Xanthomonadales;f__unidentified_Xanthomonadales;g__unidentified_Xanthomonadales;s__Steroidobacter_sp._WWH78;
Isoptericola_variabilis,0,3,34,4,0,k__Bacteria;p__Actinobacteria;c__unidentified_Actinobacteria;o__Micrococcales;f__Promicromonosporaceae;g__Isoptericola;s__Isoptericola_variabilis;
Clostridium_sp._CL-2,2,23,32,0,8,k__Bacteria;p__Firmicutes;c__Clostridia;o__Clostridiales;f__Clostridiaceae_1;g__Clostridium_sensu_stricto_1;s__Clostridium_sp._CL-2;
Methylobacterium_komagatae,2,2,16,8,31,k__Bacteria;p__Proteobacteria;c__Alphaproteobacteria;o__Rhizobiales;f__Methylobacteriaceae;g__Methylobacterium;s__Methylobacterium_komagatae;
Pseudoxanthomonas_mexicana,7,31,18,23,7,k__Bacteria;p__Proteobacteria;c__Gammaproteobacteria;o__Xanthomonadales;f__Xanthomonadaceae;g__Pseudoxanthomonas;s__Pseudoxanthomonas_mexicana;
Acinetobacter_calcoaceticus,0,5,11,12,30,k__Bacteria;p__Proteobacteria;c__Gammaproteobacteria;o__Pseudomonadales;f__Moraxellaceae;g__Acinetobacter;s__Acinetobacter_calcoaceticus;
Solitalea_canadensis,5,1,5,29,27,k__Bacteria;p__Bacteroidetes;c__Sphingobacteriia;o__Sphingobacteriales;f__Sphingobacteriaceae;g__Solitalea;s__Solitalea_canadensis;
[Ruminococcus]_gnavus,28,0,1,0,0,k__Bacteria;p__Firmicutes;c__Clostridia;o__Clostridiales;f__Lachnospiraceae;g__Lachnoclostridium;s__[Ruminococcus]_gnavus;
Geobacter_sp._M18,14,25,21,24,28,k__Bacteria;p__Proteobacteria;c__Deltaproteobacteria;o__Desulfuromonadales;f__Geobacteraceae;g__Geobacter;s__Geobacter_sp._M18;
bacterium_enrichment_culture_clone_DPF35,17,11,27,9,8,k__Bacteria;p__Firmicutes;c__Clostridia;o__Clostridiales;f__Christensenellaceae;g__Christensenellaceae_R-7_group;s__bacterium_enrichment_culture_clone_DPF35;
Myroides_sp._A21,0,22,0,14,26,k__Bacteria;p__Bacteroidetes;c__Flavobacteriia;o__Flavobacteriales;f__Flavobacteriaceae;g__Myroides;s__Myroides_sp._A21;
Roseomonas_lacus,11,3,5,23,2,k__Bacteria;p__Proteobacteria;c__Alphaproteobacteria;o__Rhodospirillales;f__Acetobacteraceae;g__Roseomonas;s__Roseomonas_lacus;
Flavobacterium_columnare,0,0,0,23,2,k__Bacteria;p__Bacteroidetes;c__Flavobacteriia;o__Flavobacteriales;f__Flavobacteriaceae;g__Flavobacterium;s__Flavobacterium_columnare;
bacterium_enrichment_culture_clone_SRAO_28,1,1,1,22,1,k__Bacteria;p__Proteobacteria;c__Alphaproteobacteria;o__DB1-14;f__unidentified_DB1-14;g__unidentified_DB1-14;s__bacterium_enrichment_culture_clone_SRAO_28;
Clostridium_perfringens,4,20,5,0,1,k__Bacteria;p__Firmicutes;c__Clostridia;o__Clostridiales;f__Clostridiaceae_1;g__Clostridium_sensu_stricto_1;s__Clostridium_perfringens;
Agromyces_ulmi,10,5,10,2,19,k__Bacteria;p__Actinobacteria;c__unidentified_Actinobacteria;o__Micrococcales;f__Microbacteriaceae;g__Agromyces;s__Agromyces_ulmi;
delta_proteobacterium_WX81,15,13,10,15,18,k__Bacteria;p__Proteobacteria;c__Deltaproteobacteria;o__GR-WP33-30;f__unidentified_GR-WP33-30;g__unidentified_GR-WP33-30;s__delta_proteobacterium_WX81;
Candidatus_Halomonas_phosphatis,0,0,0,18,0,k__Bacteria;p__Proteobacteria;c__Gammaproteobacteria;o__Oceanospirillales;f__Halomonadaceae;g__Halomonas;s__Candidatus_Halomonas_phosphatis;
Acidobacteria_bacterium_WX22,8,4,8,6,17,k__Bacteria;p__Acidobacteria;c__unidentified_Acidobacteria;o__Subgroup_6;f__unidentified_Acidobacteria;g__unidentified_Acidobacteria;s__Acidobacteria_bacterium_WX22;
Bacteriovorax_sp._EPC3,4,1,6,17,3,k__Bacteria;p__Proteobacteria;c__Deltaproteobacteria;o__Bdellovibrionales;f__Bacteriovoracaceae;g__Peredibacter;s__Bacteriovorax_sp._EPC3;
Legionella_sp.,2,0,4,10,17,k__Bacteria;p__Proteobacteria;c__Gammaproteobacteria;o__Legionellales;f__Legionellaceae;g__Legionella;s__Legionella_sp.;
Glycomyces_harbinensis,0,0,16,0,1,k__Bacteria;p__Actinobacteria;c__unidentified_Actinobacteria;o__Glycomycetales;f__Glycomycetaceae;g__Glycomyces;s__Glycomyces_harbinensis;
Gemmatimonadetes_bacterium_LX87,13,15,13,9,14,k__Bacteria;p__Gemmatimonadetes;c__unidentified_Gemmatimonadetes;o__Gemmatimonadales;f__Gemmatimonadaceae;g__unidentified_Gemmatimonadetes;s__Gemmatimonadetes_bacterium_LX87;
Aciditerrimonas_ferrireducens,8,6,15,13,4,k__Bacteria;p__Actinobacteria;c__Acidimicrobiia;o__Acidimicrobiales;f__unidentified_Acidimicrobiales;g__Aciditerrimonas;s__Aciditerrimonas_ferrireducens;
Rhodococcus_maanshanensis,15,1,14,5,2,k__Bacteria;p__Actinobacteria;c__unidentified_Actinobacteria;o__Corynebacteriales;f__Nocardiaceae;g__Rhodococcus;s__Rhodococcus_maanshanensis;
Acholeplasma_palmae,0,14,0,0,0,k__Bacteria;p__Tenericutes;c__Mollicutes;o__Acholeplasmatales;f__Acholeplasmataceae;g__Acholeplasma;s__Acholeplasma_palmae;
Lysobacter_sp._S-100,4,7,9,2,14,k__Bacteria;p__Proteobacteria;c__Gammaproteobacteria;o__Xanthomonadales;f__Xanthomonadaceae;g__Lysobacter;s__Lysobacter_sp._S-100;
Sphingomonas_paucimobilis,12,5,14,6,4,k__Bacteria;p__Proteobacteria;c__Alphaproteobacteria;o__Sphingomonadales;f__Sphingomonadaceae;g__Sphingomonas;s__Sphingomonas_paucimobilis;
alpha_proteobacterium_BAC29,3,7,7,3,13,k__Bacteria;p__Proteobacteria;c__Betaproteobacteria;o__Nitrosomonadales;f__Nitrosomonadaceae;g__unidentified_Nitrosomonadaceae;s__alpha_proteobacterium_BAC29;
[Clostridium]_termitidis,10,4,13,3,5,k__Bacteria;p__Firmicutes;c__Clostridia;o__Clostridiales;f__Ruminococcaceae;g__Ruminiclostridium_1;s__[Clostridium]_termitidis;
Erysipelatoclostridium_ramosum,12,0,3,0,1,k__Bacteria;p__Firmicutes;c__Erysipelotrichia;o__Erysipelotrichales;f__Erysipelotrichaceae;g__Erysipelatoclostridium;s__Erysipelatoclostridium_ramosum;
Brevundimonas_diminuta,4,0,2,12,3,k__Bacteria;p__Proteobacteria;c__Alphaproteobacteria;o__Caulobacterales;f__Caulobacteraceae;g__Brevundimonas;s__Brevundimonas_diminuta;
Nitrospira_japonica,11,7,12,8,5,k__Bacteria;p__Nitrospirae;c__Nitrospira;o__Nitrospirales;f__Nitrospiraceae;g__unidentified_Nitrospiraceae;s__Nitrospira_japonica;
Legionella-like_amoebal_pathogen_HT99,1,0,3,12,10,k__Bacteria;p__Proteobacteria;c__Gammaproteobacteria;o__NKB5;f__unidentified_NKB5;g__unidentified_NKB5;s__Legionella-like_amoebal_pathogen_HT99;
Methylobacter_whittenburyi,6,10,11,5,5,k__Bacteria;p__Proteobacteria;c__Gammaproteobacteria;o__Methylococcales;f__Methylococcaceae;g__Methylobacter;s__Methylobacter_whittenburyi;
Paenibacillus_castaneae,11,5,6,9,2,k__Bacteria;p__Firmicutes;c__Bacilli;o__Bacillales;f__Paenibacillaceae;g__Paenibacillus;s__Paenibacillus_castaneae;
bacterium_enrichment_culture_clone_B30.2011.,7,7,4,10,3,k__Bacteria;p__Proteobacteria;c__Deltaproteobacteria;o__GR-WP33-30;f__unidentified_GR-WP33-30;g__unidentified_GR-WP33-30;s__bacterium_enrichment_culture_clone_B30.2011.;
Promicromonospora_umidemergens,2,1,9,1,0,k__Bacteria;p__Actinobacteria;c__unidentified_Actinobacteria;o__Micrococcales;f__Promicromonosporaceae;g__Promicromonospora;s__Promicromonospora_umidemergens;
planctomycete_A-2,0,0,0,9,4,k__Bacteria;p__Planctomycetes;c__OM190;o__unidentified_OM190;f__unidentified_OM190;g__unidentified_OM190;s__planctomycete_A-2;
Gemmata_sp._Ha1-4,9,1,0,2,1,k__Bacteria;p__Planctomycetes;c__Planctomycetacia;o__Planctomycetales;f__Planctomycetaceae;g__Gemmata;s__Gemmata_sp._Ha1-4;
Saccharofermentans_acetigenes,2,0,9,0,1,k__Bacteria;p__Firmicutes;c__Clostridia;o__Clostridiales;f__Ruminococcaceae;g__Saccharofermentans;s__Saccharofermentans_acetigenes;
Bdellovibrio_bacteriovorus,1,0,0,9,0,k__Bacteria;p__Proteobacteria;c__Deltaproteobacteria;o__Bdellovibrionales;f__Bdellovibrionaceae;g__Bdellovibrio;s__Bdellovibrio_bacteriovorus;
Acetivibrio_cellulolyticus,9,2,8,2,2,k__Bacteria;p__Firmicutes;c__Clostridia;o__Clostridiales;f__Ruminococcaceae;g__Acetivibrio;s__Acetivibrio_cellulolyticus;
proteobacterium_symbiont_of_Nilaparvata_lugens,7,8,0,1,1,k__Bacteria;p__Bacteroidetes;c__Sphingobacteriia;o__Sphingobacteriales;f__Sphingobacteriaceae;g__Mucilaginibacter;s__proteobacterium_symbiont_of_Nilaparvata_lugens;
Stenotrophomonas_ginsengisoli,0,0,8,0,0,k__Bacteria;p__Proteobacteria;c__Gammaproteobacteria;o__Xanthomonadales;f__Xanthomonadaceae;g__Stenotrophomonas;s__Stenotrophomonas_ginsengisoli;
Aeromonas_hydrophila,1,6,2,8,7,k__Bacteria;p__Proteobacteria;c__Gammaproteobacteria;o__Aeromonadales;f__Aeromonadaceae;g__Aeromonas;s__Aeromonas_hydrophila;
Achromobacter_xylosoxidans,2,2,6,6,8,k__Bacteria;p__Proteobacteria;c__Betaproteobacteria;o__Burkholderiales;f__Alcaligenaceae;g__Bordetella;s__Achromobacter_xylosoxidans;
Nocardia_uniformis,0,0,8,1,0,k__Bacteria;p__Actinobacteria;c__unidentified_Actinobacteria;o__Corynebacteriales;f__Nocardiaceae;g__Nocardia;s__Nocardia_uniformis;
iron-reducing_bacterium_enrichment_culture_clone_FEA_2_A6,3,4,8,3,2,k__Bacteria;p__Firmicutes;c__Clostridia;o__Clostridiales;f__Ruminococcaceae;g__Fastidiosipila;s__iron-reducing_bacterium_enrichment_culture_clone_FEA_2_A6;
Microbacterium_esteraromaticum,3,1,8,0,5,k__Bacteria;p__Actinobacteria;c__unidentified_Actinobacteria;o__Micrococcales;f__Microbacteriaceae;g__Microbacterium;s__Microbacterium_esteraromaticum;
Paenibacillus_pectinilyticus,4,0,1,7,0,k__Bacteria;p__Firmicutes;c__Bacilli;o__Bacillales;f__Paenibacillaceae;g__Paenibacillus;s__Paenibacillus_pectinilyticus;
denitrifying_bacterium_enrichment_culture_clone_NOB_2_B7,2,1,7,1,0,k__Bacteria;p__Chloroflexi;c__Anaerolineae;o__Anaerolineales;f__Anaerolineaceae;g__unidentified_Anaerolineaceae;s__denitrifying_bacterium_enrichment_culture_clone_NOB_2_B7;
Devosia_riboflavina,3,1,6,7,1,k__Bacteria;p__Proteobacteria;c__Alphaproteobacteria;o__Rhizobiales;f__Hyphomicrobiaceae;g__Devosia;s__Devosia_riboflavina;
Bdellovibrio_sp._ETB,0,0,0,7,0,k__Bacteria;p__Proteobacteria;c__Deltaproteobacteria;o__Bdellovibrionales;f__Bdellovibrionaceae;g__Bdellovibrio;s__Bdellovibrio_sp._ETB;
Bacillus_psychrosaccharolyticus,1,1,6,3,1,k__Bacteria;p__Firmicutes;c__Bacilli;o__Bacillales;f__Bacillaceae;g__Bacillus;s__Bacillus_psychrosaccharolyticus;
Paenibacillus_taiwanensis,0,0,6,1,0,k__Bacteria;p__Firmicutes;c__Bacilli;o__Bacillales;f__Paenibacillaceae;g__Paenibacillus;s__Paenibacillus_taiwanensis;
Paraeggerthella_hongkongensis,6,0,0,0,0,k__Bacteria;p__Actinobacteria;c__Coriobacteriia;o__Coriobacteriales;f__Coriobacteriaceae;g__Paraeggerthella;s__Paraeggerthella_hongkongensis;
Nitrospira_sp.,6,2,6,2,3,k__Bacteria;p__Nitrospirae;c__Nitrospira;o__Nitrospirales;f__Nitrospiraceae;g__unidentified_Nitrospiraceae;s__Nitrospira_sp.;
Methylobacterium_radiotolerans,1,3,1,6,2,k__Bacteria;p__Proteobacteria;c__Alphaproteobacteria;o__Rhizobiales;f__Methylobacteriaceae;g__Methylobacterium;s__Methylobacterium_radiotolerans;
Longispora_sp._Zs32,0,0,0,1,6,k__Bacteria;p__Actinobacteria;c__unidentified_Actinobacteria;o__Micromonosporales;f__Micromonosporaceae;g__Longispora;s__Longispora_sp._Zs32;
Nitrospira_sp._Ecomares_2.1,2,0,6,0,0,k__Bacteria;p__Nitrospirae;c__Nitrospira;o__Nitrospirales;f__Nitrospiraceae;g__unidentified_Nitrospiraceae;s__Nitrospira_sp._Ecomares_2.1;
bacterium_Ellin7505,0,0,0,6,0,k__Bacteria;p__Acidobacteria;c__unidentified_Acidobacteria;o__Subgroup_2;f__unidentified_Acidobacteria;g__unidentified_Acidobacteria;s__bacterium_Ellin7505;
Bacteroides_thetaiotaomicron,6,0,0,0,0,k__Bacteria;p__Bacteroidetes;c__Bacteroidia;o__Bacteroidales;f__Bacteroidaceae;g__Bacteroides;s__Bacteroides_thetaiotaomicron;
Nannocystis_pusilla,5,3,2,2,4,k__Bacteria;p__Proteobacteria;c__Deltaproteobacteria;o__Myxococcales;f__Nannocystaceae;g__Nannocystis;s__Nannocystis_pusilla;
Clostridium_sp._SW002,0,2,5,0,1,k__Bacteria;p__Firmicutes;c__Clostridia;o__Clostridiales;f__Clostridiaceae_1;g__unidentified_Clostridiaceae_1;s__Clostridium_sp._SW002;
Nocardia_cummidelens,2,2,3,5,3,k__Bacteria;p__Actinobacteria;c__unidentified_Actinobacteria;o__Corynebacteriales;f__Nocardiaceae;g__Nocardia;s__Nocardia_cummidelens;
Roseomonas_cervicalis,1,4,1,5,0,k__Bacteria;p__Proteobacteria;c__Alphaproteobacteria;o__Rhodospirillales;f__Acetobacteraceae;g__Roseomonas;s__Roseomonas_cervicalis;
beta_proteobacterium_DC2b-18,0,1,0,2,5,k__Bacteria;p__Proteobacteria;c__Betaproteobacteria;o__Nitrosomonadales;f__Nitrosomonadaceae;g__unidentified_Nitrosomonadaceae;s__beta_proteobacterium_DC2b-18;
Clostridium_sp._ND2,0,0,5,0,0,k__Bacteria;p__Firmicutes;c__Clostridia;o__Clostridiales;f__Clostridiaceae_1;g__Clostridium_sensu_stricto_1;s__Clostridium_sp._ND2;
Lactobacillus_animalis,0,5,1,0,3,k__Bacteria;p__Firmicutes;c__Bacilli;o__Lactobacillales;f__Lactobacillaceae;g__Lactobacillus;s__Lactobacillus_animalis;
Fusobacterium_nucleatum,0,5,4,1,4,k__Bacteria;p__Fusobacteria;c__Fusobacteriia;o__Fusobacteriales;f__Fusobacteriaceae;g__Fusobacterium;s__Fusobacterium_nucleatum;
Inquilinus_limosus,0,0,5,0,0,k__Bacteria;p__Proteobacteria;c__Alphaproteobacteria;o__Rhodospirillales;f__Rhodospirillaceae;g__Inquilinus;s__Inquilinus_limosus;
anaerobic_bacterium_MO-CFX2,4,1,3,4,2,k__Bacteria;p__Chloroflexi;c__Anaerolineae;o__Anaerolineales;f__Anaerolineaceae;g__unidentified_Anaerolineaceae;s__anaerobic_bacterium_MO-CFX2;
Helicobacter_canis,4,0,0,0,0,k__Bacteria;p__Proteobacteria;c__Epsilonproteobacteria;o__Campylobacterales;f__Helicobacteraceae;g__Helicobacter;s__Helicobacter_canis;
uncultivated_soil_bacterium_clone_S125,4,3,4,4,2,k__Bacteria;p__Acidobacteria;c__unidentified_Acidobacteria;o__Subgroup_6;f__unidentified_Acidobacteria;g__unidentified_Acidobacteria;s__uncultivated_soil_bacterium_clone_S125;
Helcococcus_sueciensis,0,0,0,0,4,k__Bacteria;p__Firmicutes;c__Clostridia;o__Clostridiales;f__Family_XI;g__Helcococcus;s__Helcococcus_sueciensis;
Planctomyces_sp.,0,1,4,0,2,k__Bacteria;p__Planctomycetes;c__Planctomycetacia;o__Planctomycetales;f__Planctomycetaceae;g__Planctomyces;s__Planctomyces_sp.;
[Clostridium]_hiranonis,0,4,0,0,0,k__Bacteria;p__Firmicutes;c__Clostridia;o__Clostridiales;f__Peptostreptococcaceae;g__Peptoclostridium;s__[Clostridium]_hiranonis;
Caulobacter_fusiformis,0,4,2,3,1,k__Bacteria;p__Proteobacteria;c__Alphaproteobacteria;o__Caulobacterales;f__Caulobacteraceae;g__Caulobacter;s__Caulobacter_fusiformis;
Pontibacter_populi,4,1,4,0,0,k__Bacteria;p__Bacteroidetes;c__Cytophagia;o__Cytophagales;f__Cytophagaceae;g__Pontibacter;s__Pontibacter_populi;
Clostridiales_bacterium_FK041,0,1,0,2,4,k__Bacteria;p__Firmicutes;c__Clostridia;o__Clostridiales;f__Family_XI;g__unidentified_Family_XI;s__Clostridiales_bacterium_FK041;
Shewanella_algae,1,4,0,3,2,k__Bacteria;p__Proteobacteria;c__Gammaproteobacteria;o__Alteromonadales;f__Shewanellaceae;g__Shewanella;s__Shewanella_algae;
Sphingobacterium_mizutaii,0,0,4,0,0,k__Bacteria;p__Bacteroidetes;c__Sphingobacteriia;o__Sphingobacteriales;f__Sphingobacteriaceae;g__Sphingobacterium;s__Sphingobacterium_mizutaii;
Bacteroidetes_bacterium_ArSB,2,1,2,4,1,k__Bacteria;p__Bacteroidetes;c__Cytophagia;o__Cytophagales;f__Cytophagaceae;g__unidentified_Cytophagaceae;s__Bacteroidetes_bacterium_ArSB;
Terrimonas_sp._16-45A,0,1,3,0,0,k__Bacteria;p__Bacteroidetes;c__Sphingobacteriia;o__Sphingobacteriales;f__Chitinophagaceae;g__Chitinophaga;s__Terrimonas_sp._16-45A;
Gemmatimonas_sp._enrichment_culture_clone_AOCRB-EC-6,3,0,0,2,1,k__Bacteria;p__Gemmatimonadetes;c__unidentified_Gemmatimonadetes;o__Gemmatimonadales;f__Gemmatimonadaceae;g__Gemmatimonas;s__Gemmatimonas_sp._enrichment_culture_clone_AOCRB-EC-6;
Clostridium_sp._6-69,2,0,0,1,3,k__Bacteria;p__Firmicutes;c__Clostridia;o__Clostridiales;f__Peptostreptococcaceae;g__Intestinibacter;s__Clostridium_sp._6-69;
Bacillus_gibsonii,1,1,2,0,3,k__Bacteria;p__Firmicutes;c__Bacilli;o__Bacillales;f__Bacillaceae;g__Bacillus;s__Bacillus_gibsonii;
Acetobacter_pasteurianus,0,0,0,3,0,k__Bacteria;p__Proteobacteria;c__Alphaproteobacteria;o__Rhodospirillales;f__Acetobacteraceae;g__Acetobacter;s__Acetobacter_pasteurianus;
Pirellula_staleyi,3,2,2,0,2,k__Bacteria;p__Planctomycetes;c__Planctomycetacia;o__Planctomycetales;f__Planctomycetaceae;g__Pirellula;s__Pirellula_staleyi;
Paenibacillus_alginolyticus,3,1,1,3,0,k__Bacteria;p__Firmicutes;c__Bacilli;o__Bacillales;f__Paenibacillaceae;g__Paenibacillus;s__Paenibacillus_alginolyticus;
Sphingobacterium_sp._ML3W,3,0,0,0,0,k__Bacteria;p__Bacteroidetes;c__Sphingobacteriia;o__Sphingobacteriales;f__Sphingobacteriaceae;g__Sphingobacterium;s__Sphingobacterium_sp._ML3W;
delta_proteobacterium_LX33,3,2,1,1,1,k__Bacteria;p__Proteobacteria;c__Deltaproteobacteria;o__Myxococcales;f__Sandaracinaceae;g__unidentified_Sandaracinaceae;s__delta_proteobacterium_LX33;
Clostridium_sp._KC3,0,2,3,0,1,k__Bacteria;p__Firmicutes;c__Clostridia;o__Clostridiales;f__Clostridiaceae_1;g__Candidatus_Arthromitus;s__Clostridium_sp._KC3;
Thermoactinomyces_vulgaris,2,2,3,1,0,k__Bacteria;p__Firmicutes;c__Bacilli;o__Bacillales;f__Thermoactinomycetaceae;g__Thermoactinomyces;s__Thermoactinomyces_vulgaris;
bacterium_Ellin517,3,0,2,0,2,k__Bacteria;p__Verrucomicrobia;c__OPB35_soil_group;o__unidentified_OPB35_soil_group;f__unidentified_OPB35_soil_group;g__unidentified_OPB35_soil_group;s__bacterium_Ellin517;
Azospirillum_sp._enrichment_culture_clone_yan50,0,1,3,0,1,k__Bacteria;p__Cyanobacteria;c__ML635J-21;o__unidentified_ML635J-21;f__unidentified_ML635J-21;g__unidentified_ML635J-21;s__Azospirillum_sp._enrichment_culture_clone_yan50;
Bythopirellula_goksoyri,1,0,3,0,0,k__Bacteria;p__Planctomycetes;c__Planctomycetacia;o__Planctomycetales;f__Planctomycetaceae;g__Bythopirellula;s__Bythopirellula_goksoyri;
Aquimonas_sp._enrichment_culture_clone_03SUJ1,1,0,0,1,3,k__Bacteria;p__Proteobacteria;c__Gammaproteobacteria;o__Xanthomonadales;f__Xanthomonadaceae;g__unidentified_Xanthomonadaceae;s__Aquimonas_sp._enrichment_culture_clone_03SUJ1;
Lactobacillus_gasseri,1,0,1,1,3,k__Bacteria;p__Firmicutes;c__Bacilli;o__Lactobacillales;f__Lactobacillaceae;g__Lactobacillus;s__Lactobacillus_gasseri;
bacterium_EM0302,2,1,3,1,0,k__Bacteria;p__Proteobacteria;c__Alphaproteobacteria;o__Rhodospirillales;f__Acetobacteraceae;g__Roseomonas;s__bacterium_EM0302;
Rummeliibacillus_pycnus,1,2,1,1,2,k__Bacteria;p__Firmicutes;c__Bacilli;o__Bacillales;f__Planococcaceae;g__Rummeliibacillus;s__Rummeliibacillus_pycnus;
Microgenomates_bacterium_SCGC_AAA011-B20,0,0,0,2,0,k__Bacteria;p__Microgenomates;c__unidentified_Microgenomates;o__unidentified_Microgenomates;f__unidentified_Microgenomates;g__unidentified_Microgenomates;s__Microgenomates_bacterium_SCGC_AAA011-B20;
beta_proteobacterium_JGI_0001003-N18,2,0,1,2,1,k__Bacteria;p__Proteobacteria;c__Betaproteobacteria;o__SC-I-84;f__unidentified_SC-I-84;g__unidentified_SC-I-84;s__beta_proteobacterium_JGI_0001003-N18;
bacterium_ic1294,0,0,2,2,1,k__Bacteria;p__Firmicutes;c__Clostridia;o__Clostridiales;f__Lachnospiraceae;g__Lachnoclostridium;s__bacterium_ic1294;
Rhodopseudomonas_palustris,1,1,2,2,0,k__Bacteria;p__Proteobacteria;c__Alphaproteobacteria;o__Rhizobiales;f__Bradyrhizobiaceae;g__Rhodopseudomonas;s__Rhodopseudomonas_palustris;
Verrucomicrobia_bacterium_YJF2-48,0,2,0,0,0,k__Bacteria;p__TM6;c__unidentified_TM6;o__unidentified_TM6;f__unidentified_TM6;g__unidentified_TM6;s__Verrucomicrobia_bacterium_YJF2-48;
Pseudanabaena_sp._PCC_6802,0,0,0,0,2,k__Bacteria;p__Cyanobacteria;c__unidentified_Cyanobacteria;o__SubsectionIII;f__FamilyI;g__Phormidium;s__Pseudanabaena_sp._PCC_6802;
Sphingomonas_faeni,1,2,0,0,1,k__Bacteria;p__Proteobacteria;c__Alphaproteobacteria;o__Sphingomonadales;f__Sphingomonadaceae;g__Sphingomonas;s__Sphingomonas_faeni;
iron-reducing_bacterium_enrichment_culture_clone_HN70,2,0,0,1,1,k__Bacteria;p__Firmicutes;c__Clostridia;o__Clostridiales;f__Christensenellaceae;g__Christensenellaceae_R-7_group;s__iron-reducing_bacterium_enrichment_culture_clone_HN70;
Acidobacteria_bacterium_IGE-016,0,0,2,2,0,k__Bacteria;p__Acidobacteria;c__unidentified_Acidobacteria;o__Subgroup_3;f__unidentified_Acidobacteria;g__Bryobacter;s__Acidobacteria_bacterium_IGE-016;
saltmarsh_clone_LCP-67,2,0,1,0,1,k__Bacteria;p__Latescibacteria;c__unidentified_Latescibacteria;o__unidentified_Latescibacteria;f__unidentified_Latescibacteria;g__unidentified_Latescibacteria;s__saltmarsh_clone_LCP-67;
bacterium_enrichment_culture_clone_EBa8,0,2,0,1,0,k__Bacteria;p__Proteobacteria;c__Deltaproteobacteria;o__DTB120;f__unidentified_DTB120;g__unidentified_DTB120;s__bacterium_enrichment_culture_clone_EBa8;
soil_bacterium_WWH121,1,0,0,2,2,k__Bacteria;p__Hydrogenedentes;c__unidentified_Hydrogenedentes;o__unidentified_Hydrogenedentes;f__unidentified_Hydrogenedentes;g__unidentified_Hydrogenedentes;s__soil_bacterium_WWH121;
Oikopleura_dioica,2,1,2,0,1,k__Bacteria;p__Verrucomicrobia;c__OPB35_soil_group;o__unidentified_OPB35_soil_group;f__unidentified_OPB35_soil_group;g__unidentified_OPB35_soil_group;s__Oikopleura_dioica;
bacterium_enrichment_culture_clone_B126.2011.,2,0,0,0,0,k__Bacteria;p__Proteobacteria;c__Deltaproteobacteria;o__GR-WP33-30;f__unidentified_GR-WP33-30;g__unidentified_GR-WP33-30;s__bacterium_enrichment_culture_clone_B126.2011.;
Verrucomicrobia_bacterium_OR-59,0,1,2,1,0,k__Bacteria;p__Verrucomicrobia;c__Spartobacteria;o__Chthoniobacterales;f__DA101_soil_group;g__unidentified_DA101_soil_group;s__Verrucomicrobia_bacterium_OR-59;
saltmarsh_clone_LCP-6,0,0,0,1,2,k__Bacteria;p__Nitrospirae;c__Nitrospira;o__Nitrospirales;f__Nitrospiraceae;g__unidentified_Nitrospiraceae;s__saltmarsh_clone_LCP-6;
Lactobacillus_saerimneri,2,0,0,0,0,k__Bacteria;p__Firmicutes;c__Bacilli;o__Lactobacillales;f__Lactobacillaceae;g__Lactobacillus;s__Lactobacillus_saerimneri;
Lachnospiraceae_bacterium_S37_24_1,2,1,1,0,1,k__Bacteria;p__Firmicutes;c__Clostridia;o__Clostridiales;f__Lachnospiraceae;g__unidentified_Lachnospiraceae;s__Lachnospiraceae_bacterium_S37_24_1;
Pedomicrobium_ferrugineum,1,1,2,2,0,k__Bacteria;p__Proteobacteria;c__Alphaproteobacteria;o__Rhizobiales;f__Hyphomicrobiaceae;g__Pedomicrobium;s__Pedomicrobium_ferrugineum;
Xanthomonadaceae_bacterium_WWH73,2,1,1,1,0,k__Bacteria;p__Proteobacteria;c__SK259;o__unidentified_SK259;f__unidentified_SK259;g__unidentified_SK259;s__Xanthomonadaceae_bacterium_WWH73;
bacterium_LWQ8,0,0,0,0,2,k__Bacteria;p__Saccharibacteria;c__unidentified_Saccharibacteria;o__unidentified_Saccharibacteria;f__unidentified_Saccharibacteria;g__unidentified_Saccharibacteria;s__bacterium_LWQ8;
Sphingobacterium_multivorum,0,1,1,2,1,k__Bacteria;p__Bacteroidetes;c__Sphingobacteriia;o__Sphingobacteriales;f__Sphingobacteriaceae;g__Sphingobacterium;s__Sphingobacterium_multivorum;
Withania_somnifera,0,0,1,2,0,k__Bacteria;p__Proteobacteria;c__Alphaproteobacteria;o__Rickettsiales;f__Mitochondria;g__unidentified_Mitochondria;s__Withania_somnifera;
Clostridiaceae_bacterium_SH032,1,1,1,1,0,k__Bacteria;p__Firmicutes;c__Clostridia;o__Clostridiales;f__Lachnospiraceae;g__unidentified_Lachnospiraceae;s__Clostridiaceae_bacterium_SH032;
Bacteroidetes_bacterium_KJY,0,0,1,0,1,k__Bacteria;p__Bacteroidetes;c__Cytophagia;o__Cytophagales;f__Cytophagaceae;g__unidentified_Cytophagaceae;s__Bacteroidetes_bacterium_KJY;
Parasegetibacter_luojiensis,0,1,1,0,1,k__Bacteria;p__Bacteroidetes;c__Sphingobacteriia;o__Sphingobacteriales;f__Chitinophagaceae;g__Parasegetibacter;s__Parasegetibacter_luojiensis;
Desulfococcus_biacutus,1,0,1,1,1,k__Bacteria;p__Proteobacteria;c__Deltaproteobacteria;o__Desulfobacterales;f__Desulfobacteraceae;g__Desulfococcus;s__Desulfococcus_biacutus;
Treponema_berlinense,0,0,0,1,1,k__Bacteria;p__Spirochaetes;c__unidentified_Spirochaetes;o__Spirochaetales;f__Spirochaetaceae;g__Treponema_2;s__Treponema_berlinense;
Clostridiales_bacterium_canine_oral_taxon_085,1,1,1,0,0,k__Bacteria;p__Firmicutes;c__Clostridia;o__Clostridiales;f__Ruminococcaceae;g__unidentified_Ruminococcaceae;s__Clostridiales_bacterium_canine_oral_taxon_085;
Planctomyces_sp._423,0,1,1,0,0,k__Bacteria;p__Planctomycetes;c__Planctomycetacia;o__Planctomycetales;f__Planctomycetaceae;g__Planctomyces;s__Planctomyces_sp._423;
gamma_proteobacterium_Y-134,0,1,1,0,0,k__Bacteria;p__Proteobacteria;c__Gammaproteobacteria;o__Pseudomonadales;f__Moraxellaceae;g__unidentified_Moraxellaceae;s__gamma_proteobacterium_Y-134;
Collinsella_aerofaciens,0,1,0,1,1,k__Bacteria;p__Actinobacteria;c__Coriobacteriia;o__Coriobacteriales;f__Coriobacteriaceae;g__Collinsella;s__Collinsella_aerofaciens;
Others,55392,66723,60498,71212,40076,Others
