Taxonomy,Az,Jz,Sz,Tz,Xz,Tax_detail
Proteobacteria,45235,65447,32937,62449,25632,k__Bacteria;p__Proteobacteria;
Actinobacteria,2236,2939,12447,4242,6459,k__Bacteria;p__Actinobacteria;
Thaumarchaeota,264,4,7533,1797,12,k__Archaea;p__Thaumarchaeota;
Firmicutes,3901,2841,5766,3340,3300,k__Bacteria;p__Firmicutes;
Acidobacteria,1563,1228,1409,3805,4692,k__Bacteria;p__Acidobacteria;
Nitrospirae,1282,315,424,3200,391,k__Bacteria;p__Nitrospirae;
Chloroflexi,699,570,1099,1622,635,k__Bacteria;p__Chloroflexi;
Planctomycetes,495,261,811,1566,1601,k__Bacteria;p__Planctomycetes;
Bacteroidetes,1458,472,977,879,1242,k__Bacteria;p__Bacteroidetes;
Gemmatimonadetes,759,418,478,962,415,k__Bacteria;p__Gemmatimonadetes;
Thermomicrobia,54,41,519,38,34,k__Bacteria;p__Thermomicrobia;
Fusobacteria,1,293,5,3,8,k__Bacteria;p__Fusobacteria;
Verrucomicrobia,176,169,247,293,185,k__Bacteria;p__Verrucomicrobia;
Latescibacteria,69,32,46,260,24,k__Bacteria;p__Latescibacteria;
Tenericutes,2,50,0,89,176,k__Bacteria;p__Tenericutes;
Thermotogae,10,8,9,164,139,k__Bacteria;p__Thermotogae;
Armatimonadetes,30,22,52,153,35,k__Bacteria;p__Armatimonadetes;
Deinococcus-Thermus,37,14,130,20,18,k__Bacteria;p__Deinococcus-Thermus;
Chlorobi,63,42,94,84,46,k__Bacteria;p__Chlorobi;
Saccharibacteria,5,4,37,14,83,k__Bacteria;p__Saccharibacteria;
Euryarchaeota,11,1,4,76,0,k__Archaea;p__Euryarchaeota;
TM6,14,10,15,68,75,k__Bacteria;p__TM6;
Candidate_division_OP3,8,5,4,69,2,k__Bacteria;p__Candidate_division_OP3;
Chlamydiae,22,15,26,63,14,k__Bacteria;p__Chlamydiae;
Parcubacteria,0,0,53,6,0,k__Bacteria;p__Parcubacteria;
Cyanobacteria,13,16,30,34,15,k__Bacteria;p__Cyanobacteria;
JL-ETNP-Z39,9,29,10,11,2,k__Bacteria;p__JL-ETNP-Z39;
Hydrogenedentes,11,1,29,27,9,k__Bacteria;p__Hydrogenedentes;
Woesearchaeota_.DHVEG-6.,27,0,0,27,0,k__Archaea;p__Woesearchaeota_.DHVEG-6.;
Aminicenantes,11,4,16,10,4,k__Bacteria;p__Aminicenantes;
Elusimicrobia,2,1,5,15,2,k__Bacteria;p__Elusimicrobia;
Omnitrophica,2,0,1,11,1,k__Bacteria;p__Omnitrophica;
Lentisphaerae,10,5,7,1,2,k__Bacteria;p__Lentisphaerae;
Acetothermia,0,0,0,10,0,k__Bacteria;p__Acetothermia;
WD272,0,0,0,8,0,k__Bacteria;p__WD272;
SHA-109,1,0,3,8,0,k__Bacteria;p__SHA-109;
TA06,3,7,7,5,0,k__Bacteria;p__TA06;
WCHB1-60,1,0,0,2,7,k__Bacteria;p__WCHB1-60;
Spirochaetes,2,0,6,6,5,k__Bacteria;p__Spirochaetes;
Fibrobacteres,4,2,5,4,2,k__Bacteria;p__Fibrobacteres;
PAUC34f,1,0,0,4,1,k__Bacteria;p__PAUC34f;
Caldiserica,0,0,0,2,1,k__Bacteria;p__Caldiserica;
Microgenomates,0,0,0,2,0,k__Bacteria;p__Microgenomates;
Gracilibacteria,2,1,2,1,2,k__Bacteria;p__Gracilibacteria;
Deferribacteres,0,0,0,2,0,k__Bacteria;p__Deferribacteres;
Others,171,107,256,1269,177,Others
